decimalLatitude,decimalLongitude,eventDate,month,species
12.88333,123.6,2005-05-24 12:00:00+00:00,5,whale_shark
12.9333,123.533,2009-03-10 12:00:00+00:00,3,whale_shark
-21.9013,113.9015,2005-04-15 12:00:00+00:00,4,whale_shark
21.8467732571,-105.8858531853,2019-03-10 18:59:00+00:00,3,whale_shark
-23.0322,113.715,2008-05-01 12:00:00+00:00,5,whale_shark
28.9,-113.53333,2008-09-02 12:00:00+00:00,9,whale_shark
16.1392,-86.9041,2005-02-09 12:00:00+00:00,2,whale_shark
-21.9013,113.9015,2004-05-20 12:00:00+00:00,5,whale_shark
-21.9013,113.9015,2003-05-23 12:00:00+00:00,5,whale_shark
-11.7582527001,143.9447315658,2024-10-25 02:10:13+00:00,10,whale_shark
-23.9736,35.5122,2006-03-02 12:00:00+00:00,3,whale_shark
12.9333,123.533,2009-01-25 12:00:00+00:00,1,whale_shark
22.66389,121.03222,2007-05-09 12:00:00+00:00,5,whale_shark
-21.9013,113.9015,2009-06-09 12:00:00+00:00,6,whale_shark
24.2333586535,-110.5121484966,2017-11-20 17:10:00+00:00,11,whale_shark
12.9333,123.533,2009-01-21 12:00:00+00:00,1,whale_shark
12.9333,123.533,2008-03-29 12:00:00+00:00,3,whale_shark
12.91667,123.53333,2009-04-02 12:00:00+00:00,4,whale_shark
12.91667,123.53333,2009-03-24 12:00:00+00:00,3,whale_shark
-23.86667,35.55,2010-02-08 12:00:00+00:00,2,whale_shark
-21.9013,113.9015,2007-06-11 12:00:00+00:00,6,whale_shark
-23.0322,113.715,2008-02-04 12:00:00+00:00,2,whale_shark
9.5195359969,123.2527437044,2023-11-11 02:52:03+00:00,11,whale_shark
-21.9013,113.9015,2003-06-20 12:00:00+00:00,6,whale_shark
-21.9013,113.9015,2008-06-15 12:00:00+00:00,6,whale_shark
12.9333,123.533,2005-04-22 12:00:00+00:00,4,whale_shark
11.0,72.5,1928-07-02 00:00:00+00:00,7,whale_shark
-21.9013,113.9015,2002-06-25 12:00:00+00:00,6,whale_shark
29.01667,48.13334,2007-08-15 12:00:00+00:00,8,whale_shark
-21.9013,113.9015,2007-05-09 12:00:00+00:00,5,whale_shark
-21.9013,113.9015,2009-04-08 12:00:00+00:00,4,whale_shark
-23.0322,113.715,1999-06-02 12:00:00+00:00,6,whale_shark
10.33506,-85.48055,2007-01-05 12:00:00+00:00,1,whale_shark
-23.9736,35.5122,2006-10-18 12:00:00+00:00,10,whale_shark
-23.9736,35.5122,2009-02-17 12:00:00+00:00,2,whale_shark
-8.4833457229,118.0344879322,2026-07-10 01:09:00+00:00,7,whale_shark
20.9903892384,-156.6982023724,2019-02-23 19:10:23+00:00,2,whale_shark
12.9333,123.533,2008-04-08 12:00:00+00:00,4,whale_shark
-23.0322,113.715,2003-04-06 12:00:00+00:00,4,whale_shark
3.475,72.8375,2008-05-08 12:00:00+00:00,5,whale_shark
-21.9013,113.9015,2009-05-27 12:00:00+00:00,5,whale_shark
-23.9736,35.5122,2008-10-24 12:00:00+00:00,10,whale_shark
12.9333,123.533,2009-03-26 12:00:00+00:00,3,whale_shark
-23.9736,35.5122,2008-11-26 12:00:00+00:00,11,whale_shark
-23.9736,35.5122,2007-05-18 12:00:00+00:00,5,whale_shark
-21.9013,113.9015,2008-04-23 12:00:00+00:00,4,whale_shark
12.9333,123.533,2009-04-07 12:00:00+00:00,4,whale_shark
9.35,98.01667,2007-12-17 12:00:00+00:00,12,whale_shark
16.1309,-86.9209,2006-04-05 12:00:00+00:00,4,whale_shark
-10.88333,122.8,1995-12-16 12:00:00+00:00,12,whale_shark
21.55,-86.63333,2009-07-31 12:00:00+00:00,7,whale_shark
-21.9013,113.9015,2004-04-13 12:00:00+00:00,4,whale_shark
12.9333,123.533,2007-04-24 12:00:00+00:00,4,whale_shark
21.2418092084,-86.7199750533,2019-09-15 15:01:00+00:00,9,whale_shark
31.5648059192,-114.3027448654,2008-03-13 20:38:00+00:00,3,whale_shark
-23.9736,35.5122,2005-05-06 12:00:00+00:00,5,whale_shark
12.91667,123.53333,2009-03-15 12:00:00+00:00,3,whale_shark
24.2321108297,-110.3661850836,2006-07-06 17:02:00+00:00,7,whale_shark
-23.9736,35.5122,2006-02-17 12:00:00+00:00,2,whale_shark
28.9,-113.46667,2008-09-26 12:00:00+00:00,9,whale_shark
-23.0322,113.715,2009-05-01 12:00:00+00:00,5,whale_shark
12.9333,123.533,2008-03-15 12:00:00+00:00,3,whale_shark
-23.0322,113.715,2002-06-19 12:00:00+00:00,6,whale_shark
29.0299971667,-113.5534366667,2025-09-28 16:49:29+00:00,9,whale_shark
-21.9013,113.9015,2005-04-21 12:00:00+00:00,4,whale_shark
7.68333,-81.6,2010-01-16 12:00:00+00:00,1,whale_shark
-23.9736,35.5122,2007-04-16 12:00:00+00:00,4,whale_shark
-21.9013,113.9015,2008-05-29 12:00:00+00:00,5,whale_shark
-23.9736,35.5122,2005-10-28 12:00:00+00:00,10,whale_shark
-23.0322,113.715,2009-04-02 12:00:00+00:00,4,whale_shark
-21.9013,113.9015,2007-06-21 12:00:00+00:00,6,whale_shark
-21.9013,113.9015,2008-05-20 12:00:00+00:00,5,whale_shark
-21.9013,113.9015,2009-04-24 12:00:00+00:00,4,whale_shark
16.09108,-86.84148,2005-02-16 12:00:00+00:00,2,whale_shark
-21.9013,113.9015,2003-05-25 12:00:00+00:00,5,whale_shark
16.1392,-86.9041,2006-05-28 12:00:00+00:00,5,whale_shark
-23.9736,35.5122,2005-11-27 12:00:00+00:00,11,whale_shark
1.37944,-91.81111,2003-06-16 00:00:00+00:00,6,whale_shark
28.9951072624,-113.5094255581,2024-06-26 20:20:54+00:00,6,whale_shark
-21.88333,113.93333,2001-05-01 12:00:00+00:00,5,whale_shark
12.91667,123.51667,2009-04-23 12:00:00+00:00,4,whale_shark
23.8803538707,58.3572094204,2025-06-03 06:01:00+00:00,6,whale_shark
27.78333,34.21667,2007-11-22 12:00:00+00:00,11,whale_shark
12.9333,123.533,2010-02-10 12:00:00+00:00,2,whale_shark
-21.9013,113.9015,2003-06-14 12:00:00+00:00,6,whale_shark
12.9333,123.533,2009-04-03 12:00:00+00:00,4,whale_shark
-23.0322,113.715,2008-04-19 12:00:00+00:00,4,whale_shark
28.88333,-113.48333,2008-10-29 12:00:00+00:00,10,whale_shark
21.55,-86.63333,2009-09-03 12:00:00+00:00,9,whale_shark
-21.9013,113.9015,2008-05-22 12:00:00+00:00,5,whale_shark
12.91667,123.51667,2009-05-09 12:00:00+00:00,5,whale_shark
-12.8870611472,45.3207654027,2015-09-03 18:39:00+00:00,9,whale_shark
-21.9013,113.9015,2002-04-06 12:00:00+00:00,4,whale_shark
12.9333,123.533,2008-04-09 12:00:00+00:00,4,whale_shark
-23.0322,113.715,1999-05-30 12:00:00+00:00,5,whale_shark
16.06952,-87.00471,2009-01-11 12:00:00+00:00,1,whale_shark
12.9333,123.533,2008-04-21 12:00:00+00:00,4,whale_shark
21.71667,-87.05,2002-08-27 12:00:00+00:00,8,whale_shark
-10.592632431,105.5704040442,2019-12-25 02:48:00+00:00,12,whale_shark
-23.9736,35.5122,2009-02-25 12:00:00+00:00,2,whale_shark
-23.0322,113.715,2005-04-06 12:00:00+00:00,4,whale_shark
-21.9013,113.9015,2009-05-29 12:00:00+00:00,5,whale_shark
28.9456383333,-113.554795,2022-08-22 00:09:22+00:00,8,whale_shark
12.9333,123.533,2006-04-18 12:00:00+00:00,4,whale_shark
12.9333,123.533,2009-04-02 12:00:00+00:00,4,whale_shark
12.9,123.53333,2009-04-10 12:00:00+00:00,4,whale_shark
-23.9736,35.5122,2006-11-16 12:00:00+00:00,11,whale_shark
-21.9013,113.9015,1999-04-22 12:00:00+00:00,4,whale_shark
-21.9013,113.9015,2003-05-29 12:00:00+00:00,5,whale_shark
-15.9200695177,-5.6368674599,2016-01-10 19:54:00+00:00,1,whale_shark
-7.8234078785,39.6869478993,2014-11-20 07:18:00+00:00,11,whale_shark
12.9333,123.533,2009-02-23 12:00:00+00:00,2,whale_shark
12.91667,123.53333,2009-04-13 12:00:00+00:00,4,whale_shark
12.9333,123.533,2009-05-01 12:00:00+00:00,5,whale_shark
12.9333,123.533,2010-02-22 12:00:00+00:00,2,whale_shark
-23.9736,35.5122,2006-01-02 12:00:00+00:00,1,whale_shark
12.9333,123.533,2009-03-06 12:00:00+00:00,3,whale_shark
-21.9013,113.9015,2002-06-26 12:00:00+00:00,6,whale_shark
12.9333,123.533,2009-03-29 12:00:00+00:00,3,whale_shark
24.1856968027,-110.3446457982,2019-11-13 16:40:00+00:00,11,whale_shark
-23.9736,35.5122,2008-10-20 12:00:00+00:00,10,whale_shark
12.9333,123.533,2009-03-17 12:00:00+00:00,3,whale_shark
-23.0322,113.715,2009-04-29 12:00:00+00:00,4,whale_shark
-21.9013,113.9015,2007-04-27 12:00:00+00:00,4,whale_shark
-21.9013,113.9015,2003-04-10 12:00:00+00:00,4,whale_shark
12.9333,123.533,2010-02-07 12:00:00+00:00,2,whale_shark
-23.0322,113.715,2002-05-24 12:00:00+00:00,5,whale_shark
-21.9013,113.9015,2005-05-09 12:00:00+00:00,5,whale_shark
-23.0322,113.715,2009-06-01 12:00:00+00:00,6,whale_shark
-21.9013,113.9015,2005-06-24 12:00:00+00:00,6,whale_shark
-22.83628,113.6976,1999-04-28 12:00:00+00:00,4,whale_shark
-21.9013,113.9015,2007-06-04 12:00:00+00:00,6,whale_shark
-23.0322,113.715,2008-04-29 12:00:00+00:00,4,whale_shark
-21.9013,113.9015,2001-05-26 12:00:00+00:00,5,whale_shark
-21.9013,113.9015,2009-04-04 12:00:00+00:00,4,whale_shark
16.13507,-86.88602,2006-03-26 12:00:00+00:00,3,whale_shark
12.9333,123.533,2007-04-21 12:00:00+00:00,4,whale_shark
23.83861,57.96861,2008-10-04 12:00:00+00:00,10,whale_shark
1.6545785123,118.0761887405,2024-11-15 22:52:00+00:00,11,whale_shark
-23.9736,35.5122,2005-11-23 12:00:00+00:00,11,whale_shark
-2.5570498433,135.4727617377,2012-07-14 12:16:00+00:00,7,whale_shark
-21.96667,113.9,2009-05-27 12:00:00+00:00,5,whale_shark
-21.9013,113.9015,2009-04-12 12:00:00+00:00,4,whale_shark
12.93028,123.54278,2007-05-04 12:00:00+00:00,5,whale_shark
30.38333,-87.23333,2008-08-01 12:00:00+00:00,8,whale_shark
3.9169256522,73.5071884625,2013-11-12 04:20:35+00:00,11,whale_shark
-21.9013,113.9015,2004-05-19 12:00:00+00:00,5,whale_shark
-23.86667,35.55,2009-06-23 12:00:00+00:00,6,whale_shark
12.9333,123.533,2009-12-08 12:00:00+00:00,12,whale_shark
-21.9013,113.9015,2006-06-22 12:00:00+00:00,6,whale_shark
16.1392,-86.9041,2006-06-07 12:00:00+00:00,6,whale_shark
12.9333,123.533,2008-05-05 12:00:00+00:00,5,whale_shark
-8.2782336028,127.1115441418,2025-04-16 01:44:00+00:00,4,whale_shark
-21.9013,113.9015,2005-05-31 12:00:00+00:00,5,whale_shark
-23.9736,35.5122,2008-11-29 12:00:00+00:00,11,whale_shark
12.9333,123.533,2008-04-05 12:00:00+00:00,4,whale_shark
-23.9736,35.5122,2009-02-14 12:00:00+00:00,2,whale_shark
-23.9736,35.5122,2007-03-11 12:00:00+00:00,3,whale_shark
12.9333,123.533,2009-03-04 12:00:00+00:00,3,whale_shark
-21.9013,113.9015,2004-06-19 12:00:00+00:00,6,whale_shark
27.40243,-89.872,2008-07-22 12:00:00+00:00,7,whale_shark
-23.9736,35.5122,2007-01-31 12:00:00+00:00,1,whale_shark
-21.9013,113.9015,2005-04-11 12:00:00+00:00,4,whale_shark
12.9333,123.533,2009-04-06 12:00:00+00:00,4,whale_shark
-21.8964,113.93288,1996-04-05 12:00:00+00:00,4,whale_shark
24.2915402859,-110.5954859448,2017-01-16 01:09:00+00:00,1,whale_shark
12.9333,123.533,2008-03-24 12:00:00+00:00,3,whale_shark
-21.9013,113.9015,2005-06-26 12:00:00+00:00,6,whale_shark
12.9333,123.533,2007-04-20 12:00:00+00:00,4,whale_shark
-21.9013,113.9015,2004-06-25 12:00:00+00:00,6,whale_shark
-21.92462,113.91592,1996-03-28 12:00:00+00:00,3,whale_shark
20.0776942137,40.2414562927,2026-04-11 05:14:00+00:00,4,whale_shark
-21.9013,113.9015,2000-07-02 00:00:00+00:00,7,whale_shark
-23.91667,35.53333,2008-12-10 12:00:00+00:00,12,whale_shark
-21.9013,113.9015,2009-05-15 12:00:00+00:00,5,whale_shark
-21.9013,113.9015,2005-07-15 12:00:00+00:00,7,whale_shark
21.75,-87.13333,2005-07-10 12:00:00+00:00,7,whale_shark
21.3248845137,-86.7675066323,2018-07-08 14:16:51+00:00,7,whale_shark
25.30635,34.86325,2005-10-16 12:00:00+00:00,10,whale_shark
12.9333,123.533,2008-05-06 12:00:00+00:00,5,whale_shark
-23.9736,35.5122,2003-11-23 12:00:00+00:00,11,whale_shark
-23.86794,35.39028,2005-05-15 12:00:00+00:00,5,whale_shark
24.3259068129,-110.5674284945,2019-11-02 11:38:58+00:00,11,whale_shark
-21.9013,113.9015,2009-06-25 12:00:00+00:00,6,whale_shark
19.0119043,-112.0670123,2018-06-30 16:03:00+00:00,6,whale_shark
-21.9013,113.9015,2003-05-10 12:00:00+00:00,5,whale_shark
21.2374557747,-86.2346875371,2025-07-20 16:03:00+00:00,7,whale_shark
28.89562,-113.4802783333,2024-07-02 19:35:52+00:00,7,whale_shark
-21.9013,113.9015,2009-04-25 12:00:00+00:00,4,whale_shark
12.9333,123.533,2009-04-21 12:00:00+00:00,4,whale_shark
12.9333,123.533,2006-05-03 12:00:00+00:00,5,whale_shark
3.6998076536,9.3370340665,2020-10-23 12:44:00+00:00,10,whale_shark
-23.9736,35.5122,2007-04-24 12:00:00+00:00,4,whale_shark
-21.9013,113.9015,2006-04-29 12:00:00+00:00,4,whale_shark
12.9333,123.533,2006-04-16 00:00:00+00:00,4,whale_shark
-23.0322,113.715,2003-05-10 12:00:00+00:00,5,whale_shark
-22.8195720577,113.6942797707,2019-06-14 05:35:03+00:00,6,whale_shark
12.0,123.0,2009-04-10 12:00:00+00:00,4,whale_shark
16.153175188,-95.2145529538,2022-11-16 14:52:36+00:00,11,whale_shark
25.6676609039,-111.1693415368,2016-02-16 19:58:00+00:00,2,whale_shark
12.9333,123.533,2010-02-26 12:00:00+00:00,2,whale_shark
6.2119773496,-77.5804529815,2025-04-16 20:32:00+00:00,4,whale_shark
-23.9736,35.5122,2005-10-23 12:00:00+00:00,10,whale_shark
12.9,123.58334,2009-04-09 12:00:00+00:00,4,whale_shark
-21.9013,113.9015,2008-06-19 12:00:00+00:00,6,whale_shark
12.9333,123.533,2008-02-03 12:00:00+00:00,2,whale_shark
12.9333,123.533,2010-02-19 12:00:00+00:00,2,whale_shark
-21.9013,113.9015,2007-07-04 12:00:00+00:00,7,whale_shark
-23.0322,113.715,2007-04-02 12:00:00+00:00,4,whale_shark
12.9333,123.533,2008-03-10 12:00:00+00:00,3,whale_shark
-23.0322,113.715,2003-03-31 12:00:00+00:00,3,whale_shark
-23.9736,35.5122,2008-03-06 12:00:00+00:00,3,whale_shark
21.5249414381,-86.6193068248,2017-07-31 15:49:00+00:00,7,whale_shark
-21.9013,113.9015,2004-05-06 12:00:00+00:00,5,whale_shark
3.9519403291,72.8784001376,2022-11-16 11:21:00+00:00,11,whale_shark
-23.9736,35.5122,2008-10-27 12:00:00+00:00,10,whale_shark
-23.9736,35.5122,2007-06-17 12:00:00+00:00,6,whale_shark
-21.8458,113.96665,2007-04-27 12:00:00+00:00,4,whale_shark
12.92667,123.54222,2008-02-03 12:00:00+00:00,2,whale_shark
-23.9736,35.5122,2009-07-04 12:00:00+00:00,7,whale_shark
-23.9736,35.5122,2005-11-19 12:00:00+00:00,11,whale_shark
-19.30445,147.62222,2009-01-03 12:00:00+00:00,1,whale_shark
29.0420021234,-113.4349990136,2018-10-18 15:40:00+00:00,10,whale_shark
-21.9013,113.9015,2003-05-01 12:00:00+00:00,5,whale_shark
-21.9013,113.9015,2004-05-22 12:00:00+00:00,5,whale_shark
-21.9013,113.9015,2003-06-11 12:00:00+00:00,6,whale_shark
-21.9013,113.9015,2009-05-21 12:00:00+00:00,5,whale_shark
-4.3734053015,55.9061451659,2026-05-11 00:12:38+00:00,5,whale_shark
-8.3942622049,117.6192808273,2026-05-19 20:48:00+00:00,5,whale_shark
-23.89472,35.54472,2008-10-21 12:00:00+00:00,10,whale_shark
-21.9013,113.9015,2006-05-06 12:00:00+00:00,5,whale_shark
-21.6155430351,113.6708608951,2020-07-22 12:01:00+00:00,7,whale_shark
12.9333,123.533,2009-05-16 12:00:00+00:00,5,whale_shark
28.9,-113.46667,2008-10-01 12:00:00+00:00,10,whale_shark
-21.9427973047,113.8954898384,2024-07-09 04:54:46+00:00,7,whale_shark
-21.9013,113.9015,2005-05-11 12:00:00+00:00,5,whale_shark
21.58333,-86.68333,2009-06-12 12:00:00+00:00,6,whale_shark
-21.9013,113.9015,2008-04-21 12:00:00+00:00,4,whale_shark
-21.96027,113.9108,2007-06-09 12:00:00+00:00,6,whale_shark
-21.9013,113.9015,2008-06-14 12:00:00+00:00,6,whale_shark
-21.9013,113.9015,2004-04-16 12:00:00+00:00,4,whale_shark
12.9333,123.533,2009-04-04 12:00:00+00:00,4,whale_shark
-21.9013,113.9015,2009-05-03 12:00:00+00:00,5,whale_shark
21.5727483424,-86.9009908399,2019-07-06 08:55:04+00:00,7,whale_shark
-21.9013,113.9015,2008-07-27 12:00:00+00:00,7,whale_shark
19.6162410853,-156.1509107069,2021-12-01 08:43:38+00:00,12,whale_shark
-21.9013,113.9015,2003-06-01 12:00:00+00:00,6,whale_shark
-21.9013,113.9015,2009-06-06 12:00:00+00:00,6,whale_shark
-23.9736,35.5122,2005-11-21 12:00:00+00:00,11,whale_shark
-21.9013,113.9015,2007-05-12 12:00:00+00:00,5,whale_shark
24.4304796275,-110.3247070313,2017-11-20 17:12:00+00:00,11,whale_shark
-21.9013,113.9015,2005-05-22 12:00:00+00:00,5,whale_shark
-21.9013,113.9015,2006-05-11 12:00:00+00:00,5,whale_shark
12.9333,123.533,2009-03-23 12:00:00+00:00,3,whale_shark
12.9333,123.533,2008-03-25 12:00:00+00:00,3,whale_shark
-23.9736,35.5122,2006-11-29 12:00:00+00:00,11,whale_shark
28.88333,-113.5,2008-10-01 12:00:00+00:00,10,whale_shark
-21.9013,113.9015,2006-05-25 12:00:00+00:00,5,whale_shark
-23.0322,113.715,2007-05-29 12:00:00+00:00,5,whale_shark
16.5,-87.96667,2009-04-14 12:00:00+00:00,4,whale_shark
-21.9013,113.9015,2008-04-09 12:00:00+00:00,4,whale_shark
9.531595178,123.2562225787,2025-07-05 19:04:00+00:00,7,whale_shark
12.9333,123.533,2009-05-08 12:00:00+00:00,5,whale_shark
12.9333,123.533,2008-03-09 12:00:00+00:00,3,whale_shark
-4.7245492769,55.3127061843,2024-08-29 07:54:00+00:00,8,whale_shark
12.9333,123.533,2007-05-23 12:00:00+00:00,5,whale_shark
-22.84722,113.725,2008-04-16 12:00:00+00:00,4,whale_shark
3.49167,72.9,2008-04-24 12:00:00+00:00,4,whale_shark
25.11667,55.15,2005-07-16 12:00:00+00:00,7,whale_shark
-23.9736,35.5122,2006-02-16 12:00:00+00:00,2,whale_shark
-23.9736,35.5122,2005-12-17 12:00:00+00:00,12,whale_shark
-21.9013,113.9015,2009-04-21 12:00:00+00:00,4,whale_shark
9.93333,99.98333,2007-06-27 12:00:00+00:00,6,whale_shark
16.1392,-86.9041,2007-04-21 12:00:00+00:00,4,whale_shark
-8.6661277546,118.1081472461,2026-07-11 22:00:00+00:00,7,whale_shark
28.88333,-113.51667,2008-10-27 12:00:00+00:00,10,whale_shark
-21.7201096268,113.9634173497,2017-07-21 05:36:00+00:00,7,whale_shark
9.5196560765,124.0398795315,2022-08-11 12:09:33+00:00,8,whale_shark
24.1795222361,-110.355508109,2022-03-25 09:54:38+00:00,3,whale_shark
3.5282381713,72.8785422699,2021-07-27 05:22:00+00:00,7,whale_shark
16.13215,-86.86355,2005-04-11 12:00:00+00:00,4,whale_shark
-8.1679115869,118.7855706896,2020-11-10 22:07:50+00:00,11,whale_shark
-21.9013,113.9015,2009-06-16 00:00:00+00:00,6,whale_shark
-7.76667,113.26667,2010-02-10 12:00:00+00:00,2,whale_shark
-21.92377,113.9226,1996-04-28 12:00:00+00:00,4,whale_shark
-23.0322,113.715,2009-04-07 12:00:00+00:00,4,whale_shark
-22.00142,113.89848,1997-04-27 12:00:00+00:00,4,whale_shark
12.6528806595,121.6156155872,2024-08-24 10:01:27+00:00,8,whale_shark
21.73333,-87.08334,2004-08-11 12:00:00+00:00,8,whale_shark
-21.9614,113.90745,2005-07-01 12:00:00+00:00,7,whale_shark
12.9333,123.533,2008-04-06 12:00:00+00:00,4,whale_shark
12.9333,123.533,2006-04-10 12:00:00+00:00,4,whale_shark
-10.5019,105.6772,2006-01-10 12:00:00+00:00,1,whale_shark
-21.9013,113.9015,2003-05-06 12:00:00+00:00,5,whale_shark
-23.0322,113.715,2001-04-01 12:00:00+00:00,4,whale_shark
12.9333,123.533,2008-04-25 12:00:00+00:00,4,whale_shark
12.9333,123.533,2008-04-26 12:00:00+00:00,4,whale_shark
20.69306,-156.55083,2009-01-05 12:00:00+00:00,1,whale_shark
-21.9013,113.9015,2008-04-24 12:00:00+00:00,4,whale_shark
-23.0322,113.715,2009-04-21 12:00:00+00:00,4,whale_shark
-8.1331152455,117.594545538,2023-06-28 22:34:00+00:00,6,whale_shark
-23.9736,35.5122,2006-10-15 12:00:00+00:00,10,whale_shark
12.9333,123.533,2007-04-22 12:00:00+00:00,4,whale_shark
-23.0322,113.715,2009-04-06 12:00:00+00:00,4,whale_shark
12.9333,123.533,2008-04-10 12:00:00+00:00,4,whale_shark
-23.9736,35.5122,2008-02-27 12:00:00+00:00,2,whale_shark
-21.9013,113.9015,2008-04-07 12:00:00+00:00,4,whale_shark
16.830547917,82.303586589,2015-02-21 12:42:21+00:00,2,whale_shark
-23.0322,113.715,2008-06-01 12:00:00+00:00,6,whale_shark
12.9333,123.533,2009-03-19 12:00:00+00:00,3,whale_shark
-21.9013,113.9015,2004-04-25 12:00:00+00:00,4,whale_shark
-28.015,-95.875,2006-06-10 12:00:00+00:00,6,whale_shark
-23.9736,35.5122,2008-09-23 12:00:00+00:00,9,whale_shark
-21.9013,113.9015,2005-05-14 12:00:00+00:00,5,whale_shark
21.4400116774,-86.8531434121,2017-08-01 15:58:00+00:00,8,whale_shark
-21.8362505848,113.8227944189,2016-07-20 05:20:00+00:00,7,whale_shark
-23.0322,113.715,2007-03-25 12:00:00+00:00,3,whale_shark
-23.0322,113.715,2008-04-13 12:00:00+00:00,4,whale_shark
12.92417,123.56277,2007-06-05 12:00:00+00:00,6,whale_shark
28.8923700022,-113.5133883333,2024-08-04 22:10:22+00:00,8,whale_shark
-21.9013,113.9015,2004-05-13 12:00:00+00:00,5,whale_shark
-10.5019,105.6772,2005-01-13 12:00:00+00:00,1,whale_shark
16.06355,-86.82037,2005-02-13 12:00:00+00:00,2,whale_shark
-21.9013,113.9015,2005-06-27 12:00:00+00:00,6,whale_shark
-21.9013,113.9015,2008-05-08 12:00:00+00:00,5,whale_shark
-21.9013,113.9015,2009-06-24 12:00:00+00:00,6,whale_shark
24.1886938776,-110.4632880806,2022-04-03 01:39:00+00:00,4,whale_shark
-21.9013,113.9015,2007-06-18 12:00:00+00:00,6,whale_shark
-21.9013,113.9015,2009-05-01 12:00:00+00:00,5,whale_shark
-21.9013,113.9015,2006-06-14 12:00:00+00:00,6,whale_shark
-21.9013,113.9015,2009-05-25 12:00:00+00:00,5,whale_shark
-23.9736,35.5122,2005-05-14 12:00:00+00:00,5,whale_shark
-21.9013,113.9015,2009-04-16 12:00:00+00:00,4,whale_shark
12.9333,123.533,2009-05-04 12:00:00+00:00,5,whale_shark
-23.9736,35.5122,2006-09-28 12:00:00+00:00,9,whale_shark
-21.9013,113.9015,2009-06-02 12:00:00+00:00,6,whale_shark
-23.9736,35.5122,2006-02-09 12:00:00+00:00,2,whale_shark
24.1769451349,-110.3776969869,2019-02-27 04:46:23+00:00,2,whale_shark
3.47272,72.79905,2006-04-21 12:00:00+00:00,4,whale_shark
-23.9736,35.5122,2005-12-03 12:00:00+00:00,12,whale_shark
-21.95,113.9,2009-05-15 12:00:00+00:00,5,whale_shark
12.9333,123.533,2007-05-09 12:00:00+00:00,5,whale_shark
16.6756913955,-87.9322332944,2013-05-27 21:27:00+00:00,5,whale_shark
-23.9736,35.5122,2007-06-05 12:00:00+00:00,6,whale_shark
28.88333,-113.5,2008-11-17 12:00:00+00:00,11,whale_shark
-23.0322,113.715,2007-05-17 12:00:00+00:00,5,whale_shark
-21.96258,113.90678,2007-05-17 12:00:00+00:00,5,whale_shark
-23.9736,35.5122,2005-10-31 12:00:00+00:00,10,whale_shark
-23.0322,113.715,2009-04-12 12:00:00+00:00,4,whale_shark
-21.9013,113.9015,2000-05-08 12:00:00+00:00,5,whale_shark
-21.9013,113.9015,2006-05-02 12:00:00+00:00,5,whale_shark
-23.86889,35.55611,2008-09-11 12:00:00+00:00,9,whale_shark
-3.2369513306,134.8311329458,2025-11-19 23:06:49+00:00,11,whale_shark
-21.9013,113.9015,2006-06-07 12:00:00+00:00,6,whale_shark
21.46667,-86.71667,2009-01-16 12:00:00+00:00,1,whale_shark
-23.9736,35.5122,2008-04-10 12:00:00+00:00,4,whale_shark
-21.9013,113.9015,2001-05-18 12:00:00+00:00,5,whale_shark
12.91667,123.51667,2009-05-13 12:00:00+00:00,5,whale_shark
4.5048671886,118.9905312005,2023-06-15 11:11:00+00:00,6,whale_shark
12.92611,123.56223,2007-06-05 12:00:00+00:00,6,whale_shark
12.9333,123.533,2009-02-08 12:00:00+00:00,2,whale_shark
-21.91667,113.9,2001-05-09 12:00:00+00:00,5,whale_shark
12.91667,123.53333,2009-05-14 12:00:00+00:00,5,whale_shark
-21.9013,113.9015,2004-06-28 12:00:00+00:00,6,whale_shark
12.9333,123.533,2008-04-19 12:00:00+00:00,4,whale_shark
3.46667,72.81667,2005-07-22 12:00:00+00:00,7,whale_shark
-23.0322,113.715,2003-05-11 12:00:00+00:00,5,whale_shark
16.1392,-86.9041,2009-03-24 12:00:00+00:00,3,whale_shark
24.3104408126,-110.5074198652,2026-01-24 08:11:58+00:00,1,whale_shark
16.1392,-86.9041,2005-05-02 12:00:00+00:00,5,whale_shark
1.61667,-92.0,2007-07-10 12:00:00+00:00,7,whale_shark
-34.2000007629,18.3733005524,1991-03-21 12:00:00+00:00,3,whale_shark
-21.9013,113.9015,2008-06-21 12:00:00+00:00,6,whale_shark
26.9303818852,33.9578885806,2023-11-14 13:43:00+00:00,11,whale_shark
-21.9013,113.9015,1998-04-13 12:00:00+00:00,4,whale_shark
-13.31667,48.25,2005-11-28 12:00:00+00:00,11,whale_shark
12.9333,123.533,2008-03-08 12:00:00+00:00,3,whale_shark
-21.9013,113.9015,2008-07-25 12:00:00+00:00,7,whale_shark
-21.9013,113.9015,2005-05-21 12:00:00+00:00,5,whale_shark
24.1773851485,-110.3624402952,2024-12-05 18:20:14+00:00,12,whale_shark
-22.00692,113.89989,2008-05-13 12:00:00+00:00,5,whale_shark
9.5222813998,123.5366850863,2023-07-06 07:27:00+00:00,7,whale_shark
-23.9736,35.5122,2006-02-12 12:00:00+00:00,2,whale_shark
-23.0322,113.715,2005-04-14 12:00:00+00:00,4,whale_shark
12.9333,123.533,2008-04-29 12:00:00+00:00,4,whale_shark
12.9333,123.533,2007-04-19 12:00:00+00:00,4,whale_shark
16.1392,-86.9041,2007-03-21 12:00:00+00:00,3,whale_shark
-21.96892,113.90822,1996-04-14 12:00:00+00:00,4,whale_shark
-10.46639,105.63639,2007-04-22 12:00:00+00:00,4,whale_shark
-21.9013,113.9015,2008-05-30 12:00:00+00:00,5,whale_shark
-22.91915,113.76072,2003-04-14 12:00:00+00:00,4,whale_shark
30.01667,-85.7,2009-08-08 12:00:00+00:00,8,whale_shark
21.7100493926,-87.2920956726,2025-09-11 17:51:31+00:00,9,whale_shark
-22.3,113.75,2009-05-05 12:00:00+00:00,5,whale_shark
9.3637,97.98362,2007-03-01 12:00:00+00:00,3,whale_shark
12.91667,123.53333,2009-03-29 12:00:00+00:00,3,whale_shark
-23.9736,35.5122,2006-12-28 12:00:00+00:00,12,whale_shark
3.46728,72.82143,2006-05-14 12:00:00+00:00,5,whale_shark
-21.9013,113.9015,2005-05-28 12:00:00+00:00,5,whale_shark
16.1392,-86.9041,2007-04-17 12:00:00+00:00,4,whale_shark
-21.9013,113.9015,2008-04-11 12:00:00+00:00,4,whale_shark
12.93333,123.53333,2009-03-21 12:00:00+00:00,3,whale_shark
-23.0322,113.715,2008-05-23 12:00:00+00:00,5,whale_shark
-23.86667,35.55,2008-11-27 12:00:00+00:00,11,whale_shark
12.9333,123.533,2005-04-15 12:00:00+00:00,4,whale_shark
3.46678,72.81944,2007-04-30 12:00:00+00:00,4,whale_shark
-21.9013,113.9015,2009-04-14 12:00:00+00:00,4,whale_shark
-13.4135880212,48.0940352674,2025-10-12 13:23:18+00:00,10,whale_shark
12.9333,123.533,2009-03-01 12:00:00+00:00,3,whale_shark
12.9333,123.533,2008-05-01 12:00:00+00:00,5,whale_shark
-23.9736,35.5122,2009-04-27 12:00:00+00:00,4,whale_shark
12.9333,123.533,2008-05-19 12:00:00+00:00,5,whale_shark
12.9333,123.533,2008-05-08 12:00:00+00:00,5,whale_shark
12.91667,123.51667,2009-03-18 12:00:00+00:00,3,whale_shark
3.3476736835,73.2882058976,2008-09-16 06:13:00+00:00,9,whale_shark
12.9333,123.533,2008-03-22 12:00:00+00:00,3,whale_shark
-23.9736,35.5122,2006-02-11 12:00:00+00:00,2,whale_shark
25.12929458,-112.1791342212,2020-03-17 17:05:00+00:00,3,whale_shark
12.9333,123.533,2006-04-28 12:00:00+00:00,4,whale_shark
12.9333,123.533,2006-04-12 12:00:00+00:00,4,whale_shark
12.9333,123.533,2009-06-02 12:00:00+00:00,6,whale_shark
3.47152,72.79775,2006-05-12 12:00:00+00:00,5,whale_shark
-21.9013,113.9015,2002-05-28 12:00:00+00:00,5,whale_shark
-21.9013,113.9015,2003-04-30 12:00:00+00:00,4,whale_shark
12.9333,123.533,2009-04-05 12:00:00+00:00,4,whale_shark
-21.96802,113.90182,2007-06-13 12:00:00+00:00,6,whale_shark
16.0126864624,-86.9955374459,2006-11-14 14:58:30+00:00,11,whale_shark
16.1392,-86.9041,2009-03-20 12:00:00+00:00,3,whale_shark
9.99912,99.77917,2005-08-27 12:00:00+00:00,8,whale_shark
12.9333,123.533,2009-04-23 12:00:00+00:00,4,whale_shark
16.12828,-86.85315,2008-02-27 12:00:00+00:00,2,whale_shark
-21.9013,113.9015,2005-06-01 12:00:00+00:00,6,whale_shark
-21.89365,113.93072,2007-04-29 12:00:00+00:00,4,whale_shark
12.9333,123.533,2009-04-09 12:00:00+00:00,4,whale_shark
9.4075036587,123.2937547883,2024-07-25 09:06:00+00:00,7,whale_shark
24.1774533333,-110.3544166667,2018-02-20 21:24:00+00:00,2,whale_shark
12.9333,123.533,2006-04-01 12:00:00+00:00,4,whale_shark
-21.9013,113.9015,2004-05-16 12:00:00+00:00,5,whale_shark
21.7751676776,-86.7343315847,2023-06-20 20:19:18+00:00,6,whale_shark
12.9333,123.533,2009-06-01 12:00:00+00:00,6,whale_shark
-23.0322,113.715,2008-05-22 12:00:00+00:00,5,whale_shark
12.9333,123.533,2009-02-24 12:00:00+00:00,2,whale_shark
12.93333,123.53333,2009-04-10 12:00:00+00:00,4,whale_shark
12.9333,123.533,2008-04-14 12:00:00+00:00,4,whale_shark
-22.04888,113.88148,2008-06-19 12:00:00+00:00,6,whale_shark
7.7334767537,-81.6925417688,2019-02-03 05:34:31+00:00,2,whale_shark
16.1392,-86.9041,2004-02-14 12:00:00+00:00,2,whale_shark
-21.9013,113.9015,1992-04-16 00:00:00+00:00,4,whale_shark
12.9333,123.533,2008-03-21 12:00:00+00:00,3,whale_shark
-12.23333,122.86667,1996-12-12 12:00:00+00:00,12,whale_shark
16.1392,-86.9041,2005-04-27 12:00:00+00:00,4,whale_shark
3.47222,72.84084,2008-02-03 12:00:00+00:00,2,whale_shark
-21.90352,113.90993,2005-04-17 12:00:00+00:00,4,whale_shark
-23.86667,35.55,2009-06-24 12:00:00+00:00,6,whale_shark
-21.9013,113.9015,2006-05-16 12:00:00+00:00,5,whale_shark
-23.9736,35.5122,2008-10-28 12:00:00+00:00,10,whale_shark
-23.0322,113.715,2008-05-29 12:00:00+00:00,5,whale_shark
-21.9013,113.9015,2006-04-18 12:00:00+00:00,4,whale_shark
-21.9753538992,113.9175982463,2012-07-23 14:22:00+00:00,7,whale_shark
16.13333,-86.93333,2009-03-16 12:00:00+00:00,3,whale_shark
21.6193658345,-87.28220803,2023-08-16 15:22:00+00:00,8,whale_shark
-0.22000397,-159.9204704762,2012-03-24 02:04:00+00:00,3,whale_shark
-23.9736,35.5122,2007-04-13 12:00:00+00:00,4,whale_shark
-23.0322,113.715,2008-05-10 12:00:00+00:00,5,whale_shark
-23.9736,35.5122,2006-12-01 12:00:00+00:00,12,whale_shark
12.9333,123.533,2008-04-18 12:00:00+00:00,4,whale_shark
-10.5019,105.6772,1996-01-12 12:00:00+00:00,1,whale_shark
12.9333,123.533,2006-04-19 12:00:00+00:00,4,whale_shark
-23.0322,113.715,2005-04-11 12:00:00+00:00,4,whale_shark
24.205946159,-110.4224716512,2026-03-02 09:34:00+00:00,3,whale_shark
24.177780006,-110.3508133333,2024-11-28 17:27:00+00:00,11,whale_shark
-21.9013,113.9015,2006-06-15 12:00:00+00:00,6,whale_shark
39.4234985992,-71.9141742209,2023-08-14 15:53:00+00:00,8,whale_shark
16.1392,-86.9041,2009-09-16 12:00:00+00:00,9,whale_shark
-21.9013,113.9015,2005-06-25 12:00:00+00:00,6,whale_shark
-21.83508,113.88538,2007-05-19 12:00:00+00:00,5,whale_shark
-21.9013,113.9015,2004-03-16 12:00:00+00:00,3,whale_shark
-21.88333,113.94,1995-03-18 12:00:00+00:00,3,whale_shark
-23.0322,113.715,2003-06-11 12:00:00+00:00,6,whale_shark
-8.3120565888,117.7564000082,2026-05-19 20:44:00+00:00,5,whale_shark
-21.9013,113.9015,2002-05-15 12:00:00+00:00,5,whale_shark
-21.9852,113.90642,1996-04-08 12:00:00+00:00,4,whale_shark
3.475,72.825,2008-11-13 12:00:00+00:00,11,whale_shark
0.5760263378,123.0264759218,2025-06-18 22:52:06+00:00,6,whale_shark
-23.9736,35.5122,2008-02-29 12:00:00+00:00,2,whale_shark
3.475,72.8375,2008-11-20 12:00:00+00:00,11,whale_shark
-23.92972,35.53361,2008-10-01 12:00:00+00:00,10,whale_shark
11.57652,42.8215,2009-01-25 12:00:00+00:00,1,whale_shark
-23.88333,35.55,2009-05-26 12:00:00+00:00,5,whale_shark
-21.9702,113.90105,2007-05-17 12:00:00+00:00,5,whale_shark
11.56667,42.76667,2008-12-21 12:00:00+00:00,12,whale_shark
12.9333,123.533,2009-03-31 12:00:00+00:00,3,whale_shark
20.29565237,38.4020688422,2016-06-18 03:13:00+00:00,6,whale_shark
-19.9,115.11667,2009-06-11 12:00:00+00:00,6,whale_shark
-21.9013,113.9015,2007-06-24 12:00:00+00:00,6,whale_shark
-23.9736,35.5122,2008-01-22 12:00:00+00:00,1,whale_shark
-23.88333,35.53333,2010-02-24 12:00:00+00:00,2,whale_shark
-23.0322,113.715,2004-04-16 00:00:00+00:00,4,whale_shark
12.9333,123.533,2009-05-19 12:00:00+00:00,5,whale_shark
12.9333,123.533,2008-03-06 12:00:00+00:00,3,whale_shark
-21.9013,113.9015,2009-06-20 12:00:00+00:00,6,whale_shark
21.36667,-86.63333,2009-07-31 12:00:00+00:00,7,whale_shark
12.9333,123.533,2007-04-13 12:00:00+00:00,4,whale_shark
-21.9013,113.9015,2009-05-24 12:00:00+00:00,5,whale_shark
-21.9013,113.9015,2007-06-22 12:00:00+00:00,6,whale_shark
-21.9013,113.9015,2005-06-02 12:00:00+00:00,6,whale_shark
10.11667,99.8,2009-05-09 12:00:00+00:00,5,whale_shark
-21.9013,113.9015,2009-04-07 12:00:00+00:00,4,whale_shark
-22.97667,113.75278,2008-04-19 12:00:00+00:00,4,whale_shark
8.8660617357,119.8567274472,2026-05-15 23:27:50+00:00,5,whale_shark
-23.08333,-40.995,2008-03-28 12:00:00+00:00,3,whale_shark
-21.9013,113.9015,2004-06-23 12:00:00+00:00,6,whale_shark
24.1784023242,-110.4293789133,2022-12-26 19:53:00+00:00,12,whale_shark
12.9333,123.533,2009-02-12 12:00:00+00:00,2,whale_shark
12.93722,123.55222,2007-05-04 12:00:00+00:00,5,whale_shark
12.9333,123.533,2006-04-05 12:00:00+00:00,4,whale_shark
-21.9013,113.9015,2008-06-11 12:00:00+00:00,6,whale_shark
12.9333,123.533,2009-04-28 12:00:00+00:00,4,whale_shark
16.1392,-86.9041,2006-06-22 12:00:00+00:00,6,whale_shark
-21.9013,113.9015,2008-04-08 12:00:00+00:00,4,whale_shark
12.9333,123.533,2008-02-01 12:00:00+00:00,2,whale_shark
-21.9013,113.9015,2004-06-08 12:00:00+00:00,6,whale_shark
-23.9736,35.5122,2005-01-23 12:00:00+00:00,1,whale_shark
1.675,-91.99861,2007-08-16 12:00:00+00:00,8,whale_shark
-21.9013,113.9015,2009-07-10 12:00:00+00:00,7,whale_shark
12.9333,123.533,2007-04-23 12:00:00+00:00,4,whale_shark
12.9333,123.533,2008-03-07 12:00:00+00:00,3,whale_shark
-23.0322,113.715,2007-04-14 12:00:00+00:00,4,whale_shark
21.3515723662,-86.6724411386,2018-07-08 12:52:38+00:00,7,whale_shark
24.1898850037,-110.406615884,2021-01-11 17:46:00+00:00,1,whale_shark
3.5557960717,72.9002097366,2023-03-18 09:12:00+00:00,3,whale_shark
-21.9013,113.9015,2006-06-16 12:00:00+00:00,6,whale_shark
16.1392,-86.9041,2007-02-20 12:00:00+00:00,2,whale_shark
-33.0,27.9449996948,1958-07-02 12:00:00+00:00,7,whale_shark
-21.9013,113.9015,2009-05-19 12:00:00+00:00,5,whale_shark
-27.9283008575,32.6016998291,1991-11-10 12:00:00+00:00,11,whale_shark
-21.9013,113.9015,2007-04-04 12:00:00+00:00,4,whale_shark
12.9333,123.533,2009-04-20 12:00:00+00:00,4,whale_shark
-8.3248702949,117.6993414592,2024-11-13 07:37:00+00:00,11,whale_shark
-23.0322,113.715,2009-04-19 12:00:00+00:00,4,whale_shark
5.97778,116.00611,2005-03-22 12:00:00+00:00,3,whale_shark
-21.7567256541,114.0241790293,2025-05-13 05:42:00+00:00,5,whale_shark
-21.9013,113.9015,2002-06-10 12:00:00+00:00,6,whale_shark
-7.8681975903,39.6514566806,2020-10-03 10:33:00+00:00,10,whale_shark
16.1392,-86.9041,2007-11-04 12:00:00+00:00,11,whale_shark
12.9333,123.533,2009-04-22 12:00:00+00:00,4,whale_shark
9.4955794867,123.3812490408,2024-07-25 09:06:00+00:00,7,whale_shark
-21.90382,113.9319,1995-03-16 12:00:00+00:00,3,whale_shark
-30.3199996948,30.7399997711,1963-01-16 12:00:00+00:00,1,whale_shark
1.6919464903,-92.1179757857,2024-06-19 13:29:13+00:00,6,whale_shark
-22.4955642637,113.6283761272,2021-06-25 11:10:22+00:00,6,whale_shark
12.9333,123.533,2009-04-17 12:00:00+00:00,4,whale_shark
-23.0322,113.715,1999-05-03 12:00:00+00:00,5,whale_shark
-21.9013,113.9015,2008-05-13 12:00:00+00:00,5,whale_shark
-21.9013,113.9015,2002-04-16 00:00:00+00:00,4,whale_shark
16.12198,-86.83418,2009-01-09 12:00:00+00:00,1,whale_shark
9.8380799291,125.3469591357,2025-12-19 05:40:00+00:00,12,whale_shark
-22.0358141222,113.4276677955,2024-06-13 04:56:00+00:00,6,whale_shark
-21.9013,113.9015,2009-05-13 12:00:00+00:00,5,whale_shark
-21.9013,113.9015,2003-04-21 12:00:00+00:00,4,whale_shark
-23.86667,35.55,2009-05-26 12:00:00+00:00,5,whale_shark
12.9333,123.533,2008-04-04 12:00:00+00:00,4,whale_shark
-21.9013,113.9015,2009-06-30 12:00:00+00:00,6,whale_shark
-23.9736,35.5122,2006-11-21 12:00:00+00:00,11,whale_shark
12.9333,123.533,2008-03-28 12:00:00+00:00,3,whale_shark
20.1612596364,40.2167755555,2024-04-23 16:24:00+00:00,4,whale_shark
3.4459645426,72.9991537512,2024-05-11 12:17:32+00:00,5,whale_shark
-4.7158805468,55.570291473,2024-12-29 13:27:23+00:00,12,whale_shark
-22.0966578634,113.7231116626,2026-06-24 04:22:00+00:00,6,whale_shark
4.8,103.65,2009-07-13 12:00:00+00:00,7,whale_shark
-2.4641777249,135.5250946798,2012-07-14 12:42:00+00:00,7,whale_shark
-21.8003063207,113.9481707106,2023-06-14 03:20:00+00:00,6,whale_shark
-21.96617,113.8975,1996-04-23 12:00:00+00:00,4,whale_shark
21.48333,-86.6,2009-07-16 12:00:00+00:00,7,whale_shark
9.91194,125.29056,2007-03-31 12:00:00+00:00,3,whale_shark
21.6113476257,-105.785846316,2022-03-04 17:02:00+00:00,3,whale_shark
-21.9013,113.9015,2001-07-08 12:00:00+00:00,7,whale_shark
-21.9013,113.9015,2009-04-19 12:00:00+00:00,4,whale_shark
16.1392,-86.9041,2006-10-24 12:00:00+00:00,10,whale_shark
-22.84483,113.6635,2008-04-14 12:00:00+00:00,4,whale_shark
12.9333,123.533,2008-04-11 12:00:00+00:00,4,whale_shark
-21.9013,113.9015,2007-04-17 12:00:00+00:00,4,whale_shark
-21.9013,113.9015,2007-07-18 12:00:00+00:00,7,whale_shark
-23.0322,113.715,2008-05-03 12:00:00+00:00,5,whale_shark
9.9462,97.86292,2006-03-29 12:00:00+00:00,3,whale_shark
12.93333,123.55,2009-02-28 12:00:00+00:00,2,whale_shark
-21.9013,113.9015,2003-05-22 12:00:00+00:00,5,whale_shark
12.9333,123.533,2008-04-27 12:00:00+00:00,4,whale_shark
28.91667,-113.53333,2008-08-26 12:00:00+00:00,8,whale_shark
-23.0322,113.715,2005-04-04 12:00:00+00:00,4,whale_shark
-21.9013,113.9015,2007-07-08 12:00:00+00:00,7,whale_shark
9.8446420999,119.0075087248,2025-04-15 03:09:37+00:00,4,whale_shark
12.9333,123.533,2008-02-06 12:00:00+00:00,2,whale_shark
12.9333,123.533,2008-05-10 12:00:00+00:00,5,whale_shark
-21.9013,113.9015,2008-05-28 12:00:00+00:00,5,whale_shark
-23.0322,113.715,2009-04-14 12:00:00+00:00,4,whale_shark
9.5458826695,123.4601497926,2016-05-24 00:30:00+00:00,5,whale_shark
-21.9013,113.9015,2002-06-30 12:00:00+00:00,6,whale_shark
19.4105732788,-155.970534104,2025-10-21 19:00:00+00:00,10,whale_shark
-23.9736,35.5122,2004-02-19 12:00:00+00:00,2,whale_shark
-23.9736,35.5122,2005-05-05 12:00:00+00:00,5,whale_shark
-8.7976195734,115.5140316943,2024-10-22 06:13:00+00:00,10,whale_shark
-21.9013,113.9015,2004-05-31 12:00:00+00:00,5,whale_shark
-21.9013,113.9015,2003-04-16 12:00:00+00:00,4,whale_shark
-21.9013,113.9015,2009-04-02 12:00:00+00:00,4,whale_shark
12.9333,123.533,2010-02-12 12:00:00+00:00,2,whale_shark
12.9333,123.533,2009-03-30 12:00:00+00:00,3,whale_shark
-21.9013,113.9015,2005-07-23 12:00:00+00:00,7,whale_shark
-21.9013,113.9015,2007-07-14 12:00:00+00:00,7,whale_shark
5.91667,102.71667,2009-06-19 12:00:00+00:00,6,whale_shark
-26.83333,32.88334,2009-04-27 12:00:00+00:00,4,whale_shark
16.10047,-86.85312,2008-12-31 12:00:00+00:00,12,whale_shark
16.1771808991,-86.9614074673,2020-09-15 07:43:48+00:00,9,whale_shark
12.9333,123.533,2008-04-15 12:00:00+00:00,4,whale_shark
16.1392,-86.9041,2005-06-26 12:00:00+00:00,6,whale_shark
-21.8304277494,113.8733467247,2012-07-23 12:58:00+00:00,7,whale_shark
-23.9736,35.5122,2003-11-22 12:00:00+00:00,11,whale_shark
12.93333,123.53333,2009-04-14 12:00:00+00:00,4,whale_shark
-30.6783008575,30.5116996765,1991-01-22 12:00:00+00:00,1,whale_shark
-21.9013,113.9015,2008-05-06 12:00:00+00:00,5,whale_shark
-23.0322,113.715,2007-04-21 12:00:00+00:00,4,whale_shark
-21.9013,113.9015,2006-06-05 12:00:00+00:00,6,whale_shark
-23.0322,113.715,2002-07-04 12:00:00+00:00,7,whale_shark
21.57195,-86.83305,2005-06-22 12:00:00+00:00,6,whale_shark
12.9333,123.533,2010-01-30 12:00:00+00:00,1,whale_shark
26.0797915124,-95.8272731087,2015-08-29 18:12:00+00:00,8,whale_shark
-21.95833,113.91033,1997-03-26 12:00:00+00:00,3,whale_shark
-23.0322,113.715,2008-05-18 12:00:00+00:00,5,whale_shark
12.9333,123.533,2010-02-25 12:00:00+00:00,2,whale_shark
3.46722,72.83639,2010-02-24 12:00:00+00:00,2,whale_shark
9.5790179972,123.373383506,2025-10-21 23:25:03+00:00,10,whale_shark
-21.9013,113.9015,2007-06-15 12:00:00+00:00,6,whale_shark
-21.9013,113.9015,2009-04-13 12:00:00+00:00,4,whale_shark
12.9333,123.533,2010-02-28 12:00:00+00:00,2,whale_shark
-21.9013,113.9015,2002-05-20 12:00:00+00:00,5,whale_shark
3.47185,72.797,2006-04-27 12:00:00+00:00,4,whale_shark
-26.8,32.88334,2009-04-25 12:00:00+00:00,4,whale_shark
9.4599662156,123.2001339648,2014-04-05 01:48:00+00:00,4,whale_shark
21.4378951983,-86.6797930255,2019-07-31 16:29:00+00:00,7,whale_shark
12.9333,123.533,2008-04-01 12:00:00+00:00,4,whale_shark
16.11707,-86.8612,2009-01-05 12:00:00+00:00,1,whale_shark
12.9333,123.533,2008-03-27 12:00:00+00:00,3,whale_shark
12.9333,123.533,2006-03-16 12:00:00+00:00,3,whale_shark
10.1,99.8,2008-04-29 12:00:00+00:00,4,whale_shark
21.63917,-87.1125,2008-07-17 12:00:00+00:00,7,whale_shark
-22.02333,113.89333,1995-07-01 12:00:00+00:00,7,whale_shark
28.88333,-113.48333,2008-10-01 12:00:00+00:00,10,whale_shark
10.16667,99.76667,2008-10-13 12:00:00+00:00,10,whale_shark
21.5649776315,-86.781173122,2019-08-03 16:03:00+00:00,8,whale_shark
3.46865,72.80872,2007-05-23 12:00:00+00:00,5,whale_shark
16.1312,-86.9135,2006-04-05 12:00:00+00:00,4,whale_shark
-21.9013,113.9015,2002-04-11 12:00:00+00:00,4,whale_shark
-23.0322,113.715,2009-04-22 12:00:00+00:00,4,whale_shark
-21.9013,113.9015,2004-05-14 12:00:00+00:00,5,whale_shark
28.41139,49.71083,2008-07-11 12:00:00+00:00,7,whale_shark
16.1392,-86.9041,2006-05-05 12:00:00+00:00,5,whale_shark
12.91667,123.51667,2009-04-02 12:00:00+00:00,4,whale_shark
-21.99312,113.89905,1995-06-13 12:00:00+00:00,6,whale_shark
12.9333,123.533,2009-04-29 12:00:00+00:00,4,whale_shark
-27.3805252715,153.5580700265,2008-01-26 22:31:00+00:00,1,whale_shark
-3.28333,134.98334,2009-11-14 12:00:00+00:00,11,whale_shark
12.9333,123.533,2010-02-17 12:00:00+00:00,2,whale_shark
-21.9013,113.9015,2007-05-07 12:00:00+00:00,5,whale_shark
-21.9013,113.9015,2006-06-24 12:00:00+00:00,6,whale_shark
16.1392,-86.9041,2008-09-03 12:00:00+00:00,9,whale_shark
-21.9013,113.9015,2005-06-06 12:00:00+00:00,6,whale_shark
31.95,-65.18333,1974-08-31 12:00:00+00:00,8,whale_shark
-21.99387,113.8989,2008-06-19 12:00:00+00:00,6,whale_shark
12.91667,123.55,2009-03-28 12:00:00+00:00,3,whale_shark
28.8997311923,-113.5062789917,2024-04-18 21:10:42+00:00,4,whale_shark
21.43333,-86.65,2009-07-08 12:00:00+00:00,7,whale_shark
21.73333,-87.00027,2007-08-27 12:00:00+00:00,8,whale_shark
28.28889,-16.69667,2005-08-24 12:00:00+00:00,8,whale_shark
12.9333,123.533,2008-04-30 12:00:00+00:00,4,whale_shark
-26.78087,32.90273,2006-04-09 12:00:00+00:00,4,whale_shark
-21.9013,113.9015,2006-05-01 12:00:00+00:00,5,whale_shark
-21.9013,113.9015,2004-06-02 12:00:00+00:00,6,whale_shark
16.1392,-86.9041,2006-03-17 12:00:00+00:00,3,whale_shark
12.9333,123.533,2008-01-20 12:00:00+00:00,1,whale_shark
-21.9013,113.9015,2009-05-06 12:00:00+00:00,5,whale_shark
12.9333,123.533,2008-05-09 12:00:00+00:00,5,whale_shark
12.9333,123.533,2009-03-25 12:00:00+00:00,3,whale_shark
27.78833,34.2575,2007-11-22 12:00:00+00:00,11,whale_shark
-22.96852,113.72935,1999-05-22 12:00:00+00:00,5,whale_shark
-23.0322,113.715,2008-05-24 12:00:00+00:00,5,whale_shark
16.1392,-86.9041,2007-01-25 12:00:00+00:00,1,whale_shark
-21.9013,113.9015,2003-06-23 12:00:00+00:00,6,whale_shark
-21.9013,113.9015,2004-06-17 12:00:00+00:00,6,whale_shark
28.9,-113.53333,2008-09-26 12:00:00+00:00,9,whale_shark
12.9333,123.533,2006-04-02 12:00:00+00:00,4,whale_shark
-21.9013,113.9015,2009-06-17 12:00:00+00:00,6,whale_shark
-23.9736,35.5122,2005-03-25 12:00:00+00:00,3,whale_shark
-21.9013,113.9015,2003-05-27 12:00:00+00:00,5,whale_shark
-23.0322,113.715,2003-06-17 12:00:00+00:00,6,whale_shark
-10.5019,105.6772,2007-04-25 12:00:00+00:00,4,whale_shark
16.1392,-86.9041,2009-03-25 12:00:00+00:00,3,whale_shark
-21.9013,113.9015,2009-06-19 12:00:00+00:00,6,whale_shark
12.9333,123.533,2006-04-22 12:00:00+00:00,4,whale_shark
16.1392,-86.9041,2009-03-29 12:00:00+00:00,3,whale_shark
-15.979629049,-5.6220006063,2015-01-09 17:55:00+00:00,1,whale_shark
12.9333,123.533,2008-01-24 12:00:00+00:00,1,whale_shark
3.6,72.7,2004-01-28 12:00:00+00:00,1,whale_shark
21.46667,-86.63333,2009-07-13 12:00:00+00:00,7,whale_shark
22.6227875938,-86.8163253324,2010-08-01 15:45:00+00:00,8,whale_shark
16.1392,-86.9041,2007-04-11 12:00:00+00:00,4,whale_shark
12.9333,123.533,2009-05-27 12:00:00+00:00,5,whale_shark
-22.00277,113.89792,2007-06-05 12:00:00+00:00,6,whale_shark
12.9333,123.533,2006-05-06 12:00:00+00:00,5,whale_shark
9.5042121288,123.4735216439,2025-07-08 00:08:00+00:00,7,whale_shark
-23.0322,113.715,2002-05-27 12:00:00+00:00,5,whale_shark
26.3118,34.84408,2006-12-11 12:00:00+00:00,12,whale_shark
21.49972,-86.60222,2008-08-26 12:00:00+00:00,8,whale_shark
-4.2779639618,55.9256651297,2026-05-11 00:07:49+00:00,5,whale_shark
16.3123668306,-86.4279444994,2024-07-12 15:52:29+00:00,7,whale_shark
-21.9013,113.9015,2005-04-16 12:00:00+00:00,4,whale_shark
12.93333,123.54583,2008-02-02 12:00:00+00:00,2,whale_shark
3.46662,72.83514,2006-05-15 12:00:00+00:00,5,whale_shark
-23.9736,35.5122,2007-04-03 12:00:00+00:00,4,whale_shark
9.5237810542,123.3111509568,2024-12-08 23:35:00+00:00,12,whale_shark
12.91667,123.53333,2009-04-16 12:00:00+00:00,4,whale_shark
16.1392,-86.9041,2007-04-23 12:00:00+00:00,4,whale_shark
-23.0322,113.715,2003-06-14 12:00:00+00:00,6,whale_shark
-8.6126791155,117.6548364529,2023-09-03 02:08:00+00:00,9,whale_shark
-23.0322,113.715,2009-05-12 12:00:00+00:00,5,whale_shark
16.1392,-86.9041,2007-12-25 12:00:00+00:00,12,whale_shark
28.8948916667,-113.5052333333,2024-08-07 23:56:00+00:00,8,whale_shark
9.93333,99.98333,2007-10-11 12:00:00+00:00,10,whale_shark
12.9333,123.533,2009-04-10 12:00:00+00:00,4,whale_shark
-23.0322,113.715,2002-06-13 12:00:00+00:00,6,whale_shark
-21.98833,113.90334,1995-03-30 12:00:00+00:00,3,whale_shark
24.2092968588,-110.620093885,2026-02-16 21:21:00+00:00,2,whale_shark
12.9333,123.533,2010-02-24 12:00:00+00:00,2,whale_shark
-23.9736,35.5122,2007-01-26 12:00:00+00:00,1,whale_shark
-23.0322,113.715,2001-04-04 12:00:00+00:00,4,whale_shark
-21.9013,113.9015,2003-07-06 12:00:00+00:00,7,whale_shark
-21.8656,113.93995,1997-04-14 12:00:00+00:00,4,whale_shark
-23.0322,113.715,2009-05-29 12:00:00+00:00,5,whale_shark
-21.92775,113.9184,1996-04-07 12:00:00+00:00,4,whale_shark
12.92028,123.54778,2007-04-03 12:00:00+00:00,4,whale_shark
-21.9013,113.9015,2005-06-22 12:00:00+00:00,6,whale_shark
12.93361,123.55222,2007-04-04 12:00:00+00:00,4,whale_shark
12.93333,123.51667,2009-03-27 12:00:00+00:00,3,whale_shark
-21.9013,113.9015,2009-04-06 12:00:00+00:00,4,whale_shark
-32.86666,152.60001,2009-03-07 12:00:00+00:00,3,whale_shark
24.1873583333,-110.3284833333,2015-02-15 02:32:04+00:00,2,whale_shark
24.1780638889,-110.4000388889,2022-03-21 18:27:00+00:00,3,whale_shark
12.9333,123.533,2009-02-26 12:00:00+00:00,2,whale_shark
24.3938929998,-110.5345446834,2020-01-01 12:21:00+00:00,1,whale_shark
-21.9013,113.9015,2009-06-07 12:00:00+00:00,6,whale_shark
-21.91667,113.86667,2001-05-19 12:00:00+00:00,5,whale_shark
-23.9736,35.5122,2007-10-10 12:00:00+00:00,10,whale_shark
21.61472,-86.89167,2008-06-09 12:00:00+00:00,6,whale_shark
-21.9013,113.9015,2005-06-10 12:00:00+00:00,6,whale_shark
-23.9736,35.5122,2007-04-15 12:00:00+00:00,4,whale_shark
9.3405007902,97.9499965629,2020-03-10 10:28:00+00:00,3,whale_shark
-21.9013,113.9015,1999-04-28 12:00:00+00:00,4,whale_shark
28.0519019222,34.9786344228,2024-08-16 18:24:45+00:00,8,whale_shark
21.6,-86.86667,2009-06-17 12:00:00+00:00,6,whale_shark
-21.89995,113.92625,2007-04-12 12:00:00+00:00,4,whale_shark
-21.9013,113.9015,2008-05-05 12:00:00+00:00,5,whale_shark
-21.9013,113.9015,2009-05-09 12:00:00+00:00,5,whale_shark
28.924179,-113.521118,2016-10-19 17:50:00+00:00,10,whale_shark
-23.0322,113.715,2009-04-18 12:00:00+00:00,4,whale_shark
-21.9013,113.9015,2008-04-13 12:00:00+00:00,4,whale_shark
-23.0322,113.715,2009-05-05 12:00:00+00:00,5,whale_shark
-23.0322,113.715,2008-05-07 12:00:00+00:00,5,whale_shark
-23.85917,35.55028,2005-10-11 12:00:00+00:00,10,whale_shark
21.5345395346,-86.9123399713,2017-07-17 14:09:00+00:00,7,whale_shark
20.1697895877,40.3467914543,2023-04-23 05:59:00+00:00,4,whale_shark
3.46953,72.85727,2006-05-13 12:00:00+00:00,5,whale_shark
-21.9013,113.9015,2005-06-17 12:00:00+00:00,6,whale_shark
12.9333,123.533,2008-04-12 12:00:00+00:00,4,whale_shark
16.1687,-95.185,2020-09-24 18:35:00+00:00,9,whale_shark
-21.9013,113.9015,1986-05-16 12:00:00+00:00,5,whale_shark
24.1934907612,-110.3541149681,2026-03-02 09:19:00+00:00,3,whale_shark
12.9333,123.533,2008-03-17 12:00:00+00:00,3,whale_shark
3.4733136257,73.0792109136,2024-11-12 08:17:00+00:00,11,whale_shark
0.4165487349,73.3814598038,2025-04-03 17:07:00+00:00,4,whale_shark
-21.9013,113.9015,2003-04-22 12:00:00+00:00,4,whale_shark
-21.9013,113.9015,2005-05-16 12:00:00+00:00,5,whale_shark
12.9333,123.533,2004-03-16 12:00:00+00:00,3,whale_shark
-21.9013,113.9015,2008-04-29 12:00:00+00:00,4,whale_shark
21.79167,-87.25361,2007-08-28 12:00:00+00:00,8,whale_shark
21.6,-86.56667,2009-06-11 12:00:00+00:00,6,whale_shark
-21.9013,113.9015,2009-04-18 12:00:00+00:00,4,whale_shark
-23.90392,35.54003,2006-11-21 12:00:00+00:00,11,whale_shark
21.4062980057,-86.7725622306,2025-08-11 17:00:00+00:00,8,whale_shark
-23.0322,113.715,2008-05-27 12:00:00+00:00,5,whale_shark
-22.1925,113.83361,2008-06-01 12:00:00+00:00,6,whale_shark
9.93333,99.98333,2008-07-24 12:00:00+00:00,7,whale_shark
-23.88333,35.55,2008-11-27 12:00:00+00:00,11,whale_shark
-21.9013,113.9015,2005-06-13 12:00:00+00:00,6,whale_shark
-12.91667,100.76667,2008-11-14 12:00:00+00:00,11,whale_shark
-23.9736,35.5122,2007-03-06 12:00:00+00:00,3,whale_shark
-23.0322,113.715,2003-05-20 12:00:00+00:00,5,whale_shark
15.21556,-61.37056,2008-02-25 12:00:00+00:00,2,whale_shark
-13.300888438,48.1527602453,2019-10-03 06:48:18+00:00,10,whale_shark
-6.25,39.0666999817,1964-07-02 00:00:00+00:00,7,whale_shark
37.0810423066,-25.3711629385,2022-09-14 12:43:00+00:00,9,whale_shark
-23.9736,35.5122,2006-01-29 12:00:00+00:00,1,whale_shark
24.1902140953,-110.4348707101,2023-01-30 00:05:00+00:00,1,whale_shark
16.1392,-86.9041,2009-09-15 12:00:00+00:00,9,whale_shark
-21.9013,113.9015,2004-04-19 12:00:00+00:00,4,whale_shark
-22.08333,113.86667,2009-05-17 12:00:00+00:00,5,whale_shark
-23.9736,35.5122,2006-10-20 12:00:00+00:00,10,whale_shark
-21.9013,113.9015,2002-05-05 12:00:00+00:00,5,whale_shark
-23.9736,35.5122,2005-12-29 12:00:00+00:00,12,whale_shark
-22.4160718966,113.7888153171,2026-04-22 05:33:02+00:00,4,whale_shark
-21.9013,113.9015,2006-04-24 12:00:00+00:00,4,whale_shark
-23.0322,113.715,1999-05-16 12:00:00+00:00,5,whale_shark
25.66667,35.16667,2007-05-03 12:00:00+00:00,5,whale_shark
-21.9013,113.9015,2004-03-31 12:00:00+00:00,3,whale_shark
15.7187550107,-96.1603850874,2017-08-13 17:21:00+00:00,8,whale_shark
-22.95133,113.7485,2008-03-22 12:00:00+00:00,3,whale_shark
12.9333,123.533,2008-04-07 12:00:00+00:00,4,whale_shark
-21.91605,113.92342,1996-04-03 12:00:00+00:00,4,whale_shark
-21.9013,113.9015,2005-07-12 12:00:00+00:00,7,whale_shark
7.6544,98.7675,2008-01-31 12:00:00+00:00,1,whale_shark
10.16667,99.76667,2005-10-13 12:00:00+00:00,10,whale_shark
16.06952,-87.03805,2009-01-11 12:00:00+00:00,1,whale_shark
-21.9013,113.9015,2008-04-27 12:00:00+00:00,4,whale_shark
-21.9013,113.9015,2007-06-08 12:00:00+00:00,6,whale_shark
-22.091,113.87438,2007-05-08 12:00:00+00:00,5,whale_shark
-23.9736,35.5122,2008-12-06 12:00:00+00:00,12,whale_shark
-4.6,55.41667,2009-10-13 12:00:00+00:00,10,whale_shark
-23.0322,113.715,2007-05-27 12:00:00+00:00,5,whale_shark
12.9333,123.533,2010-02-23 12:00:00+00:00,2,whale_shark
23.85,58.05,2009-07-07 12:00:00+00:00,7,whale_shark
-23.9736,35.5122,2008-08-15 12:00:00+00:00,8,whale_shark
-23.9736,35.5122,2007-04-19 12:00:00+00:00,4,whale_shark
-21.9013,113.9015,2005-04-14 12:00:00+00:00,4,whale_shark
-23.0322,113.715,2009-05-06 12:00:00+00:00,5,whale_shark
16.1392,-86.9041,2007-04-18 12:00:00+00:00,4,whale_shark
-21.9013,113.9015,2008-04-14 12:00:00+00:00,4,whale_shark
-19.0,-92.0,1994-12-12 12:00:00+00:00,12,whale_shark
-21.91707,113.91904,1996-04-01 12:00:00+00:00,4,whale_shark
-23.9736,35.5122,2007-03-28 12:00:00+00:00,3,whale_shark
28.9,-113.46667,2008-10-09 12:00:00+00:00,10,whale_shark
-21.9013,113.9015,2008-05-10 12:00:00+00:00,5,whale_shark
12.9,123.58334,2008-03-26 12:00:00+00:00,3,whale_shark
-22.1,113.86667,2006-05-02 12:00:00+00:00,5,whale_shark
-21.9013,113.9015,2005-07-05 12:00:00+00:00,7,whale_shark
21.75,-87.05,2004-08-12 12:00:00+00:00,8,whale_shark
12.93333,123.51667,2009-05-09 12:00:00+00:00,5,whale_shark
-23.0322,113.715,2008-04-25 12:00:00+00:00,4,whale_shark
-33.9700012207,25.2233009338,1993-05-07 12:00:00+00:00,5,whale_shark
12.9333,123.533,2008-05-18 12:00:00+00:00,5,whale_shark
9.95917,125.23833,2006-03-26 12:00:00+00:00,3,whale_shark
-21.9013,113.9015,2009-05-20 12:00:00+00:00,5,whale_shark
-23.8661,35.55125,2007-03-24 12:00:00+00:00,3,whale_shark
-23.9,35.53333,2008-12-15 12:00:00+00:00,12,whale_shark
22.6000003815,69.5,1828-07-02 00:00:00+00:00,7,whale_shark
-22.106217215,113.8359102859,2024-07-14 04:05:00+00:00,7,whale_shark
-21.9013,113.9015,2003-04-13 12:00:00+00:00,4,whale_shark
-8.93333,116.36667,2009-05-31 12:00:00+00:00,5,whale_shark
16.1392,-86.9041,2005-02-10 12:00:00+00:00,2,whale_shark
-22.11085,113.8687,2008-04-24 12:00:00+00:00,4,whale_shark
28.890555,-113.504455,2023-07-02 19:48:14+00:00,7,whale_shark
-22.0002937142,113.068734132,2015-07-06 05:31:00+00:00,7,whale_shark
-21.98833,113.90334,1995-03-21 12:00:00+00:00,3,whale_shark
-23.0322,113.715,2008-05-26 12:00:00+00:00,5,whale_shark
12.9333,123.533,2006-04-11 12:00:00+00:00,4,whale_shark
-21.9013,113.9015,2003-05-16 12:00:00+00:00,5,whale_shark
28.9522643331,-113.5485462865,2023-10-27 19:35:56+00:00,10,whale_shark
-21.899822781,113.8194444323,2009-04-27 07:05:39+00:00,4,whale_shark
26.3888853902,127.7646334483,2025-09-07 00:30:00+00:00,9,whale_shark
-21.9013,113.9015,2003-05-03 12:00:00+00:00,5,whale_shark
-21.9013,113.9015,2008-07-20 12:00:00+00:00,7,whale_shark
-21.9013,113.9015,2009-04-10 12:00:00+00:00,4,whale_shark
21.4285400317,-86.7135681531,2016-08-18 13:44:00+00:00,8,whale_shark
-21.9013,113.9015,2000-04-16 00:00:00+00:00,4,whale_shark
2.96527767181,-78.1705551147,1988-07-02 00:00:00+00:00,7,whale_shark
-23.9736,35.5122,2007-03-23 12:00:00+00:00,3,whale_shark
2.3,105.58334,2007-04-06 12:00:00+00:00,4,whale_shark
-23.9736,35.5122,2007-03-04 12:00:00+00:00,3,whale_shark
-23.9,35.53333,2009-06-12 12:00:00+00:00,6,whale_shark
12.9333,123.533,2009-03-03 12:00:00+00:00,3,whale_shark
-21.9013,113.9015,2008-05-19 12:00:00+00:00,5,whale_shark
12.93056,123.53361,2007-04-17 12:00:00+00:00,4,whale_shark
-23.9736,35.5122,2007-05-15 12:00:00+00:00,5,whale_shark
12.9333,123.533,2005-04-18 12:00:00+00:00,4,whale_shark
12.9333,123.533,2009-01-22 12:00:00+00:00,1,whale_shark
9.6151938581,123.3730154922,2017-02-10 15:12:00+00:00,2,whale_shark
24.4464855807,-110.5318020049,2019-04-03 17:43:00+00:00,4,whale_shark
12.9333,123.533,2006-04-24 12:00:00+00:00,4,whale_shark
21.4627488819,-86.4425521392,2023-07-24 17:00:00+00:00,7,whale_shark
21.2366414555,-86.7357804626,2025-09-01 14:32:27+00:00,9,whale_shark
-21.9013,113.9015,2003-06-03 12:00:00+00:00,6,whale_shark
12.9333,123.533,2008-03-26 12:00:00+00:00,3,whale_shark
-21.9013,113.9015,2007-04-06 12:00:00+00:00,4,whale_shark
12.9333,123.533,2007-04-18 12:00:00+00:00,4,whale_shark
-18.204072502,147.3126173556,2022-10-30 00:51:00+00:00,10,whale_shark
12.9333,123.533,2010-02-03 12:00:00+00:00,2,whale_shark
-21.9013,113.9015,2009-06-03 12:00:00+00:00,6,whale_shark
-21.9013,113.9015,2003-07-10 12:00:00+00:00,7,whale_shark
-23.9736,35.5122,2007-10-06 12:00:00+00:00,10,whale_shark
19.94218,37.40747,2007-03-28 12:00:00+00:00,3,whale_shark
21.5335181086,-86.8040560534,2025-05-28 14:36:00+00:00,5,whale_shark
16.1392,-86.9041,2006-03-29 12:00:00+00:00,3,whale_shark
-21.9013,113.9015,1997-04-22 12:00:00+00:00,4,whale_shark
-21.83317,114.01442,2003-07-15 12:00:00+00:00,7,whale_shark
-22.06694,113.88,2008-06-21 12:00:00+00:00,6,whale_shark
21.75,-87.15,2006-08-25 12:00:00+00:00,8,whale_shark
-21.9013,113.9015,2005-04-17 12:00:00+00:00,4,whale_shark
-12.14111,123.12889,2009-09-15 12:00:00+00:00,9,whale_shark
-21.9013,113.9015,1999-05-12 12:00:00+00:00,5,whale_shark
-3.2041629519,135.1135300105,2018-06-17 23:03:00+00:00,6,whale_shark
24.2121293161,-110.586074632,2026-01-06 19:13:00+00:00,1,whale_shark
-23.9736,35.5122,2006-11-18 12:00:00+00:00,11,whale_shark
-12.23333,122.96667,1997-11-16 12:00:00+00:00,11,whale_shark
-23.9736,35.5122,2007-05-07 12:00:00+00:00,5,whale_shark
-21.93927,113.90802,1996-04-02 12:00:00+00:00,4,whale_shark
-21.9013,113.9015,2005-04-27 12:00:00+00:00,4,whale_shark
-23.9736,35.5122,2007-03-13 12:00:00+00:00,3,whale_shark
-21.9013,113.9015,2003-07-08 12:00:00+00:00,7,whale_shark
21.5904774202,-86.2867814231,2019-08-16 14:19:00+00:00,8,whale_shark
-23.88333,35.53333,2009-09-08 12:00:00+00:00,9,whale_shark
12.91667,123.51667,2009-04-24 12:00:00+00:00,4,whale_shark
-21.9013,113.9015,2009-06-08 12:00:00+00:00,6,whale_shark
-23.85,35.55,2010-02-18 12:00:00+00:00,2,whale_shark
28.91345,-113.47472,2003-10-05 12:00:00+00:00,10,whale_shark
-21.9013,113.9015,2007-05-31 12:00:00+00:00,5,whale_shark
-23.9736,35.5122,2007-01-23 12:00:00+00:00,1,whale_shark
12.93694,123.53806,2007-04-25 12:00:00+00:00,4,whale_shark
-21.9013,113.9015,2004-05-23 12:00:00+00:00,5,whale_shark
12.9333,123.533,2009-04-16 12:00:00+00:00,4,whale_shark
3.68056,72.37833,2008-10-11 12:00:00+00:00,10,whale_shark
16.1392,-86.9041,2009-10-14 12:00:00+00:00,10,whale_shark
28.89222,-113.49973,2007-09-23 12:00:00+00:00,9,whale_shark
-21.9013,113.9015,2009-05-26 12:00:00+00:00,5,whale_shark
1.6863829381,-91.8976786897,2019-07-28 14:38:00+00:00,7,whale_shark
21.3124725972,-86.043786243,2025-07-11 14:41:00+00:00,7,whale_shark
-23.9736,35.5122,2007-10-17 12:00:00+00:00,10,whale_shark
-23.9736,35.5122,2009-10-14 12:00:00+00:00,10,whale_shark
-21.85,113.95,2009-06-30 12:00:00+00:00,6,whale_shark
16.13782,-86.93559,2006-03-12 12:00:00+00:00,3,whale_shark
-19.41667,116.48333,2008-09-25 12:00:00+00:00,9,whale_shark
12.9333,123.533,2006-04-03 12:00:00+00:00,4,whale_shark
-23.0322,113.715,2009-04-30 12:00:00+00:00,4,whale_shark
-21.84262,113.97665,2007-04-30 12:00:00+00:00,4,whale_shark
21.68333,-87.03333,2009-08-14 12:00:00+00:00,8,whale_shark
9.4563568766,123.4845977515,2024-05-23 23:57:18+00:00,5,whale_shark
16.1929546714,-86.9049939783,2016-04-14 23:09:00+00:00,4,whale_shark
12.9333,123.533,2009-05-25 12:00:00+00:00,5,whale_shark
3.74198615,72.7361681835,2024-02-01 09:32:00+00:00,2,whale_shark
-23.9736,35.5122,2008-04-08 12:00:00+00:00,4,whale_shark
-23.91667,35.53333,2008-12-20 12:00:00+00:00,12,whale_shark
-23.9736,35.5122,2006-10-29 12:00:00+00:00,10,whale_shark
12.93333,123.53333,2009-03-23 12:00:00+00:00,3,whale_shark
24.1806939462,-110.3224085192,2022-12-23 15:57:00+00:00,12,whale_shark
16.1,-86.85,2009-04-02 12:00:00+00:00,4,whale_shark
-7.802448033,39.4024199622,2009-12-31 21:41:00+00:00,12,whale_shark
-21.9013,113.9015,2004-05-15 12:00:00+00:00,5,whale_shark
3.47889,72.78861,2008-02-07 12:00:00+00:00,2,whale_shark
-21.9013,113.9015,2002-07-07 12:00:00+00:00,7,whale_shark
16.10402,-86.96868,2009-01-05 12:00:00+00:00,1,whale_shark
27.72556,34.25889,2008-11-26 12:00:00+00:00,11,whale_shark
12.9333,123.533,2009-05-13 12:00:00+00:00,5,whale_shark
3.50027,72.898,2007-12-24 12:00:00+00:00,12,whale_shark
-10.5019,105.6772,2005-01-16 12:00:00+00:00,1,whale_shark
-23.86667,35.55,2009-05-28 12:00:00+00:00,5,whale_shark
3.46698,72.83694,2006-05-15 12:00:00+00:00,5,whale_shark
9.93333,99.98333,2006-06-16 12:00:00+00:00,6,whale_shark
-23.9736,35.5122,2008-01-29 12:00:00+00:00,1,whale_shark
12.9333,123.533,2009-05-31 12:00:00+00:00,5,whale_shark
-21.9013,113.9015,2001-06-09 12:00:00+00:00,6,whale_shark
21.73333,-87.08334,2004-08-10 12:00:00+00:00,8,whale_shark
24.2376637344,-110.5326183029,2022-03-10 06:02:00+00:00,3,whale_shark
10.16667,99.76667,2007-04-29 12:00:00+00:00,4,whale_shark
39.4403373895,-71.8048123736,2023-08-14 14:54:32+00:00,8,whale_shark
-21.9736,113.88143,2007-04-28 12:00:00+00:00,4,whale_shark
-23.9736,35.5122,2007-05-28 12:00:00+00:00,5,whale_shark
-23.0322,113.715,2001-04-12 12:00:00+00:00,4,whale_shark
17.8416098124,-85.622213368,2018-01-25 00:13:34+00:00,1,whale_shark
-23.9736,35.5122,2005-11-25 12:00:00+00:00,11,whale_shark
-23.0322,113.715,2002-05-29 12:00:00+00:00,5,whale_shark
21.6909551315,-105.5419037762,2024-03-03 19:38:00+00:00,3,whale_shark
-33.8050003052,18.3633003235,1828-04-16 00:00:00+00:00,4,whale_shark
20.81667,-86.86667,2009-12-17 12:00:00+00:00,12,whale_shark
-21.9013,113.9015,2008-05-21 12:00:00+00:00,5,whale_shark
28.9,-113.46667,2008-09-11 12:00:00+00:00,9,whale_shark
-10.5019,105.6772,1995-01-07 12:00:00+00:00,1,whale_shark
16.0936,-86.82816,2005-02-14 12:00:00+00:00,2,whale_shark
-21.9013,113.9015,2008-04-28 12:00:00+00:00,4,whale_shark
12.93194,123.53194,2008-02-11 12:00:00+00:00,2,whale_shark
21.5526381711,-86.7235335997,2017-07-31 15:39:00+00:00,7,whale_shark
-22.095,113.8635,2007-06-07 12:00:00+00:00,6,whale_shark
-23.9736,35.5122,2008-02-28 12:00:00+00:00,2,whale_shark
-21.9013,113.9015,2009-05-07 12:00:00+00:00,5,whale_shark
-24.4167003632,35.1666984558,1960-03-16 12:00:00+00:00,3,whale_shark
-21.9013,113.9015,2006-06-13 12:00:00+00:00,6,whale_shark
12.9333,123.533,2008-04-13 12:00:00+00:00,4,whale_shark
25.7957912465,-169.3849846544,2022-04-21 16:32:00+00:00,4,whale_shark
21.5925703029,-86.4014815416,2019-09-14 16:09:00+00:00,9,whale_shark
-22.08333,113.86667,2006-05-02 12:00:00+00:00,5,whale_shark
-21.9013,113.9015,2005-06-15 12:00:00+00:00,6,whale_shark
-19.65253,115.92923,2007-08-17 12:00:00+00:00,8,whale_shark
-21.9013,113.9015,2002-06-14 12:00:00+00:00,6,whale_shark
9.5837467223,123.3726995839,2016-11-20 14:32:00+00:00,11,whale_shark
-23.9736,35.5122,2007-10-03 12:00:00+00:00,10,whale_shark
-27.9283008575,32.6016998291,1991-11-22 12:00:00+00:00,11,whale_shark
9.93333,99.98333,2009-04-30 12:00:00+00:00,4,whale_shark
-23.0322,113.715,2008-04-03 12:00:00+00:00,4,whale_shark
9.5640793713,124.0784777699,2023-02-27 09:54:54+00:00,2,whale_shark
-33.5682983398,27.0149993896,1984-05-16 12:00:00+00:00,5,whale_shark
-23.9736,35.5122,2006-02-28 12:00:00+00:00,2,whale_shark
-8.5551441661,117.5414347082,2025-11-16 20:30:42+00:00,11,whale_shark
8.6775,97.65417,2007-02-23 12:00:00+00:00,2,whale_shark
12.9333,123.533,2009-04-15 12:00:00+00:00,4,whale_shark
-21.9013,113.9015,2007-06-20 12:00:00+00:00,6,whale_shark
-21.9013,113.9015,2003-04-04 12:00:00+00:00,4,whale_shark
-21.9013,113.9015,2008-06-01 12:00:00+00:00,6,whale_shark
-21.9013,113.9015,1999-05-22 12:00:00+00:00,5,whale_shark
-21.9013,113.9015,2008-04-19 12:00:00+00:00,4,whale_shark
39.3813698064,-71.7609221009,2023-08-14 15:55:00+00:00,8,whale_shark
6.5404589868,-77.3257380728,2022-03-24 19:48:21+00:00,3,whale_shark
-21.91063,113.9736,1997-04-28 12:00:00+00:00,4,whale_shark
-8.558028573,117.6155028977,2026-02-23 01:53:07+00:00,2,whale_shark
3.45,72.86667,2005-03-01 12:00:00+00:00,3,whale_shark
-23.0322,113.715,2002-06-16 12:00:00+00:00,6,whale_shark
-23.0322,113.715,1999-05-01 12:00:00+00:00,5,whale_shark
21.4559707213,-86.7474131212,2019-08-30 19:12:00+00:00,8,whale_shark
-21.9013,113.9015,2007-07-06 12:00:00+00:00,7,whale_shark
16.11485,-86.99783,2006-04-08 12:00:00+00:00,4,whale_shark
-2.4062189033,135.5837386031,2012-07-13 17:52:00+00:00,7,whale_shark
10.16667,99.76667,2009-10-30 12:00:00+00:00,10,whale_shark
24.1940463488,-110.35308382,2018-01-04 11:17:45+00:00,1,whale_shark
28.9482471747,-113.5062545543,2021-09-23 22:51:26+00:00,9,whale_shark
-17.7870978762,178.9975087442,2003-09-16 11:24:00+00:00,9,whale_shark
21.4558547803,-86.7810013243,2017-07-31 15:39:00+00:00,7,whale_shark
-21.98042,113.9075,2007-05-10 12:00:00+00:00,5,whale_shark
16.1392,-86.9041,2006-03-06 12:00:00+00:00,3,whale_shark
16.1392,-86.9041,2007-01-24 12:00:00+00:00,1,whale_shark
10.16667,99.76667,2009-08-14 12:00:00+00:00,8,whale_shark
-21.28383,113.8665,2006-05-15 12:00:00+00:00,5,whale_shark
-21.96067,113.88667,1998-04-17 12:00:00+00:00,4,whale_shark
-21.9013,113.9015,2003-04-23 12:00:00+00:00,4,whale_shark
24.1941476152,-110.33346082,2024-12-20 18:12:00+00:00,12,whale_shark
16.1392,-86.9041,2009-10-18 12:00:00+00:00,10,whale_shark
24.18755,-110.3317866667,2024-01-17 23:38:44+00:00,1,whale_shark
-21.9013,113.9015,2001-05-24 12:00:00+00:00,5,whale_shark
-23.0322,113.715,2002-06-18 12:00:00+00:00,6,whale_shark
12.9333,123.533,2008-03-13 12:00:00+00:00,3,whale_shark
-21.9013,113.9015,2005-06-12 12:00:00+00:00,6,whale_shark
16.1392,-86.9041,2001-03-16 12:00:00+00:00,3,whale_shark
28.9,-113.51667,2008-10-25 12:00:00+00:00,10,whale_shark
39.4496140546,-71.884272868,2023-08-14 15:53:00+00:00,8,whale_shark
-21.9013,113.9015,2002-06-17 12:00:00+00:00,6,whale_shark
29.58333,-88.03333,2007-08-12 12:00:00+00:00,8,whale_shark
12.9333,123.533,2009-02-18 12:00:00+00:00,2,whale_shark
-23.9736,35.5122,2009-01-14 12:00:00+00:00,1,whale_shark
-21.9013,113.9015,2004-06-13 12:00:00+00:00,6,whale_shark
-23.9736,35.5122,2007-03-12 12:00:00+00:00,3,whale_shark
12.9333,123.533,2007-02-19 12:00:00+00:00,2,whale_shark
9.93333,99.98333,2009-04-01 12:00:00+00:00,4,whale_shark
27.97222,34.46028,2008-07-03 12:00:00+00:00,7,whale_shark
-23.0322,113.715,2009-04-11 12:00:00+00:00,4,whale_shark
24.1839468447,-110.4819767199,2024-03-31 15:39:00+00:00,3,whale_shark
10.16667,99.76667,2005-09-16 00:00:00+00:00,9,whale_shark
-5.6750143125,120.5458940947,2022-08-31 15:14:00+00:00,8,whale_shark
21.5534372082,-86.1559870706,2025-07-11 16:36:00+00:00,7,whale_shark
8.946719979,120.6891508919,2017-05-30 03:47:00+00:00,5,whale_shark
-21.86667,113.91666,2001-04-10 12:00:00+00:00,4,whale_shark
-21.8463113337,113.9681752505,2012-07-23 14:16:00+00:00,7,whale_shark
-23.0322,113.715,2003-06-08 12:00:00+00:00,6,whale_shark
-21.9013,113.9015,2007-06-01 12:00:00+00:00,6,whale_shark
11.5688,42.77747,2008-12-13 12:00:00+00:00,12,whale_shark
9.52679766,123.5944604599,2019-04-07 21:51:15+00:00,4,whale_shark
-21.9013,113.9015,2009-04-20 12:00:00+00:00,4,whale_shark
-23.97361,35.51222,2008-10-21 12:00:00+00:00,10,whale_shark
8.5414244485,97.6067992184,2014-02-23 03:48:23+00:00,2,whale_shark
-23.9736,35.5122,2008-10-21 12:00:00+00:00,10,whale_shark
-21.9013,113.9015,1998-05-04 12:00:00+00:00,5,whale_shark
-23.9736,35.5122,2005-10-22 12:00:00+00:00,10,whale_shark
-21.9013,113.9015,2005-05-23 12:00:00+00:00,5,whale_shark
21.76111,-87.10944,2007-08-26 12:00:00+00:00,8,whale_shark
-23.9736,35.5122,2008-10-15 12:00:00+00:00,10,whale_shark
12.9333,123.533,2008-03-31 12:00:00+00:00,3,whale_shark
12.9333,123.533,2007-03-07 12:00:00+00:00,3,whale_shark
-23.85,35.55,2008-12-14 12:00:00+00:00,12,whale_shark
-21.9013,113.9015,2002-06-06 12:00:00+00:00,6,whale_shark
12.92,123.54639,2007-05-04 12:00:00+00:00,5,whale_shark
5.0,103.0,2001-02-25 12:00:00+00:00,2,whale_shark
-21.9013,113.9015,2001-06-01 12:00:00+00:00,6,whale_shark
16.15702,-86.90017,2009-01-07 12:00:00+00:00,1,whale_shark
12.91667,123.53333,2009-03-31 12:00:00+00:00,3,whale_shark
3.4796990431,72.828468716,2013-11-16 12:18:00+00:00,11,whale_shark
16.1392,-86.9041,2007-12-12 12:00:00+00:00,12,whale_shark
-21.9013,113.9015,2003-07-11 12:00:00+00:00,7,whale_shark
12.9333,123.533,2006-04-21 12:00:00+00:00,4,whale_shark
-21.9013,113.9015,2004-07-30 12:00:00+00:00,7,whale_shark
-21.9013,113.9015,1994-04-16 00:00:00+00:00,4,whale_shark
-21.9013,113.9015,2009-06-13 12:00:00+00:00,6,whale_shark
10.4794451751,-85.7841634657,2026-03-10 18:01:04+00:00,3,whale_shark
-21.8750895687,113.8557855454,2026-06-09 21:00:00+00:00,6,whale_shark
9.5170782614,123.3155118921,2026-04-14 21:55:00+00:00,4,whale_shark
-20.0,113.0,1997-04-10 12:00:00+00:00,4,whale_shark
9.972183273,123.2529532285,2022-09-08 07:37:00+00:00,9,whale_shark
16.1392,-86.9041,1999-01-16 12:00:00+00:00,1,whale_shark
-21.9013,113.9015,2009-06-11 12:00:00+00:00,6,whale_shark
16.1392,-86.9041,2005-03-16 12:00:00+00:00,3,whale_shark
-23.9736,35.5122,2005-11-01 12:00:00+00:00,11,whale_shark
-23.9736,35.5122,2007-10-13 12:00:00+00:00,10,whale_shark
11.38833,97.675,2007-01-13 12:00:00+00:00,1,whale_shark
10.16667,99.76667,2007-04-02 12:00:00+00:00,4,whale_shark
-23.9736,35.5122,2007-07-01 12:00:00+00:00,7,whale_shark
11.58333,42.8,2009-11-08 12:00:00+00:00,11,whale_shark
-23.0322,113.715,2008-04-30 12:00:00+00:00,4,whale_shark
-23.0322,113.715,2000-04-02 12:00:00+00:00,4,whale_shark
-21.9013,113.9015,2002-07-15 12:00:00+00:00,7,whale_shark
21.5549302771,-86.2169683352,2024-08-18 15:29:00+00:00,8,whale_shark
-5.3,150.10001,2006-09-08 12:00:00+00:00,9,whale_shark
3.4015992861,72.9994613454,2024-11-06 10:59:00+00:00,11,whale_shark
-23.85,35.55,2009-08-20 12:00:00+00:00,8,whale_shark
21.4820612109,-86.7405513202,2016-08-11 13:17:00+00:00,8,whale_shark
21.55598,-86.85194,2008-07-30 12:00:00+00:00,7,whale_shark
-23.9736,35.5122,2008-03-27 12:00:00+00:00,3,whale_shark
10.16667,99.76667,2009-05-13 12:00:00+00:00,5,whale_shark
12.9333,123.533,2009-01-15 12:00:00+00:00,1,whale_shark
-21.9013,113.9015,2007-06-10 12:00:00+00:00,6,whale_shark
12.9333,123.533,2008-04-20 12:00:00+00:00,4,whale_shark
12.91667,123.51667,2009-04-14 12:00:00+00:00,4,whale_shark
3.46997,72.80412,2006-05-10 12:00:00+00:00,5,whale_shark
16.1392,-86.9041,2008-03-15 12:00:00+00:00,3,whale_shark
12.9333,123.533,2009-05-28 12:00:00+00:00,5,whale_shark
-23.88333,35.55,2008-12-10 12:00:00+00:00,12,whale_shark
-21.9013,113.9015,2005-04-05 12:00:00+00:00,4,whale_shark
-22.01667,113.9,2006-04-15 12:00:00+00:00,4,whale_shark
3.47015,72.8023,2007-06-04 12:00:00+00:00,6,whale_shark
-21.9013,113.9015,2008-06-10 12:00:00+00:00,6,whale_shark
21.71667,-87.1,2004-08-11 12:00:00+00:00,8,whale_shark
12.93333,123.51667,2009-03-22 12:00:00+00:00,3,whale_shark
-4.4894446603,55.4225685392,2024-08-10 07:37:00+00:00,8,whale_shark
-21.9013,113.9015,2004-07-09 12:00:00+00:00,7,whale_shark
-21.9013,113.9015,2006-04-21 12:00:00+00:00,4,whale_shark
-21.95007,113.9085,2005-05-14 12:00:00+00:00,5,whale_shark
-23.9736,35.5122,2005-11-29 12:00:00+00:00,11,whale_shark
-23.9736,35.5122,2007-05-22 12:00:00+00:00,5,whale_shark
0.4729346567,123.1974258666,2024-12-31 02:20:57+00:00,12,whale_shark
-23.0322,113.715,2008-05-19 12:00:00+00:00,5,whale_shark
-21.9013,113.9015,2002-06-16 00:00:00+00:00,6,whale_shark
21.6182695879,-87.2236380998,2015-09-04 07:21:00+00:00,9,whale_shark
12.9333,123.533,2009-02-11 12:00:00+00:00,2,whale_shark
-21.9013,113.9015,2000-05-16 12:00:00+00:00,5,whale_shark
12.9333,123.533,2009-03-14 12:00:00+00:00,3,whale_shark
-21.9013,113.9015,2005-07-11 12:00:00+00:00,7,whale_shark
-21.9013,113.9015,2001-07-13 12:00:00+00:00,7,whale_shark
11.57652,42.8215,2009-01-23 12:00:00+00:00,1,whale_shark
-21.9013,113.9015,2007-06-19 12:00:00+00:00,6,whale_shark
12.94,123.55139,2008-02-02 12:00:00+00:00,2,whale_shark
-21.9013,113.9015,2005-07-18 12:00:00+00:00,7,whale_shark
12.91667,123.53333,2009-03-26 12:00:00+00:00,3,whale_shark
21.3591209302,-86.3953951459,2022-08-29 06:35:00+00:00,8,whale_shark
16.1392,-86.9041,2007-04-04 12:00:00+00:00,4,whale_shark
27.88333,-94.86667,2008-07-17 12:00:00+00:00,7,whale_shark
-23.88222,35.55639,2008-10-24 12:00:00+00:00,10,whale_shark
12.91667,123.51667,2009-03-21 12:00:00+00:00,3,whale_shark
-21.9013,113.9015,2008-05-07 12:00:00+00:00,5,whale_shark
28.89889,-113.48473,2008-08-11 12:00:00+00:00,8,whale_shark
21.2983904412,-86.7131249885,2011-07-05 14:24:00+00:00,7,whale_shark
24.21479,-110.311441,2018-01-17 17:05:00+00:00,1,whale_shark
16.1392,-86.9041,2005-05-25 12:00:00+00:00,5,whale_shark
27.86667,-83.18333,2009-07-24 12:00:00+00:00,7,whale_shark
-23.0322,113.715,2008-05-21 12:00:00+00:00,5,whale_shark
-21.98017,113.89787,2008-05-07 12:00:00+00:00,5,whale_shark
-23.9736,35.5122,2007-04-17 12:00:00+00:00,4,whale_shark
-23.86972,35.55333,2008-09-11 12:00:00+00:00,9,whale_shark
-21.9013,113.9015,2004-06-06 12:00:00+00:00,6,whale_shark
-12.43333,114.01667,2009-03-08 12:00:00+00:00,3,whale_shark
24.1940104101,-110.3172162958,2009-03-07 20:17:00+00:00,3,whale_shark
21.76667,-87.13333,2005-07-11 12:00:00+00:00,7,whale_shark
-21.91565,113.92419,2007-05-27 12:00:00+00:00,5,whale_shark
12.9333,123.533,2008-04-22 12:00:00+00:00,4,whale_shark
-21.0675,113.87805,2007-05-24 12:00:00+00:00,5,whale_shark
-21.89417,113.95338,2007-05-18 12:00:00+00:00,5,whale_shark
-23.0322,113.715,2009-05-28 12:00:00+00:00,5,whale_shark
-23.9736,35.5122,2005-10-19 12:00:00+00:00,10,whale_shark
-21.9013,113.9015,2005-05-18 12:00:00+00:00,5,whale_shark
-21.9013,113.9015,2005-04-03 12:00:00+00:00,4,whale_shark
-3.0475284773,135.0773952431,2012-09-18 17:40:00+00:00,9,whale_shark
-21.92743,113.89613,1997-04-17 12:00:00+00:00,4,whale_shark
22.13305,120.6925,2007-05-02 12:00:00+00:00,5,whale_shark
-21.8940961809,113.8441594002,2017-05-03 06:55:00+00:00,5,whale_shark
-21.9013,113.9015,2002-05-29 12:00:00+00:00,5,whale_shark
-21.9013,113.9015,2003-06-29 12:00:00+00:00,6,whale_shark
-23.0322,113.715,2003-06-09 12:00:00+00:00,6,whale_shark
21.345838633,-86.2669474352,2019-09-14 15:56:00+00:00,9,whale_shark
24.2856108052,-110.5926090888,2017-11-20 17:58:00+00:00,11,whale_shark
-21.9013,113.9015,2007-07-07 12:00:00+00:00,7,whale_shark
12.9333,123.533,2007-04-04 12:00:00+00:00,4,whale_shark
-21.9013,113.9015,2008-05-27 12:00:00+00:00,5,whale_shark
-21.9013,113.9015,2004-04-30 12:00:00+00:00,4,whale_shark
12.9333,123.533,2008-05-17 12:00:00+00:00,5,whale_shark
9.36293,98.02202,2005-03-04 12:00:00+00:00,3,whale_shark
-23.0322,113.715,2009-04-05 12:00:00+00:00,4,whale_shark
-23.9736,35.5122,2007-01-17 12:00:00+00:00,1,whale_shark
12.56867,42.77747,2008-12-13 12:00:00+00:00,12,whale_shark
-23.14192,113.60641,2008-05-02 12:00:00+00:00,5,whale_shark
-23.0322,113.715,2000-03-31 12:00:00+00:00,3,whale_shark
9.5140436265,123.2462969205,2016-11-19 22:17:00+00:00,11,whale_shark
24.5258329888,-110.4165897487,2009-08-09 00:14:00+00:00,8,whale_shark
12.9333,123.533,2008-03-11 12:00:00+00:00,3,whale_shark
-21.9013,113.9015,2008-05-12 12:00:00+00:00,5,whale_shark
-28.16139,-90.71611,2007-11-08 12:00:00+00:00,11,whale_shark
-23.9,35.53333,2009-04-14 12:00:00+00:00,4,whale_shark
-21.9013,113.9015,2009-07-08 12:00:00+00:00,7,whale_shark
12.9333,123.533,2008-12-18 12:00:00+00:00,12,whale_shark
-21.9013,113.9015,2004-04-18 12:00:00+00:00,4,whale_shark
-23.9736,35.5122,2007-09-12 12:00:00+00:00,9,whale_shark
12.93778,123.53806,2007-05-22 12:00:00+00:00,5,whale_shark
16.1392,-86.9041,2009-04-06 12:00:00+00:00,4,whale_shark
-21.9013,113.9015,2003-04-02 12:00:00+00:00,4,whale_shark
-21.9013,113.9015,2008-06-22 12:00:00+00:00,6,whale_shark
-21.9013,113.9015,2001-06-07 12:00:00+00:00,6,whale_shark
26.5242636233,34.1867173842,2016-08-04 07:45:00+00:00,8,whale_shark
-21.8167994493,113.985988694,2024-06-13 08:30:00+00:00,6,whale_shark
12.9333,123.533,2009-04-27 12:00:00+00:00,4,whale_shark
-21.9013,113.9015,2009-05-10 12:00:00+00:00,5,whale_shark
16.13218,-86.84927,2005-04-12 12:00:00+00:00,4,whale_shark
12.9333,123.533,2010-02-20 12:00:00+00:00,2,whale_shark
28.89222,-113.50111,2007-09-23 12:00:00+00:00,9,whale_shark
-23.9736,35.5122,2005-11-16 12:00:00+00:00,11,whale_shark
-21.9013,113.9015,2008-06-25 12:00:00+00:00,6,whale_shark
-21.9013,113.9015,2001-05-01 12:00:00+00:00,5,whale_shark
0.5942094516,123.1890891324,2024-01-31 01:30:45+00:00,1,whale_shark
-7.91417,39.64433,2008-01-16 12:00:00+00:00,1,whale_shark
12.9333,123.533,2008-05-02 12:00:00+00:00,5,whale_shark
-23.0322,113.715,1999-05-10 12:00:00+00:00,5,whale_shark
32.3268231405,-64.8033330379,2022-05-03 11:46:00+00:00,5,whale_shark
16.1392,-86.9041,2008-06-18 12:00:00+00:00,6,whale_shark
-21.9013,113.9015,2009-07-07 12:00:00+00:00,7,whale_shark
-23.86794,35.39028,2005-05-06 12:00:00+00:00,5,whale_shark
28.91635,-113.48023,2003-10-24 12:00:00+00:00,10,whale_shark
12.91667,123.51667,2009-05-23 12:00:00+00:00,5,whale_shark
2.2696798196,73.3009368989,2022-02-17 09:50:04+00:00,2,whale_shark
-35.4878936869,174.7528083803,2024-02-05 22:32:00+00:00,2,whale_shark
-23.86794,35.39028,2005-05-09 12:00:00+00:00,5,whale_shark
-23.01433,35.92812,2008-02-01 12:00:00+00:00,2,whale_shark
28.9128539185,-113.5186582962,2016-09-17 12:29:00+00:00,9,whale_shark
-21.9013,113.9015,1997-04-17 12:00:00+00:00,4,whale_shark
12.9333,123.533,2008-03-19 12:00:00+00:00,3,whale_shark
-21.92913,113.91015,1997-04-17 12:00:00+00:00,4,whale_shark
1.8088812877,118.4135257284,2023-08-26 23:03:00+00:00,8,whale_shark
-23.9736,35.5122,2006-12-17 12:00:00+00:00,12,whale_shark
-10.4629170997,105.7169048678,1995-03-20 18:00:00+00:00,3,whale_shark
-21.9013,113.9015,2008-04-25 12:00:00+00:00,4,whale_shark
12.9333,123.533,2008-01-28 12:00:00+00:00,1,whale_shark
9.5776662385,123.4919642072,2023-08-09 01:37:00+00:00,8,whale_shark
16.10047,-86.85312,2009-01-05 12:00:00+00:00,1,whale_shark
38.4298236675,-73.5400758712,2023-09-10 18:01:49+00:00,9,whale_shark
12.9333,123.533,2009-02-22 12:00:00+00:00,2,whale_shark
12.9333,123.533,2010-02-09 12:00:00+00:00,2,whale_shark
-33.721698761,18.448299408,1989-10-16 12:00:00+00:00,10,whale_shark
-21.9013,113.9015,2004-07-01 12:00:00+00:00,7,whale_shark
12.9333,123.533,2009-03-18 12:00:00+00:00,3,whale_shark
-23.9736,35.5122,2006-12-07 12:00:00+00:00,12,whale_shark
27.792,34.2625,2007-07-21 12:00:00+00:00,7,whale_shark
-21.9013,113.9015,2009-05-12 12:00:00+00:00,5,whale_shark
-21.9013,113.9015,2006-05-20 12:00:00+00:00,5,whale_shark
-21.9013,113.9015,2001-07-02 12:00:00+00:00,7,whale_shark
-23.0322,113.715,2002-05-26 12:00:00+00:00,5,whale_shark
16.1392,-86.9041,2006-05-25 12:00:00+00:00,5,whale_shark
20.126778603,40.3744379712,2026-05-01 04:36:00+00:00,5,whale_shark
12.93333,123.51667,2009-04-08 12:00:00+00:00,4,whale_shark
16.1392,-86.9041,2007-03-30 12:00:00+00:00,3,whale_shark
28.2740162833,-90.2202865325,2024-12-30 15:51:58+00:00,12,whale_shark
-23.86667,35.55,2008-12-11 12:00:00+00:00,12,whale_shark
21.59917,-86.725,2006-07-17 12:00:00+00:00,7,whale_shark
-21.96667,113.88333,2009-06-20 12:00:00+00:00,6,whale_shark
-21.9013,113.9015,2009-06-18 12:00:00+00:00,6,whale_shark
3.7069055158,72.7213537276,2023-10-24 15:55:30+00:00,10,whale_shark
12.91667,123.51667,2009-03-23 12:00:00+00:00,3,whale_shark
19.7019445326,-156.0486992723,2021-07-29 19:11:34+00:00,7,whale_shark
12.9333,123.533,2006-04-04 12:00:00+00:00,4,whale_shark
-21.9013,113.9015,2005-05-27 12:00:00+00:00,5,whale_shark
9.93333,99.98333,2009-09-26 12:00:00+00:00,9,whale_shark
16.1818379209,-86.986009007,2016-04-23 04:29:00+00:00,4,whale_shark
28.88333,-113.5,2008-08-11 12:00:00+00:00,8,whale_shark
10.16667,99.76667,2007-05-10 12:00:00+00:00,5,whale_shark
-23.0322,113.715,2001-05-25 12:00:00+00:00,5,whale_shark
-23.0322,113.715,1999-05-21 12:00:00+00:00,5,whale_shark
-21.9013,113.9015,2008-05-09 12:00:00+00:00,5,whale_shark
-23.0322,113.715,2008-03-19 12:00:00+00:00,3,whale_shark
-21.9155374194,113.8350987029,2010-04-19 04:20:00+00:00,4,whale_shark
-21.9013,113.9015,2009-04-05 12:00:00+00:00,4,whale_shark
-23.9736,35.5122,2005-11-05 12:00:00+00:00,11,whale_shark
-22.1278,113.86888,2008-06-14 12:00:00+00:00,6,whale_shark
-23.00542,35.92732,2008-03-29 12:00:00+00:00,3,whale_shark
6.9525,117.01917,2007-08-16 12:00:00+00:00,8,whale_shark
9.5446779605,123.266128418,2023-07-14 23:39:00+00:00,7,whale_shark
-23.0322,113.715,2009-04-01 12:00:00+00:00,4,whale_shark
21.7664820695,-87.3792277674,2013-07-17 15:23:35+00:00,7,whale_shark
24.1266091785,-110.3338813338,2017-11-18 17:03:00+00:00,11,whale_shark
-21.9013,113.9015,2005-06-30 12:00:00+00:00,6,whale_shark
12.9,123.56667,2009-04-09 12:00:00+00:00,4,whale_shark
12.91667,123.53333,2009-03-27 12:00:00+00:00,3,whale_shark
12.9333,123.533,2009-05-26 12:00:00+00:00,5,whale_shark
-21.9013,113.9015,2005-04-12 12:00:00+00:00,4,whale_shark
3.8623594791,73.487624034,2023-11-10 09:45:00+00:00,11,whale_shark
12.9333,123.533,2009-05-14 12:00:00+00:00,5,whale_shark
21.9109603425,-87.1030330491,2016-03-25 23:19:00+00:00,3,whale_shark
16.1392,-86.9041,2008-02-06 12:00:00+00:00,2,whale_shark
-7.89733,39.66017,2008-02-24 12:00:00+00:00,2,whale_shark
24.2299162111,-110.4644381321,2018-11-11 05:24:00+00:00,11,whale_shark
-19.41667,116.48333,2008-09-11 12:00:00+00:00,9,whale_shark
-23.9736,35.5122,2007-05-10 12:00:00+00:00,5,whale_shark
12.91667,123.53333,2009-03-13 12:00:00+00:00,3,whale_shark
-21.9013,113.9015,2006-04-19 12:00:00+00:00,4,whale_shark
-23.9736,35.5122,2008-04-24 12:00:00+00:00,4,whale_shark
-13.3938179781,48.0037816846,2024-10-07 11:15:56+00:00,10,whale_shark
-21.9013,113.9015,1996-05-05 12:00:00+00:00,5,whale_shark
3.46892,72.80692,2007-06-08 12:00:00+00:00,6,whale_shark
-21.9013,113.9015,2001-06-03 12:00:00+00:00,6,whale_shark
12.9333,123.533,2010-01-22 12:00:00+00:00,1,whale_shark
21.7369316469,-86.5374720471,2013-06-21 20:54:00+00:00,6,whale_shark
4.5506803192,118.8391520975,2025-09-03 10:00:00+00:00,9,whale_shark
-23.9736,35.5122,2007-05-20 12:00:00+00:00,5,whale_shark
-21.93,113.917,1997-05-28 12:00:00+00:00,5,whale_shark
27.88242,34.32567,2008-05-19 12:00:00+00:00,5,whale_shark
7.708058849,98.2164698148,2014-02-09 23:04:00+00:00,2,whale_shark
-21.9013,113.9015,2009-05-16 12:00:00+00:00,5,whale_shark
20.1140555847,-86.4396391695,2021-07-29 09:51:16+00:00,7,whale_shark
-23.0322,113.715,2002-05-30 12:00:00+00:00,5,whale_shark
-7.89667,39.66267,2008-02-15 12:00:00+00:00,2,whale_shark
16.1392,-86.9041,2005-12-08 12:00:00+00:00,12,whale_shark
12.9333,123.533,2009-10-28 12:00:00+00:00,10,whale_shark
12.9333,123.533,2010-02-05 12:00:00+00:00,2,whale_shark
24.2009766894,-110.4898659168,2018-01-05 02:26:11+00:00,1,whale_shark
12.9333,123.533,2007-05-03 12:00:00+00:00,5,whale_shark
3.9005051766,72.8732541592,2010-11-16 15:58:00+00:00,11,whale_shark
21.47692,-86.62527,2008-08-26 12:00:00+00:00,8,whale_shark
24.3821805027,-110.5039997426,2016-04-12 03:06:56+00:00,4,whale_shark
23.792175,-106.881025,2021-04-11 13:23:05+00:00,4,whale_shark
-10.48333,105.61667,2007-05-07 12:00:00+00:00,5,whale_shark
9.480695601,123.4568209384,2024-08-13 00:43:56+00:00,8,whale_shark
16.1392,-86.9041,2008-01-16 12:00:00+00:00,1,whale_shark
12.9333,123.533,2009-03-24 12:00:00+00:00,3,whale_shark
12.93333,123.53333,2009-03-11 12:00:00+00:00,3,whale_shark
16.1392,-86.9041,2008-12-30 12:00:00+00:00,12,whale_shark
28.08333,-90.9,2009-06-11 12:00:00+00:00,6,whale_shark
3.2426862194,73.3089357709,2019-03-31 18:41:00+00:00,3,whale_shark
21.3606359653,-86.4477715049,2019-09-14 15:56:00+00:00,9,whale_shark
-21.9013,113.9015,2009-04-26 12:00:00+00:00,4,whale_shark
-10.5019,105.6772,2006-01-01 12:00:00+00:00,1,whale_shark
21.7428584279,-86.4931531278,2023-06-28 15:34:00+00:00,6,whale_shark
-21.9013,113.9015,2006-06-08 12:00:00+00:00,6,whale_shark
-21.9013,113.9015,1999-04-14 12:00:00+00:00,4,whale_shark
24.1783116667,-110.3761966667,2026-04-22 15:53:38+00:00,4,whale_shark
-22.9004,113.72683,1999-04-27 12:00:00+00:00,4,whale_shark
-23.9736,35.5122,2006-12-27 12:00:00+00:00,12,whale_shark
-23.0322,113.715,2003-05-29 12:00:00+00:00,5,whale_shark
28.9083194444,-113.4745583333,2024-06-29 18:27:21+00:00,6,whale_shark
-22.0,113.88333,2009-05-09 12:00:00+00:00,5,whale_shark
-23.0322,113.715,2008-05-25 12:00:00+00:00,5,whale_shark
-21.9013,113.9015,2003-04-19 12:00:00+00:00,4,whale_shark
-23.9736,35.5122,2009-02-27 12:00:00+00:00,2,whale_shark
-21.9013,113.9015,2005-06-18 12:00:00+00:00,6,whale_shark
-3.0722396062,134.9205829028,2025-09-19 12:52:55+00:00,9,whale_shark
-23.0322,113.715,2002-04-13 12:00:00+00:00,4,whale_shark
-23.8498741002,35.4311500248,2023-07-02 09:53:00+00:00,7,whale_shark
28.91667,-113.53333,2008-09-02 12:00:00+00:00,9,whale_shark
24.2198852205,-110.4034673037,2018-12-01 18:21:21+00:00,12,whale_shark
-23.0322,113.715,2005-04-08 12:00:00+00:00,4,whale_shark
-21.9013,113.9015,2009-04-17 12:00:00+00:00,4,whale_shark
-23.0322,113.715,2009-05-20 12:00:00+00:00,5,whale_shark
-21.91192,113.92495,1996-04-05 12:00:00+00:00,4,whale_shark
24.1795443744,-110.3849420433,2025-11-15 18:05:00+00:00,11,whale_shark
12.92083,123.56583,2007-05-30 12:00:00+00:00,5,whale_shark
-21.93287,113.90722,2008-05-08 12:00:00+00:00,5,whale_shark
-21.9013,113.9015,2005-06-04 12:00:00+00:00,6,whale_shark
16.1392,-86.9041,2009-03-28 12:00:00+00:00,3,whale_shark
-10.5019,105.6772,2003-03-19 12:00:00+00:00,3,whale_shark
28.88333,-113.51667,2008-10-28 12:00:00+00:00,10,whale_shark
12.9333,123.533,2006-05-07 12:00:00+00:00,5,whale_shark
12.9333,123.533,2010-02-13 12:00:00+00:00,2,whale_shark
3.4665,72.83916,2007-05-04 12:00:00+00:00,5,whale_shark
-21.9013,113.9015,2004-04-21 12:00:00+00:00,4,whale_shark
-22.4959559495,113.636610623,2026-06-15 06:56:00+00:00,6,whale_shark
-22.13262,113.85792,1995-05-18 12:00:00+00:00,5,whale_shark
1.9447140357,118.5647146247,2023-08-26 22:56:00+00:00,8,whale_shark
24.337693192,-110.4309398833,2024-04-15 22:49:00+00:00,4,whale_shark
9.5349768646,123.86753456,2024-06-26 22:37:54+00:00,6,whale_shark
-32.3116989136,18.3400001526,1994-03-07 12:00:00+00:00,3,whale_shark
-21.9013,113.9015,2009-06-27 12:00:00+00:00,6,whale_shark
-23.0322,113.715,1999-04-03 12:00:00+00:00,4,whale_shark
28.9588731429,-113.5472726457,2018-08-21 22:55:00+00:00,8,whale_shark
-23.0322,113.715,2005-05-20 12:00:00+00:00,5,whale_shark
12.92,123.57056,2008-02-11 12:00:00+00:00,2,whale_shark
-21.9013,113.9015,2006-04-22 12:00:00+00:00,4,whale_shark
-23.9736,35.5122,2006-01-10 12:00:00+00:00,1,whale_shark
12.9333,123.533,2007-04-03 12:00:00+00:00,4,whale_shark
28.6442010841,-118.3920246977,2022-06-26 19:42:00+00:00,6,whale_shark
12.9333,123.533,2007-02-25 12:00:00+00:00,2,whale_shark
-23.86667,35.5,2009-07-07 12:00:00+00:00,7,whale_shark
12.93694,123.54556,2007-04-04 12:00:00+00:00,4,whale_shark
16.15667,-86.87867,2005-12-28 12:00:00+00:00,12,whale_shark
-21.9013,113.9015,2009-04-30 12:00:00+00:00,4,whale_shark
-21.9013,113.9015,2006-04-17 12:00:00+00:00,4,whale_shark
-22.23412,113.82457,2008-05-15 12:00:00+00:00,5,whale_shark
-21.98333,113.88333,2009-05-09 12:00:00+00:00,5,whale_shark
-23.0322,113.715,2008-06-16 12:00:00+00:00,6,whale_shark
-23.9736,35.5122,2006-11-25 12:00:00+00:00,11,whale_shark
-23.53333,35.55,2009-09-10 12:00:00+00:00,9,whale_shark
9.5984035358,123.5054214471,2019-10-21 00:00:00+00:00,10,whale_shark
16.1392,-86.9041,2008-08-05 12:00:00+00:00,8,whale_shark
-17.65,178.95,2003-08-15 12:00:00+00:00,8,whale_shark
28.9453143572,-113.5013670956,2023-09-18 17:43:00+00:00,9,whale_shark
-22.1,113.86667,2009-05-24 12:00:00+00:00,5,whale_shark
1.6250708548,-92.1358493132,2004-07-01 19:31:00+00:00,7,whale_shark
28.9419840554,-113.5039715779,2007-07-22 14:55:00+00:00,7,whale_shark
21.4074194596,-86.4038968826,2025-09-15 16:00:00+00:00,9,whale_shark
12.9333,123.533,2008-05-03 12:00:00+00:00,5,whale_shark
-23.0322,113.715,2005-05-11 12:00:00+00:00,5,whale_shark
-21.9013,113.9015,1999-06-01 12:00:00+00:00,6,whale_shark
16.1392,-86.9041,2005-04-09 12:00:00+00:00,4,whale_shark
-21.9013,113.9015,2003-04-28 12:00:00+00:00,4,whale_shark
-23.9736,35.5122,2007-04-26 12:00:00+00:00,4,whale_shark
3.1310097641,73.2107375818,2024-03-14 04:31:19+00:00,3,whale_shark
-21.9013,113.9015,1997-04-30 12:00:00+00:00,4,whale_shark
12.93333,123.53333,2009-03-14 12:00:00+00:00,3,whale_shark
-23.0322,113.715,2007-05-30 12:00:00+00:00,5,whale_shark
12.9333,123.533,2008-05-11 12:00:00+00:00,5,whale_shark
-23.0322,113.715,2003-06-10 12:00:00+00:00,6,whale_shark
21.6,-86.7,2009-06-12 12:00:00+00:00,6,whale_shark
-21.95843,113.91187,2007-05-12 12:00:00+00:00,5,whale_shark
16.1392,-86.9041,2008-12-24 12:00:00+00:00,12,whale_shark
-21.9013,113.9015,2003-07-09 12:00:00+00:00,7,whale_shark
12.91667,123.51667,2009-04-21 12:00:00+00:00,4,whale_shark
-21.96843,113.90601,2007-05-17 12:00:00+00:00,5,whale_shark
-23.0322,113.715,2000-04-01 12:00:00+00:00,4,whale_shark
12.9333,123.533,2009-04-19 12:00:00+00:00,4,whale_shark
16.1392,-86.9041,2005-04-19 12:00:00+00:00,4,whale_shark
21.73333,-87.05,2006-08-17 12:00:00+00:00,8,whale_shark
16.1392,-86.9041,2008-02-18 12:00:00+00:00,2,whale_shark
-21.9013,113.9015,2009-06-23 12:00:00+00:00,6,whale_shark
-10.5019,105.6772,2004-01-13 12:00:00+00:00,1,whale_shark
-23.9736,35.5122,2006-10-19 12:00:00+00:00,10,whale_shark
-21.9013,113.9015,1999-06-02 12:00:00+00:00,6,whale_shark
-23.0322,113.715,2002-05-08 12:00:00+00:00,5,whale_shark
-23.9736,35.5122,2008-04-12 12:00:00+00:00,4,whale_shark
-21.9013,113.9015,2001-04-29 12:00:00+00:00,4,whale_shark
21.2439991654,-86.707299803,2018-06-23 10:00:00+00:00,6,whale_shark
-23.9736,35.5122,2009-01-08 12:00:00+00:00,1,whale_shark
21.4665926083,-86.7771979439,2023-09-12 15:56:28+00:00,9,whale_shark
-23.86667,35.55,2009-05-29 12:00:00+00:00,5,whale_shark
-23.9736,35.5122,2005-11-20 12:00:00+00:00,11,whale_shark
-7.7830285783,39.6565050654,2017-11-12 19:57:00+00:00,11,whale_shark
-21.877203912,113.9719041956,2025-04-07 04:57:01+00:00,4,whale_shark
-21.9013,113.9015,2007-05-11 12:00:00+00:00,5,whale_shark
-21.9013,113.9015,2004-06-30 12:00:00+00:00,6,whale_shark
-21.9013,113.9015,2005-04-13 12:00:00+00:00,4,whale_shark
16.1392,-86.9041,2005-05-04 12:00:00+00:00,5,whale_shark
-23.9736,35.5122,2006-02-03 12:00:00+00:00,2,whale_shark
12.9333,123.533,2009-02-27 12:00:00+00:00,2,whale_shark
-23.0322,113.715,2009-04-28 12:00:00+00:00,4,whale_shark
12.9333,123.533,2009-01-06 12:00:00+00:00,1,whale_shark
-22.95592,113.73145,1999-04-20 12:00:00+00:00,4,whale_shark
3.406390446,72.6274427271,2024-12-03 15:21:00+00:00,12,whale_shark
-21.9013,113.9015,2009-05-14 12:00:00+00:00,5,whale_shark
-21.9013,113.9015,2003-05-30 12:00:00+00:00,5,whale_shark
-23.0322,113.715,2006-05-04 12:00:00+00:00,5,whale_shark
-21.8202258918,113.4005279326,2025-05-03 03:26:22+00:00,5,whale_shark
-21.9013,113.9015,1999-05-31 12:00:00+00:00,5,whale_shark
-23.0322,113.715,2006-07-02 12:00:00+00:00,7,whale_shark
-23.0322,113.715,2009-04-24 12:00:00+00:00,4,whale_shark
-23.0322,113.715,1999-04-18 12:00:00+00:00,4,whale_shark
24.1783466348,-110.3732533582,2024-03-08 18:30:00+00:00,3,whale_shark
12.9333,123.533,2009-03-27 12:00:00+00:00,3,whale_shark
-22.1,113.85,2006-04-22 12:00:00+00:00,4,whale_shark
-21.9005,113.9284,1996-03-28 12:00:00+00:00,3,whale_shark
-21.9013,113.9015,2009-07-02 12:00:00+00:00,7,whale_shark
12.9333,123.533,2009-02-25 12:00:00+00:00,2,whale_shark
-23.0322,113.715,2008-03-22 12:00:00+00:00,3,whale_shark
4.26667,73.0,2004-04-20 12:00:00+00:00,4,whale_shark
12.9333,123.533,2009-05-15 12:00:00+00:00,5,whale_shark
-23.0322,113.715,2002-06-25 12:00:00+00:00,6,whale_shark
9.4459111026,123.4343868851,2013-06-27 00:06:00+00:00,6,whale_shark
12.93333,123.53333,2009-04-13 12:00:00+00:00,4,whale_shark
24.1792079118,-110.37705458,2019-10-23 04:29:00+00:00,10,whale_shark
28.52722,-91.88416,2006-10-14 12:00:00+00:00,10,whale_shark
12.9333,123.533,2009-02-14 12:00:00+00:00,2,whale_shark
-21.90117,113.97553,2005-04-05 12:00:00+00:00,4,whale_shark
10.11667,99.8,2008-05-08 12:00:00+00:00,5,whale_shark
-23.0322,113.715,2009-04-16 12:00:00+00:00,4,whale_shark
-14.35,121.65,2009-04-07 12:00:00+00:00,4,whale_shark
22.0,38.0,2003-05-30 12:00:00+00:00,5,whale_shark
-21.9013,113.9015,2003-07-15 12:00:00+00:00,7,whale_shark
-13.3151309091,48.0391253225,2019-10-25 05:25:00+00:00,10,whale_shark
-10.5019,105.6772,2006-02-24 12:00:00+00:00,2,whale_shark
-21.9013,113.9015,2009-06-29 12:00:00+00:00,6,whale_shark
-21.98178,113.909,1996-04-14 12:00:00+00:00,4,whale_shark
10.16667,99.76667,2009-05-07 12:00:00+00:00,5,whale_shark
9.4539662921,123.2702070147,2016-06-14 02:01:00+00:00,6,whale_shark
-21.9013,113.9015,2005-05-03 12:00:00+00:00,5,whale_shark
12.9333,123.533,2009-04-12 12:00:00+00:00,4,whale_shark
3.475,72.82083,2008-11-19 12:00:00+00:00,11,whale_shark
-23.9736,35.5122,2008-03-01 12:00:00+00:00,3,whale_shark
-21.92225,113.91973,1996-04-04 12:00:00+00:00,4,whale_shark
16.1644390833,-95.1924311667,2025-11-21 22:19:00+00:00,11,whale_shark
-22.01903,113.8897,2007-06-26 12:00:00+00:00,6,whale_shark
-23.0322,113.715,2006-04-30 12:00:00+00:00,4,whale_shark
3.45147,72.81364,2006-04-26 12:00:00+00:00,4,whale_shark
-22.6385196086,113.5131988375,2010-04-01 17:49:00+00:00,4,whale_shark
-22.04543,113.88915,2005-05-15 12:00:00+00:00,5,whale_shark
-22.99168,113.72967,2008-05-26 12:00:00+00:00,5,whale_shark
25.6595257246,-80.1734273172,2025-11-19 17:30:00+00:00,11,whale_shark
-23.88333,35.53333,2009-09-03 12:00:00+00:00,9,whale_shark
-21.8866348072,113.8630643925,2024-06-13 08:30:00+00:00,6,whale_shark
-23.9736,35.5122,2007-02-07 12:00:00+00:00,2,whale_shark
28.89193,-113.510925,2024-08-04 22:53:08+00:00,8,whale_shark
-23.9736,35.5122,2006-11-20 12:00:00+00:00,11,whale_shark
10.123852205,99.7435304449,2026-01-21 14:49:51+00:00,1,whale_shark
9.95917,125.23833,2006-03-27 12:00:00+00:00,3,whale_shark
-23.0322,113.715,2003-05-27 12:00:00+00:00,5,whale_shark
21.75028,-87.15583,2006-08-25 12:00:00+00:00,8,whale_shark
-23.9736,35.5122,2007-06-15 12:00:00+00:00,6,whale_shark
16.1392,-86.9041,2005-04-23 12:00:00+00:00,4,whale_shark
-22.18298,113.84164,1996-03-20 12:00:00+00:00,3,whale_shark
-23.0322,113.715,2008-06-13 12:00:00+00:00,6,whale_shark
-10.4556942564,105.614520833,1995-03-20 18:00:00+00:00,3,whale_shark
-35.4795141863,174.815668682,2024-01-05 20:52:00+00:00,1,whale_shark
-23.02548,113.63937,2008-04-30 12:00:00+00:00,4,whale_shark
-23.9736,35.5122,2006-02-15 00:00:00+00:00,2,whale_shark
21.59103,-86.85975,2007-05-15 12:00:00+00:00,5,whale_shark
28.9,-113.46667,2008-09-10 12:00:00+00:00,9,whale_shark
-23.9736,35.5122,2006-10-17 12:00:00+00:00,10,whale_shark
24.178319846,-110.3831005712,2022-12-13 22:44:00+00:00,12,whale_shark
-21.96667,113.9,2009-05-28 12:00:00+00:00,5,whale_shark
23.0003905231,-110.0151752221,2017-03-15 20:37:00+00:00,3,whale_shark
-23.88333,35.55,2010-02-23 12:00:00+00:00,2,whale_shark
-23.9736,35.5122,2006-12-08 12:00:00+00:00,12,whale_shark
-23.0322,113.715,2002-04-22 12:00:00+00:00,4,whale_shark
21.73333,-87.13333,2004-08-10 12:00:00+00:00,8,whale_shark
28.9,-113.51667,2008-11-18 12:00:00+00:00,11,whale_shark
24.110928,-109.780074,2023-05-23 02:30:00+00:00,5,whale_shark
27.518611565,-83.3614370223,2020-06-30 15:32:32+00:00,6,whale_shark
-23.9736,35.5122,2008-03-23 12:00:00+00:00,3,whale_shark
-10.5019,105.6772,2005-01-03 12:00:00+00:00,1,whale_shark
-21.9013,113.9015,2003-05-31 12:00:00+00:00,5,whale_shark
24.2062403482,-110.299489068,2026-06-02 01:07:12+00:00,6,whale_shark
-21.9013,113.9015,2008-07-12 12:00:00+00:00,7,whale_shark
12.9333,123.533,2008-03-23 12:00:00+00:00,3,whale_shark
16.1392,-86.9041,2004-07-05 12:00:00+00:00,7,whale_shark
-23.0322,113.715,2002-06-22 12:00:00+00:00,6,whale_shark
10.16667,99.76667,2008-10-15 12:00:00+00:00,10,whale_shark
-23.83333,35.55,2006-03-21 12:00:00+00:00,3,whale_shark
-21.9013,113.9015,2009-04-27 12:00:00+00:00,4,whale_shark
-21.9013,113.9015,2003-06-15 12:00:00+00:00,6,whale_shark
-22.98732,113.68677,2008-04-19 12:00:00+00:00,4,whale_shark
-21.97305,113.91444,2007-06-13 12:00:00+00:00,6,whale_shark
16.1392,-86.9041,2007-04-06 12:00:00+00:00,4,whale_shark
-22.04465,113.88544,2008-05-09 12:00:00+00:00,5,whale_shark
-21.83713,113.99625,2007-05-06 12:00:00+00:00,5,whale_shark
24.94972,35.99667,2006-02-12 12:00:00+00:00,2,whale_shark
-22.9706,113.7296,1999-05-21 12:00:00+00:00,5,whale_shark
-23.0322,113.715,2001-06-08 12:00:00+00:00,6,whale_shark
-23.0322,113.715,2005-04-15 12:00:00+00:00,4,whale_shark
1.67333,-91.98972,2007-11-23 12:00:00+00:00,11,whale_shark
12.91667,123.53333,2009-04-15 12:00:00+00:00,4,whale_shark
-10.5019,105.6772,2006-01-21 12:00:00+00:00,1,whale_shark
-21.9013,113.9015,2009-06-12 12:00:00+00:00,6,whale_shark
27.18333,33.95,2009-03-01 12:00:00+00:00,3,whale_shark
5.81917,103.00584,2004-08-21 12:00:00+00:00,8,whale_shark
12.91667,123.51667,2009-04-20 12:00:00+00:00,4,whale_shark
-23.85,35.53333,2008-12-12 12:00:00+00:00,12,whale_shark
16.1392,-86.9041,2007-01-23 12:00:00+00:00,1,whale_shark
-22.0760915639,113.7458014891,2016-07-12 02:52:00+00:00,7,whale_shark
-23.0322,113.715,2009-04-25 12:00:00+00:00,4,whale_shark
1.67278,-91.99084,2007-09-29 12:00:00+00:00,9,whale_shark
-22.95,113.7,2008-03-21 12:00:00+00:00,3,whale_shark
-21.9013,113.9015,2001-05-16 12:00:00+00:00,5,whale_shark
-21.9013,113.9015,2002-06-23 12:00:00+00:00,6,whale_shark
10.6245824809,-67.1417658996,2026-01-30 15:50:16+00:00,1,whale_shark
-23.9736,35.5122,2007-06-01 12:00:00+00:00,6,whale_shark
12.91667,123.53333,2009-03-23 12:00:00+00:00,3,whale_shark
-19.90195,115.34306,2008-06-17 12:00:00+00:00,6,whale_shark
-21.9013,113.9015,2003-06-28 12:00:00+00:00,6,whale_shark
18.8749652258,72.9884074807,2020-08-12 09:27:00+00:00,8,whale_shark
-23.9736,35.5122,2007-02-19 12:00:00+00:00,2,whale_shark
-23.8118158025,35.4662260926,2016-07-25 19:49:00+00:00,7,whale_shark
-21.9013,113.9015,2002-07-08 12:00:00+00:00,7,whale_shark
-21.9013,113.9015,2001-06-06 12:00:00+00:00,6,whale_shark
19.6804140607,-156.0617992406,2026-05-10 18:44:41+00:00,5,whale_shark
24.1464121656,-110.3035675362,2024-12-31 18:52:22+00:00,12,whale_shark
-10.5019,105.6772,1996-01-14 12:00:00+00:00,1,whale_shark
-23.0322,113.715,2008-06-02 12:00:00+00:00,6,whale_shark
12.9333,123.533,2009-04-01 12:00:00+00:00,4,whale_shark
12.93444,123.53445,2007-05-09 12:00:00+00:00,5,whale_shark
9.95889,125.23972,2006-03-24 12:00:00+00:00,3,whale_shark
-22.03333,113.86667,2009-05-18 12:00:00+00:00,5,whale_shark
28.900997,-113.501192,2023-09-05 18:36:52+00:00,9,whale_shark
-20.9568399523,113.5749204681,2023-08-30 10:04:06+00:00,8,whale_shark
12.9333,123.533,2006-04-27 12:00:00+00:00,4,whale_shark
-4.58277797699,55.6666679382,1928-07-02 00:00:00+00:00,7,whale_shark
21.585,-86.87583,2007-06-16 12:00:00+00:00,6,whale_shark
25.0585966205,34.8443605943,2021-12-05 09:39:00+00:00,12,whale_shark
-23.0322,113.715,1999-05-07 12:00:00+00:00,5,whale_shark
12.9333,123.533,2009-02-13 12:00:00+00:00,2,whale_shark
3.475,72.8375,2008-05-22 12:00:00+00:00,5,whale_shark
-33.7167015076,18.4333000183,1989-10-16 12:00:00+00:00,10,whale_shark
-23.9736,35.5122,2009-01-11 12:00:00+00:00,1,whale_shark
-21.9013,113.9015,2009-04-22 12:00:00+00:00,4,whale_shark
-21.9013,113.9015,2003-07-13 12:00:00+00:00,7,whale_shark
-7.76667,113.26667,2010-02-13 12:00:00+00:00,2,whale_shark
39.4343643245,-72.083499475,2023-08-14 16:03:00+00:00,8,whale_shark
12.9333,123.533,2007-04-25 12:00:00+00:00,4,whale_shark
-21.9013,113.9015,2009-04-29 12:00:00+00:00,4,whale_shark
-21.9013,113.9015,2005-06-19 12:00:00+00:00,6,whale_shark
12.9333,123.533,2009-03-28 12:00:00+00:00,3,whale_shark
-21.94178,113.91455,2005-04-15 12:00:00+00:00,4,whale_shark
21.51667,-86.6,2009-07-16 12:00:00+00:00,7,whale_shark
12.91667,123.51667,2009-04-12 12:00:00+00:00,4,whale_shark
-21.9013,113.9015,2006-06-12 12:00:00+00:00,6,whale_shark
-21.96507,113.91109,2007-06-17 12:00:00+00:00,6,whale_shark
16.1392,-86.9041,2006-10-26 12:00:00+00:00,10,whale_shark
5.9550770407,80.5193249799,2017-02-13 01:22:00+00:00,2,whale_shark
24.2113687606,-110.5403552308,2025-11-28 07:54:00+00:00,11,whale_shark
16.1392,-86.9041,2008-08-04 12:00:00+00:00,8,whale_shark
-23.9736,35.5122,2006-10-16 12:00:00+00:00,10,whale_shark
9.4673943216,123.2240483399,2026-04-14 21:56:00+00:00,4,whale_shark
28.89965,-113.48663,2003-10-16 12:00:00+00:00,10,whale_shark
-23.9736,35.5122,2007-01-29 12:00:00+00:00,1,whale_shark
-23.0322,113.715,1999-04-13 12:00:00+00:00,4,whale_shark
-21.9013,113.9015,2002-06-07 12:00:00+00:00,6,whale_shark
25.79707,-111.3080833333,2024-04-30 20:46:57+00:00,4,whale_shark
-14.05,121.76667,1995-07-16 12:00:00+00:00,7,whale_shark
-21.9013,113.9015,2009-06-16 12:00:00+00:00,6,whale_shark
-3.7469578553,133.6969111811,2024-11-18 22:57:00+00:00,11,whale_shark
-22.81278,113.65916,2008-04-01 12:00:00+00:00,4,whale_shark
-21.9013,113.9015,2005-05-17 12:00:00+00:00,5,whale_shark
12.91667,123.55,2009-03-07 12:00:00+00:00,3,whale_shark
-23.0322,113.715,2002-06-26 12:00:00+00:00,6,whale_shark
10.1846875048,99.6920808033,2026-01-30 06:30:00+00:00,1,whale_shark
-21.9013,113.9015,2008-04-15 12:00:00+00:00,4,whale_shark
-22.99153,113.72618,1999-04-21 12:00:00+00:00,4,whale_shark
9.93333,99.98333,2009-08-22 12:00:00+00:00,8,whale_shark
24.2088599871,-110.3909073709,2018-03-26 19:35:00+00:00,3,whale_shark
9.5163701847,123.4896497614,2018-11-03 00:23:00+00:00,11,whale_shark
-15.9682606975,-5.7669362177,2018-01-29 19:01:56+00:00,1,whale_shark
-8.7056066976,117.8058378932,2026-06-27 23:00:00+00:00,6,whale_shark
-33.4967002869,27.1317005157,1974-01-31 12:00:00+00:00,1,whale_shark
-23.9736,35.5122,2006-02-23 12:00:00+00:00,2,whale_shark
-21.9013,113.9015,2007-06-07 12:00:00+00:00,6,whale_shark
12.9333,123.533,2009-03-09 12:00:00+00:00,3,whale_shark
-21.9013,113.9015,2004-06-20 12:00:00+00:00,6,whale_shark
3.5140656791,72.8901190856,2023-10-07 05:41:22+00:00,10,whale_shark
9.4082163844,123.3654352698,2016-07-25 21:32:00+00:00,7,whale_shark
3.50093,72.89973,2007-11-17 12:00:00+00:00,11,whale_shark
16.12245,-86.99695,2007-04-23 12:00:00+00:00,4,whale_shark
-21.9013,113.9015,2002-04-20 12:00:00+00:00,4,whale_shark
-23.0322,113.715,2000-04-26 12:00:00+00:00,4,whale_shark
9.36293,98.02202,2006-03-31 12:00:00+00:00,3,whale_shark
-23.93333,35.51667,2009-05-12 12:00:00+00:00,5,whale_shark
10.16667,99.76667,2009-05-08 12:00:00+00:00,5,whale_shark
-7.9508319772,39.611952129,2024-09-28 06:17:52+00:00,9,whale_shark
21.6082595844,-86.5367664159,2023-08-25 16:25:00+00:00,8,whale_shark
28.88333,-113.48333,2008-09-26 12:00:00+00:00,9,whale_shark
-21.9013,113.9015,2006-04-28 12:00:00+00:00,4,whale_shark
-21.9013,113.9015,2009-05-08 12:00:00+00:00,5,whale_shark
12.9333,123.533,2009-05-07 12:00:00+00:00,5,whale_shark
-21.9013,113.9015,2006-04-27 12:00:00+00:00,4,whale_shark
-21.9013,113.9015,2006-04-20 12:00:00+00:00,4,whale_shark
-22.09068,113.71363,2008-05-30 12:00:00+00:00,5,whale_shark
-21.9013,113.9015,2001-04-28 12:00:00+00:00,4,whale_shark
7.4182292958,-81.7154773088,2025-04-22 01:34:00+00:00,4,whale_shark
-22.961,113.73333,2008-03-31 12:00:00+00:00,3,whale_shark
-23.9736,35.5122,2008-10-12 12:00:00+00:00,10,whale_shark
-21.9013,113.9015,2009-07-05 12:00:00+00:00,7,whale_shark
12.9333,123.533,2009-02-05 12:00:00+00:00,2,whale_shark
28.89095,-113.50598,2004-09-24 12:00:00+00:00,9,whale_shark
21.71667,-87.0,2009-08-07 12:00:00+00:00,8,whale_shark
-21.9013,113.9015,2008-04-26 12:00:00+00:00,4,whale_shark
-23.85,35.55,2010-01-18 12:00:00+00:00,1,whale_shark
-21.9013,113.9015,2003-04-24 12:00:00+00:00,4,whale_shark
-21.93313,113.9154,1996-04-03 12:00:00+00:00,4,whale_shark
-21.9013,113.9015,2002-04-23 12:00:00+00:00,4,whale_shark
-23.0322,113.715,2009-06-08 12:00:00+00:00,6,whale_shark
-23.0322,113.715,2001-04-06 12:00:00+00:00,4,whale_shark
-21.857057044,113.9552721307,2024-05-10 01:59:00+00:00,5,whale_shark
-8.5702274589,118.1511397498,2024-10-25 00:13:12+00:00,10,whale_shark
-15.9375046372,-5.7297116748,2015-01-25 18:23:00+00:00,1,whale_shark
-4.63860736,55.2933381781,2024-09-29 08:30:02+00:00,9,whale_shark
-21.95212,113.88242,2005-04-13 12:00:00+00:00,4,whale_shark
-21.9013,113.9015,2003-06-08 12:00:00+00:00,6,whale_shark
12.91667,123.55,2009-05-16 12:00:00+00:00,5,whale_shark
-3.1603031092,135.1555016349,2012-09-18 17:18:00+00:00,9,whale_shark
-7.90889,39.63445,2008-01-18 12:00:00+00:00,1,whale_shark
-21.9013,113.9015,2009-07-04 12:00:00+00:00,7,whale_shark
49.33333,-123.25,2004-06-15 12:00:00+00:00,6,whale_shark
21.4856884318,-86.7195096278,2021-06-13 13:41:07+00:00,6,whale_shark
-21.9013,113.9015,2009-04-03 12:00:00+00:00,4,whale_shark
-21.9013,113.9015,2002-05-14 12:00:00+00:00,5,whale_shark
-23.9736,35.5122,2008-05-24 12:00:00+00:00,5,whale_shark
28.88333,-113.48333,2008-08-11 12:00:00+00:00,8,whale_shark
-21.9013,113.9015,2003-07-01 12:00:00+00:00,7,whale_shark
-23.85,35.55,2009-04-27 12:00:00+00:00,4,whale_shark
12.9333,123.533,2009-05-20 12:00:00+00:00,5,whale_shark
24.01667,-110.05,2005-10-22 12:00:00+00:00,10,whale_shark
-23.9736,35.5122,2008-04-18 12:00:00+00:00,4,whale_shark
24.266141787,-110.5442962563,2016-12-18 00:41:00+00:00,12,whale_shark
16.1489044696,-95.2141818709,2023-05-11 04:56:00+00:00,5,whale_shark
-21.9013,113.9015,2008-07-21 12:00:00+00:00,7,whale_shark
24.179763083,-110.3260746787,2024-02-26 17:40:00+00:00,2,whale_shark
8.82194,97.80444,2007-01-31 12:00:00+00:00,1,whale_shark
21.75,-87.13333,2006-08-05 12:00:00+00:00,8,whale_shark
-10.50194,105.67722,2008-02-18 12:00:00+00:00,2,whale_shark
12.9333,123.533,2007-04-01 12:00:00+00:00,4,whale_shark
-15.9705608294,-5.6440615885,2015-01-23 16:50:00+00:00,1,whale_shark
16.1392,-86.9041,2007-04-22 12:00:00+00:00,4,whale_shark
26.7193091399,-111.900389438,2016-03-20 17:57:00+00:00,3,whale_shark
-23.0322,113.715,2000-06-01 12:00:00+00:00,6,whale_shark
12.9333,123.533,2009-04-30 12:00:00+00:00,4,whale_shark
-21.9013,113.9015,2009-05-11 12:00:00+00:00,5,whale_shark
10.1874486074,99.7919190073,2024-08-25 01:22:04+00:00,8,whale_shark
-23.0322,113.715,2002-05-22 12:00:00+00:00,5,whale_shark
12.9333,123.533,2009-01-10 12:00:00+00:00,1,whale_shark
-21.89298,113.93568,2006-06-05 12:00:00+00:00,6,whale_shark
24.4154252196,-110.3061616838,2019-11-03 07:22:22+00:00,11,whale_shark
-23.0322,113.715,2003-05-17 12:00:00+00:00,5,whale_shark
12.9333,123.533,2009-04-26 12:00:00+00:00,4,whale_shark
21.735729266,-87.2113790901,2023-08-16 21:04:26+00:00,8,whale_shark
16.1392,-86.9041,2007-03-19 12:00:00+00:00,3,whale_shark
-21.9013,113.9015,1998-04-17 12:00:00+00:00,4,whale_shark
-23.9736,35.5122,2007-03-27 12:00:00+00:00,3,whale_shark
16.1392,-86.9041,2006-06-30 12:00:00+00:00,6,whale_shark
28.9023972286,-113.5040473938,2016-09-17 19:40:00+00:00,9,whale_shark
-21.9013,113.9015,2009-05-23 12:00:00+00:00,5,whale_shark
-21.9013,113.9015,2005-05-24 12:00:00+00:00,5,whale_shark
-22.07,113.88722,2007-07-17 12:00:00+00:00,7,whale_shark
-22.98492,113.70609,2008-04-21 12:00:00+00:00,4,whale_shark
-21.6796101576,114.3606756349,2024-08-24 05:00:01+00:00,8,whale_shark
-22.01667,113.88333,2009-05-16 12:00:00+00:00,5,whale_shark
-23.86667,35.55,2009-04-28 12:00:00+00:00,4,whale_shark
10.3145479767,123.887339507,2017-06-19 09:50:00+00:00,6,whale_shark
-22.98611,113.75555,2007-04-11 12:00:00+00:00,4,whale_shark
1.8703596138,118.1158671356,2018-04-21 08:33:25+00:00,4,whale_shark
-21.9013,113.9015,2007-07-15 12:00:00+00:00,7,whale_shark
-23.9,35.53333,2009-07-15 12:00:00+00:00,7,whale_shark
16.09362,-86.84502,2008-08-26 12:00:00+00:00,8,whale_shark
-26.75,-32.9,2009-05-28 12:00:00+00:00,5,whale_shark
24.1958612413,-110.3734304853,2024-12-26 22:57:17+00:00,12,whale_shark
-21.8647342453,113.911871393,2017-04-22 03:25:41+00:00,4,whale_shark
41.4988129881,-66.610270781,2014-08-23 20:56:00+00:00,8,whale_shark
3.6662823609,72.982843578,2022-11-23 07:14:00+00:00,11,whale_shark
16.1392,-86.9041,2008-11-19 12:00:00+00:00,11,whale_shark
11.38833,97.675,2007-02-04 12:00:00+00:00,2,whale_shark
-23.9736,35.5122,2007-04-30 12:00:00+00:00,4,whale_shark
31.37028,-114.10014,2008-06-29 12:00:00+00:00,6,whale_shark
-21.9013,113.9015,2004-06-01 12:00:00+00:00,6,whale_shark
-22.00652,113.89512,2008-05-06 12:00:00+00:00,5,whale_shark
-23.0322,113.715,2009-05-08 12:00:00+00:00,5,whale_shark
16.1392,-86.9041,2005-05-03 12:00:00+00:00,5,whale_shark
-21.8575057834,114.3091385055,2013-03-26 06:14:00+00:00,3,whale_shark
-23.0322,113.715,2002-06-29 12:00:00+00:00,6,whale_shark
16.4158154375,-88.3208903733,2018-05-07 01:44:48+00:00,5,whale_shark
-8.77293585,118.0852114321,2024-06-21 22:30:00+00:00,6,whale_shark
-23.0322,113.715,2009-03-22 12:00:00+00:00,3,whale_shark
12.9333,123.533,2010-02-04 12:00:00+00:00,2,whale_shark
27.2807267325,33.9220051289,2021-03-08 09:07:00+00:00,3,whale_shark
-23.0322,113.715,2000-05-01 12:00:00+00:00,5,whale_shark
40.1367985936,-68.508978989,2016-09-24 20:30:00+00:00,9,whale_shark
23.284290953,119.7682294671,2023-06-29 10:15:47+00:00,6,whale_shark
12.9333,123.533,2009-05-03 12:00:00+00:00,5,whale_shark
-23.0322,113.715,1999-05-29 12:00:00+00:00,5,whale_shark
-21.9013,113.9015,2007-05-27 12:00:00+00:00,5,whale_shark
-23.89639,35.55472,2008-01-03 12:00:00+00:00,1,whale_shark
12.9333,123.533,2006-09-02 12:00:00+00:00,9,whale_shark
-13.4889755273,48.2671443558,2019-10-20 14:04:00+00:00,10,whale_shark
-21.9013,113.9015,2002-07-03 12:00:00+00:00,7,whale_shark
-23.0322,113.715,2009-05-19 12:00:00+00:00,5,whale_shark
-21.9013,113.9015,2009-05-04 12:00:00+00:00,5,whale_shark
-21.9975,113.879,2006-04-11 12:00:00+00:00,4,whale_shark
21.2121690718,-86.6475231315,2026-06-05 14:59:09+00:00,6,whale_shark
28.88333,-113.48333,2008-10-02 12:00:00+00:00,10,whale_shark
-22.2,113.83334,2001-04-19 12:00:00+00:00,4,whale_shark
-23.9,35.53333,2010-02-11 12:00:00+00:00,2,whale_shark
-23.9736,35.5122,2007-04-25 12:00:00+00:00,4,whale_shark
-23.0322,113.715,2006-05-15 12:00:00+00:00,5,whale_shark
38.5875424139,-73.4479202913,2023-09-10 17:01:52+00:00,9,whale_shark
-21.9013,113.9015,2004-04-15 12:00:00+00:00,4,whale_shark
-21.9013,113.9015,2009-06-21 12:00:00+00:00,6,whale_shark
-21.99137,113.902,2006-06-05 12:00:00+00:00,6,whale_shark
27.85,34.31833,2008-06-03 12:00:00+00:00,6,whale_shark
-10.5019,105.6772,1996-01-19 12:00:00+00:00,1,whale_shark
28.25,-93.36667,2009-07-12 12:00:00+00:00,7,whale_shark
-21.9013,113.9015,2009-06-22 12:00:00+00:00,6,whale_shark
-23.0322,113.715,2003-05-16 12:00:00+00:00,5,whale_shark
-1.1031204069,130.5446338114,2019-09-23 09:30:00+00:00,9,whale_shark
-21.9013,113.9015,2007-05-10 12:00:00+00:00,5,whale_shark
-7.8297693124,39.7388681018,2021-10-10 07:04:38+00:00,10,whale_shark
-22.79565,113.63342,2008-04-02 12:00:00+00:00,4,whale_shark
-21.9253,113.91837,1996-03-29 12:00:00+00:00,3,whale_shark
-27.46667,32.65,2009-04-12 12:00:00+00:00,4,whale_shark
-23.0322,113.715,2006-05-08 12:00:00+00:00,5,whale_shark
12.9333,123.533,2008-05-07 12:00:00+00:00,5,whale_shark
19.0209031085,-112.0796482974,2024-11-26 16:05:29+00:00,11,whale_shark
-21.9013,113.9015,2005-06-09 12:00:00+00:00,6,whale_shark
6.3015468909,99.3095800522,2021-10-24 02:17:00+00:00,10,whale_shark
-21.6677206332,35.2539277365,2025-02-28 09:45:37+00:00,2,whale_shark
-23.0322,113.715,2006-05-20 12:00:00+00:00,5,whale_shark
12.9333,123.533,2009-05-18 12:00:00+00:00,5,whale_shark
1.6210311687,-91.9379796472,2018-06-15 04:54:00+00:00,6,whale_shark
16.1392,-86.9041,2006-06-25 12:00:00+00:00,6,whale_shark
21.4159752156,-86.481885895,2025-07-16 16:51:00+00:00,7,whale_shark
-23.0322,113.715,1999-05-17 12:00:00+00:00,5,whale_shark
23.6538074517,58.0606652001,2020-09-04 04:47:00+00:00,9,whale_shark
9.5131524375,123.4499792053,2013-04-17 09:39:00+00:00,4,whale_shark
9.4665832693,123.4873233596,2016-05-23 00:31:00+00:00,5,whale_shark
-21.9013,113.9015,2005-05-19 12:00:00+00:00,5,whale_shark
12.9737771095,123.5307166076,2016-05-03 01:58:40+00:00,5,whale_shark
-8.3539421603,118.2072442108,2022-11-10 06:12:20+00:00,11,whale_shark
-21.9013,113.9015,2001-04-30 12:00:00+00:00,4,whale_shark
21.46667,-86.55,2009-09-05 12:00:00+00:00,9,whale_shark
-21.9013,113.9015,2009-06-04 12:00:00+00:00,6,whale_shark
28.91667,-113.48333,2008-09-10 12:00:00+00:00,9,whale_shark
-21.9013,113.9015,2005-05-25 12:00:00+00:00,5,whale_shark
-22.3110523309,166.0741970429,2023-04-02 16:00:00+00:00,4,whale_shark
-21.9013,113.9015,2006-06-10 12:00:00+00:00,6,whale_shark
3.2209929607,73.34254656,2022-11-13 15:32:00+00:00,11,whale_shark
-23.85,-35.55,2010-02-18 12:00:00+00:00,2,whale_shark
11.66667,43.83333,2007-06-08 12:00:00+00:00,6,whale_shark
21.3985906201,-86.3710622239,2016-09-05 16:22:00+00:00,9,whale_shark
12.93,123.55583,2007-05-22 12:00:00+00:00,5,whale_shark
-23.88333,35.53333,2009-06-03 12:00:00+00:00,6,whale_shark
-21.92642,113.92087,1996-03-30 12:00:00+00:00,3,whale_shark
16.1392,-86.9041,2005-04-07 12:00:00+00:00,4,whale_shark
-21.8752632226,113.8488580007,2025-06-18 04:20:00+00:00,6,whale_shark
24.2408007042,-110.375354092,2016-11-19 18:25:15+00:00,11,whale_shark
-21.95265,113.91344,2007-05-18 12:00:00+00:00,5,whale_shark
3.2495405155,73.1460652016,2025-12-17 05:55:45+00:00,12,whale_shark
21.8504720533,-87.4988531792,2010-08-06 14:51:00+00:00,8,whale_shark
16.11583,-86.85778,2007-03-27 12:00:00+00:00,3,whale_shark
-23.0322,113.715,2005-05-10 12:00:00+00:00,5,whale_shark
-27.4317038559,32.6874883199,2008-04-26 11:28:00+00:00,4,whale_shark
24.183075,-110.34474167,2019-10-27 14:05:16+00:00,10,whale_shark
12.92778,123.54611,2007-05-04 12:00:00+00:00,5,whale_shark
-23.95722,35.53194,2008-10-27 12:00:00+00:00,10,whale_shark
-23.9736,35.5122,2007-07-12 12:00:00+00:00,7,whale_shark
-2.5999071545,135.5534630739,2012-07-13 17:55:00+00:00,7,whale_shark
21.4588930866,-86.4593039143,2026-06-26 06:00:00+00:00,6,whale_shark
-21.9013,113.9015,2005-06-11 12:00:00+00:00,6,whale_shark
29.0344968526,-113.5440661884,2012-07-28 04:16:00+00:00,7,whale_shark
-21.9632806757,114.2011417707,2015-04-14 13:47:00+00:00,4,whale_shark
24.2184918279,-110.3867913185,2016-04-10 15:31:00+00:00,4,whale_shark
16.15,-86.93333,2009-05-25 12:00:00+00:00,5,whale_shark
12.94472,123.54222,2007-04-20 12:00:00+00:00,4,whale_shark
-3.3781819866,135.0460374484,2018-06-17 23:03:00+00:00,6,whale_shark
-27.4298040628,32.6554040327,2019-03-06 12:05:00+00:00,3,whale_shark
21.5670299228,-86.0099062712,2017-08-16 09:25:00+00:00,8,whale_shark
28.9,-113.51667,2008-10-27 12:00:00+00:00,10,whale_shark
-21.9013,113.9015,2008-06-16 12:00:00+00:00,6,whale_shark
-21.9013,113.9015,2005-07-07 12:00:00+00:00,7,whale_shark
3.5018,72.89973,2007-11-19 12:00:00+00:00,11,whale_shark
-13.4866858454,48.0148061397,2025-10-09 04:34:00+00:00,10,whale_shark
16.5,-87.95,2009-04-12 12:00:00+00:00,4,whale_shark
9.2744411615,-84.1716493645,2021-06-17 01:08:24+00:00,6,whale_shark
29.76667,-87.03333,2004-10-01 12:00:00+00:00,10,whale_shark
-2.562095608,135.3017217953,2023-10-18 09:28:00+00:00,10,whale_shark
-23.0322,113.715,2005-03-25 12:00:00+00:00,3,whale_shark
0.4615733789,123.1089600158,2023-11-06 20:08:00+00:00,11,whale_shark
-23.9736,35.5122,2009-10-03 12:00:00+00:00,10,whale_shark
11.57652,42.8215,2009-01-24 12:00:00+00:00,1,whale_shark
-21.9013,113.9015,1998-06-03 12:00:00+00:00,6,whale_shark
-21.9013,113.9015,2004-06-03 12:00:00+00:00,6,whale_shark
-22.14227,113.8511,2007-06-29 12:00:00+00:00,6,whale_shark
12.9333,123.533,2007-05-16 12:00:00+00:00,5,whale_shark
-21.9013,113.9015,2002-05-12 12:00:00+00:00,5,whale_shark
-23.0322,113.715,2001-04-14 12:00:00+00:00,4,whale_shark
-21.9013,113.9015,2003-05-07 12:00:00+00:00,5,whale_shark
-23.0322,113.715,2008-04-01 12:00:00+00:00,4,whale_shark
-21.9013,113.9015,2009-05-17 12:00:00+00:00,5,whale_shark
12.93333,123.53333,2009-04-15 12:00:00+00:00,4,whale_shark
-19.41667,116.48333,2008-09-17 12:00:00+00:00,9,whale_shark
28.913927559,-113.4774455455,2018-10-08 21:49:00+00:00,10,whale_shark
-33.5816993713,26.9349994659,1984-06-19 12:00:00+00:00,6,whale_shark
21.270183265,-86.7883716392,2018-08-19 16:03:40+00:00,8,whale_shark
16.0125339344,-86.8970233604,2012-04-12 16:57:00+00:00,4,whale_shark
-23.9736,35.5122,2008-08-14 12:00:00+00:00,8,whale_shark
-21.9013,113.9015,2006-05-03 12:00:00+00:00,5,whale_shark
12.9333,123.533,2007-03-06 12:00:00+00:00,3,whale_shark
12.9687488498,123.5260302067,2017-04-10 01:13:00+00:00,4,whale_shark
-21.9013,113.9015,2007-07-03 12:00:00+00:00,7,whale_shark
16.13312,-86.88023,2009-01-07 12:00:00+00:00,1,whale_shark
-21.9013,113.9015,2006-04-25 12:00:00+00:00,4,whale_shark
7.7445223896,-81.6719773757,2023-03-09 19:56:30+00:00,3,whale_shark
28.8923816667,-113.4918283333,2017-10-11 18:09:00+00:00,10,whale_shark
-21.9013,113.9015,2005-05-15 12:00:00+00:00,5,whale_shark
12.9333,123.533,2007-03-14 12:00:00+00:00,3,whale_shark
-21.91667,113.88333,2009-05-26 12:00:00+00:00,5,whale_shark
28.8957047281,-113.499732518,2016-07-25 15:41:45+00:00,7,whale_shark
-23.0322,113.715,2005-03-26 12:00:00+00:00,3,whale_shark
-22.954,113.73016,1999-05-06 12:00:00+00:00,5,whale_shark
-21.9013,113.9015,2008-07-15 12:00:00+00:00,7,whale_shark
30.18333,-87.51667,2009-08-10 12:00:00+00:00,8,whale_shark
-21.9013,113.9015,2007-07-17 12:00:00+00:00,7,whale_shark
1.7123073138,118.4126155559,2023-08-26 23:30:00+00:00,8,whale_shark
-21.89425,113.94342,1996-03-29 12:00:00+00:00,3,whale_shark
-21.85833,113.96667,1996-03-25 12:00:00+00:00,3,whale_shark
24.2042013559,-110.3710207059,2025-12-07 16:22:50+00:00,12,whale_shark
6.33142,99.31934,2008-06-15 12:00:00+00:00,6,whale_shark
12.9333,123.533,2010-03-01 12:00:00+00:00,3,whale_shark
12.93333,123.5,2009-05-24 12:00:00+00:00,5,whale_shark
-21.9013,113.9015,2008-06-06 12:00:00+00:00,6,whale_shark
12.91667,123.55,2009-03-14 12:00:00+00:00,3,whale_shark
-27.51667,31.68333,2009-08-10 12:00:00+00:00,8,whale_shark
-23.9736,35.5122,2006-02-25 12:00:00+00:00,2,whale_shark
28.9133124987,-113.4758040681,2024-08-09 12:14:26+00:00,8,whale_shark
21.6,-86.93333,2009-09-04 12:00:00+00:00,9,whale_shark
-21.9013,113.9015,2008-04-22 12:00:00+00:00,4,whale_shark
-23.0322,113.715,2006-05-14 12:00:00+00:00,5,whale_shark
-21.9013,113.9015,2008-07-01 12:00:00+00:00,7,whale_shark
9.4291588147,123.6707677367,2024-12-28 08:52:00+00:00,12,whale_shark
-21.9013,113.9015,2000-06-07 12:00:00+00:00,6,whale_shark
16.14822,-86.86433,2005-04-11 12:00:00+00:00,4,whale_shark
16.16667,-86.83334,2006-10-02 12:00:00+00:00,10,whale_shark
-23.9736,35.5122,2005-11-26 12:00:00+00:00,11,whale_shark
9.495793475,123.2447835522,2024-07-25 09:06:00+00:00,7,whale_shark
-22.4661406742,113.7521758935,2026-06-11 02:38:24+00:00,6,whale_shark
-22.11667,113.85,2009-07-05 12:00:00+00:00,7,whale_shark
-23.91361,35.54667,2008-01-03 12:00:00+00:00,1,whale_shark
-21.9013,113.9015,1998-05-08 12:00:00+00:00,5,whale_shark
-22.01667,113.88333,2009-05-07 12:00:00+00:00,5,whale_shark
-23.0322,113.715,2002-06-15 12:00:00+00:00,6,whale_shark
24.2681948221,-110.5030780203,2017-11-21 05:43:00+00:00,11,whale_shark
21.75,-87.18333,2007-07-19 12:00:00+00:00,7,whale_shark
12.93333,123.55,2009-03-06 12:00:00+00:00,3,whale_shark
-23.0322,113.715,2006-04-21 12:00:00+00:00,4,whale_shark
-23.0322,113.715,2003-05-18 12:00:00+00:00,5,whale_shark
-21.9013,113.9015,1998-05-09 12:00:00+00:00,5,whale_shark
-23.0322,113.715,1999-06-06 12:00:00+00:00,6,whale_shark
10.1,99.8,2010-01-27 12:00:00+00:00,1,whale_shark
-23.9736,35.5122,2007-03-07 12:00:00+00:00,3,whale_shark
-23.0322,113.715,2009-05-13 12:00:00+00:00,5,whale_shark
-23.0322,113.715,2006-05-26 12:00:00+00:00,5,whale_shark
3.46667,72.83334,2009-01-23 12:00:00+00:00,1,whale_shark
15.6372190492,-96.5594670434,2022-02-26 02:50:00+00:00,2,whale_shark
21.5,-86.65,2009-07-21 12:00:00+00:00,7,whale_shark
-34.1349983215,18.3099994659,1934-04-02 12:00:00+00:00,4,whale_shark
-22.0,113.9,2009-06-20 12:00:00+00:00,6,whale_shark
-23.0322,113.715,2006-04-16 00:00:00+00:00,4,whale_shark
-21.9013,113.9015,2008-04-10 12:00:00+00:00,4,whale_shark
-23.9736,35.5122,2005-05-10 12:00:00+00:00,5,whale_shark
-23.9736,35.5122,2009-05-29 12:00:00+00:00,5,whale_shark
24.1855845733,-110.4502316343,2016-09-03 22:48:10+00:00,9,whale_shark
24.1393138333,-110.3289466667,2020-02-02 23:25:37+00:00,2,whale_shark
-22.10812,113.86632,1995-06-12 12:00:00+00:00,6,whale_shark
3.5089627748,72.8236994021,2024-08-10 05:51:37+00:00,8,whale_shark
-23.9736,35.5122,2007-05-03 12:00:00+00:00,5,whale_shark
4.1527847901,9.232814553,2021-04-23 17:59:00+00:00,4,whale_shark
-21.9013,113.9015,2002-07-12 12:00:00+00:00,7,whale_shark
-22.9625,113.6505,2008-04-22 12:00:00+00:00,4,whale_shark
-22.0878,113.8752,1996-05-01 12:00:00+00:00,5,whale_shark
3.2929235327,73.2241735504,2022-01-18 13:22:48+00:00,1,whale_shark
-21.9013,113.9015,2005-06-08 12:00:00+00:00,6,whale_shark
-22.86135,113.69627,2006-06-04 12:00:00+00:00,6,whale_shark
-21.9013,113.9015,2004-04-04 12:00:00+00:00,4,whale_shark
21.5190533853,-86.6547495356,2022-06-09 15:37:00+00:00,6,whale_shark
12.9333,123.533,2005-04-23 12:00:00+00:00,4,whale_shark
-21.9013,113.9015,2003-05-24 12:00:00+00:00,5,whale_shark
21.3513640473,-86.7632736073,2018-09-19 18:44:00+00:00,9,whale_shark
-23.0322,113.715,2009-05-11 12:00:00+00:00,5,whale_shark
-22.0611905634,113.6934781222,2017-06-24 03:26:00+00:00,6,whale_shark
12.91667,123.51667,2009-04-29 12:00:00+00:00,4,whale_shark
-21.9013,113.9015,2003-06-13 12:00:00+00:00,6,whale_shark
-21.9013,113.9015,2002-06-29 12:00:00+00:00,6,whale_shark
-21.88365,113.93649,2005-04-15 12:00:00+00:00,4,whale_shark
-21.9013,113.9015,2009-05-28 12:00:00+00:00,5,whale_shark
21.4576221152,-86.2444394328,2012-08-26 02:23:00+00:00,8,whale_shark
27.9232,34.37048,2008-06-04 12:00:00+00:00,6,whale_shark
9.5860758772,123.3770748288,2024-07-18 07:00:00+00:00,7,whale_shark
-21.9013,113.9015,2007-05-16 12:00:00+00:00,5,whale_shark
24.1854960931,-110.3720089795,2024-11-06 16:57:46+00:00,11,whale_shark
-23.9279100946,35.5972465004,2009-07-08 07:00:00+00:00,7,whale_shark
12.9333,123.533,2008-03-20 12:00:00+00:00,3,whale_shark
28.35,-89.3,2008-06-19 12:00:00+00:00,6,whale_shark
12.9333,123.533,2009-04-14 12:00:00+00:00,4,whale_shark
12.9314873306,123.4039861631,2024-03-28 14:55:00+00:00,3,whale_shark
-23.88333,35.53333,2008-12-15 12:00:00+00:00,12,whale_shark
16.12082,-86.81831,2009-01-09 12:00:00+00:00,1,whale_shark
9.5973368015,123.3195959035,2026-04-14 22:30:00+00:00,4,whale_shark
-21.9013,113.9015,2001-06-04 12:00:00+00:00,6,whale_shark
24.1810777778,-110.4093166667,2025-01-02 17:02:00+00:00,1,whale_shark
-21.9013,113.9015,2003-04-27 12:00:00+00:00,4,whale_shark
-23.90694,35.53861,2008-10-21 12:00:00+00:00,10,whale_shark
12.9333,123.533,2007-03-31 12:00:00+00:00,3,whale_shark
-33.4000015259,18.0900001526,1993-11-16 00:00:00+00:00,11,whale_shark
-23.01568,35.92852,2008-02-01 12:00:00+00:00,2,whale_shark
-21.9013,113.9015,2008-04-12 12:00:00+00:00,4,whale_shark
-23.0322,113.715,2008-06-15 12:00:00+00:00,6,whale_shark
28.9378584147,-113.5144117847,2025-10-15 18:00:00+00:00,10,whale_shark
-21.91347,113.92112,1996-03-26 12:00:00+00:00,3,whale_shark
6.3564042352,-77.4875339507,2026-05-01 13:31:20+00:00,5,whale_shark
-23.9736,35.5122,2007-10-08 12:00:00+00:00,10,whale_shark
-13.4993296196,48.126628137,2023-10-27 07:05:00+00:00,10,whale_shark
-23.9736,35.5122,2006-10-23 12:00:00+00:00,10,whale_shark
-21.9013,113.9015,2007-05-22 12:00:00+00:00,5,whale_shark
16.1392,-86.9041,2005-04-16 00:00:00+00:00,4,whale_shark
-21.9013,113.9015,2002-05-16 12:00:00+00:00,5,whale_shark
-21.9013,113.9015,2002-07-13 12:00:00+00:00,7,whale_shark
12.9333,123.533,2009-03-20 12:00:00+00:00,3,whale_shark
-7.91056,39.64,2008-02-27 12:00:00+00:00,2,whale_shark
21.57361,-86.82889,2005-06-22 12:00:00+00:00,6,whale_shark
-21.9013,113.9015,2006-05-23 12:00:00+00:00,5,whale_shark
-21.9013,113.9015,2003-06-17 12:00:00+00:00,6,whale_shark
28.89389,-113.49333,2007-09-27 12:00:00+00:00,9,whale_shark
24.1323730408,-110.3888205137,2022-02-02 20:32:00+00:00,2,whale_shark
-21.9013,113.9015,2008-05-02 12:00:00+00:00,5,whale_shark
-21.9013,113.9015,2003-06-05 12:00:00+00:00,6,whale_shark
16.1392,-86.9041,2005-05-11 12:00:00+00:00,5,whale_shark
-21.9013,113.9015,2002-05-19 12:00:00+00:00,5,whale_shark
-26.76667,32.88334,2009-05-27 12:00:00+00:00,5,whale_shark
10.1058638621,125.1876499708,2025-01-21 21:11:00+00:00,1,whale_shark
3.47415,72.79283,2007-05-23 12:00:00+00:00,5,whale_shark
12.9333,123.533,2007-06-02 12:00:00+00:00,6,whale_shark
16.1392,-86.9041,2005-04-13 12:00:00+00:00,4,whale_shark
-21.9013,113.9015,2008-06-08 12:00:00+00:00,6,whale_shark
3.49167,72.90417,2008-11-27 12:00:00+00:00,11,whale_shark
21.4325827526,-86.4892375753,2017-07-21 09:04:03+00:00,7,whale_shark
-23.9736,35.5122,2007-04-14 12:00:00+00:00,4,whale_shark
-10.35,150.73334,2006-06-03 12:00:00+00:00,6,whale_shark
12.9333,123.533,2010-02-11 12:00:00+00:00,2,whale_shark
-21.9013,113.9015,1998-06-02 12:00:00+00:00,6,whale_shark
-23.9736,35.5122,2006-12-15 12:00:00+00:00,12,whale_shark
-22.8540392517,-42.0706614779,2026-04-24 18:08:00+00:00,4,whale_shark
12.9333,123.533,2009-03-22 12:00:00+00:00,3,whale_shark
-23.0322,113.715,2002-04-14 12:00:00+00:00,4,whale_shark
8.490168406,-83.2123655559,2024-02-10 18:19:42+00:00,2,whale_shark
-22.05008,113.88065,1995-06-26 12:00:00+00:00,6,whale_shark
28.88333,-113.48333,2008-09-10 12:00:00+00:00,9,whale_shark
-23.0322,113.715,2005-05-25 12:00:00+00:00,5,whale_shark
12.9333,123.533,2008-05-04 12:00:00+00:00,5,whale_shark
34.02,-120.49,1994-09-24 15:03:00+00:00,9,blue_whale
37.7,-122.98,1993-09-26 15:15:00+00:00,9,blue_whale
10.22,-98.35,1989-10-22 13:20:00+00:00,10,blue_whale
34.14,-119.79,1995-08-28 14:27:00+00:00,8,blue_whale
24.68,-112.3,1988-04-02 09:00:00+00:00,4,blue_whale
36.63,-122.06,2000-09-04 10:57:00+00:00,9,blue_whale
36.59,-122.01,2001-10-18 11:55:00+00:00,10,blue_whale
36.99,-122.35,1993-08-26 09:01:00+00:00,8,blue_whale
38.31,-123.22,1992-09-14 11:02:00+00:00,9,blue_whale
36.79,-122.1,2001-09-20 11:46:00+00:00,9,blue_whale
36.8,-122.15,2000-09-10 15:12:00+00:00,9,blue_whale
38.32,-123.26,1990-09-22 17:16:00+00:00,9,blue_whale
37.65741667,-25.4733,2018-04-27 10:55:00+00:00,4,blue_whale
-15.89,-4.63,1970-05-09 09:00:00+00:00,5,blue_whale
34.12,-120.18,2002-07-24 10:02:00+00:00,7,blue_whale
34.13,-120.62,2001-07-26 10:11:00+00:00,7,blue_whale
-64.479833,-61.7075,2024-02-25 18:14:00+00:00,2,blue_whale
34.03,-120.55,2001-07-25 10:42:00+00:00,7,blue_whale
38.16,-123.28,2003-10-26 16:36:00+00:00,10,blue_whale
29.67,-115.88,2000-07-30 00:00:00+00:00,7,blue_whale
37.73735,-25.78518333,2018-05-25 14:30:00+00:00,5,blue_whale
36.68,-122.0,2000-10-07 11:18:00+00:00,10,blue_whale
25.890519,-111.073151,2022-12-21 11:52:00+00:00,12,blue_whale
37.71,-123.15,2004-08-02 12:15:00+00:00,8,blue_whale
34.15,-120.61,2004-10-23 10:05:00+00:00,10,blue_whale
34.14,-119.93,1999-06-27 12:45:00+00:00,6,blue_whale
38.27,-123.44,1990-09-24 16:51:00+00:00,9,blue_whale
43.57,-124.41,2001-09-21 17:35:00+00:00,9,blue_whale
34.11,-120.16,1996-08-12 16:04:00+00:00,8,blue_whale
36.7,-121.99,2000-10-07 11:48:00+00:00,10,blue_whale
36.76,-121.96,2003-09-29 13:49:00+00:00,9,blue_whale
38.38,-123.45,1987-10-11 12:28:00+00:00,10,blue_whale
37.84,-123.03,1986-08-17 09:45:00+00:00,8,blue_whale
38.4,-123.28,1990-09-21 13:14:00+00:00,9,blue_whale
-54.0198,-38.081703,2024-02-12 20:21:00+00:00,2,blue_whale
34.29,-119.92,2003-07-20 08:00:00+00:00,7,blue_whale
27.61,-112.23,1988-04-04 11:39:00+00:00,4,blue_whale
37.91,-123.45,1989-09-13 15:15:00+00:00,9,blue_whale
36.89,-122.22,2000-08-30 14:02:00+00:00,8,blue_whale
37.02,-122.41,1993-08-28 16:00:00+00:00,8,blue_whale
34.17,-119.77,1992-07-06 13:05:00+00:00,7,blue_whale
38.09,-123.45,1991-10-11 14:00:00+00:00,10,blue_whale
37.64,-123.03,1987-07-11 12:54:00+00:00,7,blue_whale
36.69,-121.94,1999-07-16 00:00:00+00:00,7,blue_whale
41.86,-124.4,1998-10-06 14:02:00+00:00,10,blue_whale
36.79,-121.94,2002-09-03 10:45:00+00:00,9,blue_whale
34.12,-120.04,1995-08-25 12:55:00+00:00,8,blue_whale
38.2,-123.26,1990-09-26 11:54:00+00:00,9,blue_whale
37.55,-122.96,1998-08-12 16:04:00+00:00,8,blue_whale
34.1,-120.18,1998-07-08 12:03:00+00:00,7,blue_whale
34.12,-120.18,1997-07-12 09:11:00+00:00,7,blue_whale
32.907013,-117.407271,2006-07-08 18:08:00+00:00,7,blue_whale
32.65,-119.31,1995-08-16 15:25:00+00:00,8,blue_whale
34.13,-119.92,1999-06-27 18:00:00+00:00,6,blue_whale
36.7,-121.98,2000-10-03 11:05:00+00:00,10,blue_whale
38.39,-123.21,1990-09-20 14:05:00+00:00,9,blue_whale
34.12,-119.81,1992-07-09 09:03:00+00:00,7,blue_whale
34.19,-120.55,1995-10-05 14:00:00+00:00,10,blue_whale
33.33,-119.83,1995-08-23 10:05:00+00:00,8,blue_whale
34.15,-120.23,1997-08-13 11:32:00+00:00,8,blue_whale
36.8,-122.07,2000-08-18 10:05:00+00:00,8,blue_whale
34.57,-120.81,2003-08-31 14:39:00+00:00,8,blue_whale
38.13,-123.4,1989-10-25 12:39:00+00:00,10,blue_whale
36.8,-121.9,1987-08-19 00:00:00+00:00,8,blue_whale
65.686491,-18.065402,2025-09-12 13:37:00+00:00,9,blue_whale
36.88,-122.21,2000-08-25 11:54:00+00:00,8,blue_whale
38.27,-123.4,2003-10-26 15:25:00+00:00,10,blue_whale
37.81,-123.0,2002-07-21 16:33:00+00:00,7,blue_whale
34.06,-120.57,1993-08-03 11:55:00+00:00,8,blue_whale
34.13,-120.0,1995-08-24 11:32:00+00:00,8,blue_whale
34.08,-120.59,2004-09-23 11:51:00+00:00,9,blue_whale
38.56,-123.66,1992-10-06 14:41:00+00:00,10,blue_whale
36.62,-122.0,1998-10-17 00:00:00+00:00,10,blue_whale
39.14,-123.9,1992-11-12 09:52:00+00:00,11,blue_whale
39.46,-123.97,1992-10-22 11:02:00+00:00,10,blue_whale
34.12,-120.62,2001-07-26 12:04:00+00:00,7,blue_whale
34.1,-120.03,1994-09-09 12:15:00+00:00,9,blue_whale
38.4,-123.46,2003-10-26 12:16:00+00:00,10,blue_whale
33.77,-120.16,2001-08-23 12:45:00+00:00,8,blue_whale
37.67,-123.12,2000-11-17 11:12:00+00:00,11,blue_whale
34.02,-120.51,1995-08-20 08:49:00+00:00,8,blue_whale
34.14,-120.09,2004-07-18 14:06:00+00:00,7,blue_whale
38.16,-123.15,1996-08-17 12:49:00+00:00,8,blue_whale
37.0,-122.4,1998-08-10 11:01:00+00:00,8,blue_whale
36.81,-122.07,1993-08-17 11:02:00+00:00,8,blue_whale
39.45,-123.96,1992-10-23 08:07:00+00:00,10,blue_whale
36.79,-122.07,2002-09-20 10:22:00+00:00,9,blue_whale
36.8,-121.9,1986-10-13 00:00:00+00:00,10,blue_whale
32.2,-120.0,1989-06-06 22:00:00+00:00,6,blue_whale
34.13,-119.98,2004-07-23 12:07:00+00:00,7,blue_whale
33.33,-119.83,1995-08-23 10:04:00+00:00,8,blue_whale
38.2,-123.19,1988-10-01 14:55:00+00:00,10,blue_whale
32.78,-117.38,1998-06-07 14:51:00+00:00,6,blue_whale
36.59,-122.02,2001-10-18 11:35:00+00:00,10,blue_whale
38.2833,-123.2016,1981-09-09 14:39:00+00:00,9,blue_whale
34.15,-119.81,1992-06-20 14:03:00+00:00,6,blue_whale
38.27,-123.27,1999-09-17 14:22:00+00:00,9,blue_whale
33.14,-117.5,2015-07-23 14:56:00+00:00,7,blue_whale
34.11,-120.13,1998-08-04 11:45:00+00:00,8,blue_whale
38.07,-123.37,1990-10-30 10:04:00+00:00,10,blue_whale
34.14,-119.89,1999-06-25 12:03:00+00:00,6,blue_whale
33.6811,-118.3454,2016-09-20 17:10:00+00:00,9,blue_whale
34.12,-120.02,2002-10-31 12:28:00+00:00,10,blue_whale
34.4,-120.47,1992-06-06 10:12:00+00:00,6,blue_whale
25.36,-116.01,2003-12-06 00:00:00+00:00,12,blue_whale
37.95,-123.39,1996-11-01 11:31:00+00:00,11,blue_whale
34.14,-120.0,1995-08-24 11:04:00+00:00,8,blue_whale
38.04,-123.51,1990-11-13 13:25:00+00:00,11,blue_whale
34.11,-120.05,1998-07-23 13:28:00+00:00,7,blue_whale
34.87,-120.84,2002-10-04 14:18:00+00:00,10,blue_whale
36.7,-122.0,1992-08-24 14:03:00+00:00,8,blue_whale
34.13,-119.93,1999-06-27 17:42:00+00:00,6,blue_whale
38.03,-123.52,1990-11-13 13:17:00+00:00,11,blue_whale
34.07,-120.58,2004-09-22 16:30:00+00:00,9,blue_whale
34.13,-120.12,1995-07-05 13:05:00+00:00,7,blue_whale
34.11,-120.61,2001-07-25 13:44:00+00:00,7,blue_whale
38.32,-123.1,2002-09-28 18:18:00+00:00,9,blue_whale
34.21,-120.46,1998-07-30 12:15:00+00:00,7,blue_whale
32.8864,-119.1256,2023-07-24 09:34:00+00:00,7,blue_whale
37.72,-123.07,2000-08-27 16:00:00+00:00,8,blue_whale
36.8,-121.9,1986-10-25 00:00:00+00:00,10,blue_whale
37.84,-123.09,1988-09-02 10:49:00+00:00,9,blue_whale
34.12,-120.19,1994-10-09 11:15:00+00:00,10,blue_whale
34.19,-120.47,2002-07-28 09:05:00+00:00,7,blue_whale
34.17,-120.36,1997-09-05 10:04:00+00:00,9,blue_whale
34.12,-119.84,1994-09-16 14:24:00+00:00,9,blue_whale
34.84,-120.83,2002-10-04 13:32:00+00:00,10,blue_whale
37.68,-123.07,1989-09-14 13:38:00+00:00,9,blue_whale
33.6787,-118.3021,2016-04-30 13:45:00+00:00,4,blue_whale
36.73,-122.05,1999-10-19 00:00:00+00:00,10,blue_whale
34.01,-120.47,1994-09-24 16:00:00+00:00,9,blue_whale
37.85,-123.19,1996-09-03 17:36:00+00:00,9,blue_whale
34.13,-119.93,1999-06-27 17:44:00+00:00,6,blue_whale
36.8,-121.9,1986-10-16 00:00:00+00:00,10,blue_whale
41.91,-124.53,2004-10-13 14:36:00+00:00,10,blue_whale
34.22,-120.4,1994-09-25 10:03:00+00:00,9,blue_whale
34.13,-119.89,1999-06-25 15:01:00+00:00,6,blue_whale
36.65,-121.98,2003-08-31 14:48:00+00:00,8,blue_whale
24.61,-113.31,1995-11-03 00:00:00+00:00,11,blue_whale
34.06,-120.56,2004-10-23 13:42:00+00:00,10,blue_whale
36.7,-122.07,1996-08-06 18:31:00+00:00,8,blue_whale
34.13,-120.2,1996-08-12 12:55:00+00:00,8,blue_whale
25.669258,-110.901991,2026-03-01 17:09:00+00:00,3,blue_whale
34.2,-120.0,1992-06-21 00:00:00+00:00,6,blue_whale
34.16,-120.64,2004-09-22 11:10:00+00:00,9,blue_whale
36.65,-122.01,2000-09-12 09:15:00+00:00,9,blue_whale
37.44295,-25.53908333,2009-05-18 14:30:00+00:00,5,blue_whale
34.13,-120.19,1994-07-31 12:00:00+00:00,7,blue_whale
37.66,-123.05,1989-09-14 15:00:00+00:00,9,blue_whale
-8.21,123.48,2017-11-13 16:00:00+00:00,11,blue_whale
37.77,-123.22,1998-08-13 13:28:00+00:00,8,blue_whale
36.24,-121.98,1999-07-18 10:23:00+00:00,7,blue_whale
34.1,-119.82,1992-06-11 11:45:00+00:00,6,blue_whale
34.1,-119.83,1992-06-11 10:25:00+00:00,6,blue_whale
34.13,-119.9,2002-10-31 13:48:00+00:00,10,blue_whale
34.02,-120.53,1995-08-20 09:37:00+00:00,8,blue_whale
34.2,-120.0,2003-08-25 00:00:00+00:00,8,blue_whale
34.1,-120.61,1995-10-05 11:15:00+00:00,10,blue_whale
34.13,-119.89,1999-06-25 14:49:00+00:00,6,blue_whale
38.15,-123.2,1999-09-20 18:46:00+00:00,9,blue_whale
34.15,-120.0,1994-10-10 10:06:00+00:00,10,blue_whale
36.48,-122.0,2001-10-20 12:46:00+00:00,10,blue_whale
30.08,-115.96,1989-05-07 15:44:00+00:00,5,blue_whale
32.85,-119.2,1993-07-31 12:54:00+00:00,7,blue_whale
34.15,-120.02,1992-07-09 14:08:00+00:00,7,blue_whale
37.08,-122.49,1993-08-26 14:38:00+00:00,8,blue_whale
34.13,-119.8,2002-09-23 09:33:00+00:00,9,blue_whale
34.03,-120.55,2001-07-25 10:03:00+00:00,7,blue_whale
34.12,-120.62,2001-07-26 11:59:00+00:00,7,blue_whale
34.13,-119.91,1999-06-25 14:01:00+00:00,6,blue_whale
34.11,-120.6,2001-07-26 13:15:00+00:00,7,blue_whale
37.5,-122.72,1999-07-22 16:38:00+00:00,7,blue_whale
37.7,-123.12,1996-09-12 14:45:00+00:00,9,blue_whale
36.8,-121.9,1987-10-05 00:00:00+00:00,10,blue_whale
34.12,-120.17,2002-08-18 10:03:00+00:00,8,blue_whale
38.0,-123.38,1988-10-01 14:34:00+00:00,10,blue_whale
34.11,-120.18,1997-07-08 18:07:00+00:00,7,blue_whale
37.48,-123.0,1996-08-27 19:05:00+00:00,8,blue_whale
34.49,-120.67,1994-09-17 12:45:00+00:00,9,blue_whale
37.57,-123.03,1999-09-21 11:37:00+00:00,9,blue_whale
36.7,-121.97,2003-08-07 10:01:00+00:00,8,blue_whale
36.81,-122.05,1993-08-09 11:17:00+00:00,8,blue_whale
22.41,-110.78,1993-08-30 09:03:00+00:00,8,blue_whale
-39.133,143.13,2012-01-16 13:00:00+00:00,1,blue_whale
34.13,-119.88,1999-06-25 15:02:00+00:00,6,blue_whale
34.11,-119.98,1999-06-22 18:03:00+00:00,6,blue_whale
34.11,-119.98,1999-06-22 18:00:00+00:00,6,blue_whale
30.39,-116.1,1989-05-08 10:21:00+00:00,5,blue_whale
38.34,-123.28,1999-09-16 16:41:00+00:00,9,blue_whale
34.1,-120.6,2004-09-22 14:53:00+00:00,9,blue_whale
34.09,-120.61,2001-07-25 16:09:00+00:00,7,blue_whale
32.88,-119.47,1993-07-31 16:01:00+00:00,7,blue_whale
37.89,-123.19,1988-09-01 12:02:00+00:00,9,blue_whale
36.71,-122.06,1994-09-23 13:14:00+00:00,9,blue_whale
34.14,-119.81,2002-09-23 10:43:00+00:00,9,blue_whale
32.3833,-119.0083,1977-07-03 13:30:00+00:00,7,blue_whale
37.49,-122.99,1995-09-04 12:00:00+00:00,9,blue_whale
34.15,-119.86,1994-09-16 11:28:00+00:00,9,blue_whale
36.666285,-121.957855,2018-10-16 17:00:00+00:00,10,blue_whale
34.49,-120.75,1994-09-17 15:00:00+00:00,9,blue_whale
36.75,-121.98,2003-09-26 12:52:00+00:00,9,blue_whale
-42.4137,-74.6005,2017-02-14 21:41:00+00:00,2,blue_whale
33.53,-119.55,1997-11-02 07:47:00+00:00,11,blue_whale
38.05,-123.42,1987-08-29 14:02:00+00:00,8,blue_whale
36.8,-121.9,1986-10-06 00:00:00+00:00,10,blue_whale
34.08,-120.59,2001-07-25 12:12:00+00:00,7,blue_whale
37.7,-123.08,1994-08-26 12:05:00+00:00,8,blue_whale
33.41,-117.66,2016-08-31 12:39:00+00:00,8,blue_whale
-38.794,143.005,2012-01-16 12:02:00+00:00,1,blue_whale
40.8,-71.816667,1990-07-31 11:11:00+00:00,7,blue_whale
34.19,-119.87,1999-06-26 10:32:00+00:00,6,blue_whale
34.12,-120.15,1999-06-22 15:36:00+00:00,6,blue_whale
37.77,-123.23,2003-10-28 14:45:00+00:00,10,blue_whale
32.16,-121.11,1991-09-12 14:05:00+00:00,9,blue_whale
38.29,-123.25,1999-09-17 15:43:00+00:00,9,blue_whale
41.78,-124.47,2004-10-14 11:43:00+00:00,10,blue_whale
38.25,-123.25,1990-09-07 16:03:00+00:00,9,blue_whale
38.04,-123.51,1987-08-30 12:05:00+00:00,8,blue_whale
37.67,-122.98,1996-08-24 09:39:00+00:00,8,blue_whale
32.86,-117.33,1998-06-05 07:58:00+00:00,6,blue_whale
37.73,-123.18,2002-07-22 16:02:00+00:00,7,blue_whale
32.207761,-118.848055,2005-07-02 12:26:00+00:00,7,blue_whale
34.12,-119.97,2002-06-26 09:46:00+00:00,6,blue_whale
34.14,-119.88,1994-09-16 11:59:00+00:00,9,blue_whale
36.82,-121.84,2003-07-25 19:34:00+00:00,7,blue_whale
36.86,-122.19,2001-09-21 11:55:00+00:00,9,blue_whale
33.17,-117.92,1993-07-30 09:02:00+00:00,7,blue_whale
36.77,-121.97,2003-10-05 10:29:00+00:00,10,blue_whale
38.09,-123.5,1991-10-10 13:03:00+00:00,10,blue_whale
36.64,-122.01,1998-09-21 10:32:00+00:00,9,blue_whale
32.040214,-119.143893,2005-07-02 16:37:00+00:00,7,blue_whale
31.87,-116.88,1989-05-10 09:02:00+00:00,5,blue_whale
39.45,-123.91,1992-10-07 09:48:00+00:00,10,blue_whale
34.12,-120.19,1997-07-31 11:51:00+00:00,7,blue_whale
34.13,-120.2,1996-08-12 13:19:00+00:00,8,blue_whale
34.43,-122.8,1993-09-07 11:01:00+00:00,9,blue_whale
33.4,-119.56,2001-06-25 11:33:00+00:00,6,blue_whale
30.21,-116.4,1980-07-09 00:00:00+00:00,7,blue_whale
37.76,-123.25,1988-08-28 16:05:00+00:00,8,blue_whale
34.12,-120.5,1996-07-21 17:45:00+00:00,7,blue_whale
34.14,-119.8,2002-09-23 12:21:00+00:00,9,blue_whale
34.13,-120.01,1994-10-10 14:46:00+00:00,10,blue_whale
34.1,-120.08,2002-06-27 13:01:00+00:00,6,blue_whale
38.67,-123.63,1999-09-16 12:19:00+00:00,9,blue_whale
34.1,-120.18,1999-06-20 10:47:00+00:00,6,blue_whale
38.67,-123.62,1999-09-16 12:29:00+00:00,9,blue_whale
37.76,-123.16,1989-09-13 16:06:00+00:00,9,blue_whale
33.94,-120.44,2001-08-23 08:24:00+00:00,8,blue_whale
32.79,-117.37,1998-06-05 14:23:00+00:00,6,blue_whale
34.58,-120.8,2003-08-31 14:08:00+00:00,8,blue_whale
34.18,-119.88,1992-07-09 11:23:00+00:00,7,blue_whale
34.73,-120.84,2001-06-21 17:16:00+00:00,6,blue_whale
34.79,-120.81,2002-10-05 12:29:00+00:00,10,blue_whale
34.13,-120.04,1994-10-09 17:03:00+00:00,10,blue_whale
25.65698,-111.10751,2025-02-19 11:28:00+00:00,2,blue_whale
34.2,-119.86,1997-07-05 10:34:00+00:00,7,blue_whale
36.71,-121.96,1998-09-23 10:45:00+00:00,9,blue_whale
49.7,-52.95,1974-08-18 17:36:00+00:00,8,blue_whale
38.32,-123.46,1992-09-29 17:15:00+00:00,9,blue_whale
32.7,-117.5,2018-05-05 12:00:00+00:00,5,blue_whale
34.2,-120.0,1992-07-19 00:00:00+00:00,7,blue_whale
38.18,-123.37,1989-10-26 15:05:00+00:00,10,blue_whale
36.75,-121.96,2000-09-15 13:04:00+00:00,9,blue_whale
32.78,-117.38,1998-06-06 12:18:00+00:00,6,blue_whale
34.1,-120.61,2004-09-22 14:45:00+00:00,9,blue_whale
34.12,-120.04,2002-08-15 11:11:00+00:00,8,blue_whale
38.0,-123.1,1986-09-15 18:00:00+00:00,9,blue_whale
38.25,-123.2,1992-09-10 12:29:00+00:00,9,blue_whale
34.05,-120.58,1992-07-13 15:25:00+00:00,7,blue_whale
34.1,-119.95,2003-07-26 00:00:00+00:00,7,blue_whale
34.12,-120.17,2002-08-18 10:02:00+00:00,8,blue_whale
41.78,-124.38,2003-09-06 16:01:00+00:00,9,blue_whale
36.68,-122.02,1995-08-22 13:14:00+00:00,8,blue_whale
34.178228,-122.688763,2004-11-17 13:06:00+00:00,11,blue_whale
34.11,-120.1,1995-08-21 13:27:00+00:00,8,blue_whale
39.5,-123.96,1992-10-22 14:26:00+00:00,10,blue_whale
28.32,-115.48,1989-05-06 13:27:00+00:00,5,blue_whale
37.94,-123.11,1986-08-15 13:00:00+00:00,8,blue_whale
36.79,-122.1,1998-09-16 00:00:00+00:00,9,blue_whale
25.61724,-110.995319,2026-03-01 18:08:00+00:00,3,blue_whale
33.62487,-118.29337,2016-07-01 16:38:00+00:00,7,blue_whale
36.76,-121.94,2003-08-05 12:04:00+00:00,8,blue_whale
34.09,-119.84,1992-06-11 12:17:00+00:00,6,blue_whale
38.33,-123.28,1992-09-10 17:24:00+00:00,9,blue_whale
34.14,-119.96,2004-07-23 12:33:00+00:00,7,blue_whale
38.08,-123.48,1992-09-11 16:05:00+00:00,9,blue_whale
34.15,-119.97,1994-09-18 14:56:00+00:00,9,blue_whale
37.65,-123.06,2000-11-17 10:21:00+00:00,11,blue_whale
34.19,-120.42,1998-07-30 14:02:00+00:00,7,blue_whale
39.29,-123.94,1992-10-23 10:11:00+00:00,10,blue_whale
34.15,-119.94,1992-09-02 12:05:00+00:00,9,blue_whale
34.1,-119.83,1992-06-11 13:03:00+00:00,6,blue_whale
34.19,-119.92,2000-08-03 12:27:00+00:00,8,blue_whale
36.63,-122.0,1996-08-16 13:02:00+00:00,8,blue_whale
34.6,-120.81,2003-08-31 15:07:00+00:00,8,blue_whale
36.62,-122.09,1998-07-23 13:04:00+00:00,7,blue_whale
36.67,-122.0,2000-10-25 10:11:00+00:00,10,blue_whale
34.1,-120.61,2001-07-25 16:38:00+00:00,7,blue_whale
36.69,-122.0,2000-10-16 10:46:00+00:00,10,blue_whale
34.09,-120.5,2002-07-27 16:35:00+00:00,7,blue_whale
34.12,-120.05,1997-08-21 11:19:00+00:00,8,blue_whale
36.79,-122.09,2001-09-17 09:53:00+00:00,9,blue_whale
38.16,-123.29,1992-08-29 11:02:00+00:00,8,blue_whale
33.99,-120.46,1994-09-24 16:03:00+00:00,9,blue_whale
37.67,-123.12,2000-11-17 11:37:00+00:00,11,blue_whale
37.62,-123.03,2000-11-17 09:58:00+00:00,11,blue_whale
36.76,-121.91,2002-09-16 11:55:00+00:00,9,blue_whale
34.21,-120.46,2002-07-28 10:59:00+00:00,7,blue_whale
36.69,-121.98,2001-08-26 09:49:00+00:00,8,blue_whale
36.49,-122.0,2001-10-07 11:16:00+00:00,10,blue_whale
34.58,-120.81,2003-08-31 14:29:00+00:00,8,blue_whale
36.62,-122.14,1998-07-23 17:04:00+00:00,7,blue_whale
33.546454,-118.11102,2017-06-12 16:29:00+00:00,6,blue_whale
34.14,-119.8,2002-09-23 12:37:00+00:00,9,blue_whale
37.24,-122.81,2001-09-11 10:25:00+00:00,9,blue_whale
34.1,-120.11,2001-07-25 19:03:00+00:00,7,blue_whale
38.01,-123.2,1988-10-12 14:42:00+00:00,10,blue_whale
41.92,-124.51,2004-10-13 15:18:00+00:00,10,blue_whale
25.5,-111.1,1989-03-07 00:00:00+00:00,3,blue_whale
7.71,-92.78,1992-10-15 10:55:00+00:00,10,blue_whale
34.14,-119.89,1992-07-08 15:25:00+00:00,7,blue_whale
-38.571,141.9,2012-01-13 10:15:00+00:00,1,blue_whale
36.76,-121.93,2003-08-05 12:13:00+00:00,8,blue_whale
34.13,-120.62,2004-10-23 12:50:00+00:00,10,blue_whale
38.19,-123.25,1990-09-26 10:45:00+00:00,9,blue_whale
34.13,-120.11,1994-10-06 12:04:00+00:00,10,blue_whale
34.1,-120.05,1997-06-19 12:05:00+00:00,6,blue_whale
34.14,-120.25,1996-08-13 13:43:00+00:00,8,blue_whale
39.38,-123.98,1997-10-02 11:01:00+00:00,10,blue_whale
34.07,-120.56,1995-08-20 14:42:00+00:00,8,blue_whale
39.29,-123.91,1992-10-08 13:14:00+00:00,10,blue_whale
36.74,-121.96,2003-09-13 10:51:00+00:00,9,blue_whale
34.06,-120.58,2001-07-25 11:04:00+00:00,7,blue_whale
36.79,-122.17,1998-10-02 12:03:00+00:00,10,blue_whale
38.21,-123.1,1988-09-24 12:02:00+00:00,9,blue_whale
34.09,-120.59,2001-07-25 12:21:00+00:00,7,blue_whale
34.09,-120.6,2001-07-25 13:00:00+00:00,7,blue_whale
36.82,-122.26,1998-09-12 08:00:00+00:00,9,blue_whale
39.42,-123.95,1992-09-22 18:04:00+00:00,9,blue_whale
36.69,-122.0,2001-10-12 11:07:00+00:00,10,blue_whale
34.07,-120.58,1995-10-04 14:45:00+00:00,10,blue_whale
34.34,-120.52,1994-09-23 17:51:00+00:00,9,blue_whale
34.1,-119.77,1992-06-11 13:35:00+00:00,6,blue_whale
34.12,-120.05,2003-07-25 09:22:00+00:00,7,blue_whale
38.06,-123.51,1987-08-30 16:04:00+00:00,8,blue_whale
34.14,-119.92,1999-06-27 15:55:00+00:00,6,blue_whale
34.13,-120.63,2004-09-22 13:49:00+00:00,9,blue_whale
37.0,-122.39,1998-08-10 13:14:00+00:00,8,blue_whale
36.46,-122.03,1988-08-08 00:00:00+00:00,8,blue_whale
23.72,-111.66,1995-11-02 00:00:00+00:00,11,blue_whale
-62.833333,-60.166667,2025-02-03 15:00:00+00:00,2,blue_whale
34.14,-119.81,2002-09-22 15:03:00+00:00,9,blue_whale
34.12,-120.62,2001-07-26 10:55:00+00:00,7,blue_whale
33.91,-120.31,1995-08-12 13:01:00+00:00,8,blue_whale
37.6439,-25.24331667,2018-05-01 16:09:00+00:00,5,blue_whale
34.4,-120.52,1995-08-08 15:15:00+00:00,8,blue_whale
34.11,-120.1,2002-06-27 12:18:00+00:00,6,blue_whale
36.76,-121.95,2003-09-28 11:28:00+00:00,9,blue_whale
36.86,-122.19,2001-09-21 13:08:00+00:00,9,blue_whale
39.48,-123.9,1992-10-07 13:11:00+00:00,10,blue_whale
81.09,17.55,2016-09-03 18:51:00+00:00,9,blue_whale
38.428886,-28.632096,2024-04-17 09:58:00+00:00,4,blue_whale
33.38,-119.48,2001-07-21 13:05:00+00:00,7,blue_whale
34.14,-120.63,2004-09-22 13:53:00+00:00,9,blue_whale
32.32,-119.5,1996-08-14 08:46:00+00:00,8,blue_whale
41.93,-124.35,1991-10-07 12:05:00+00:00,10,blue_whale
38.17,-123.08,1994-09-04 14:04:00+00:00,9,blue_whale
38.22,-123.1,1988-09-24 15:03:00+00:00,9,blue_whale
37.3,-122.59,1993-08-31 19:17:00+00:00,8,blue_whale
38.18,-123.41,1992-09-15 13:18:00+00:00,9,blue_whale
36.68,-121.99,2003-09-24 17:54:00+00:00,9,blue_whale
36.7,-121.98,2003-09-17 14:17:00+00:00,9,blue_whale
34.1,-120.07,1995-08-07 13:25:00+00:00,8,blue_whale
34.16,-120.23,2004-07-05 15:11:00+00:00,7,blue_whale
78.184883,12.193451,2023-06-06 23:20:00+00:00,6,blue_whale
33.763152,-118.733968,2006-07-15 07:07:00+00:00,7,blue_whale
34.19,-119.94,1992-07-11 17:05:00+00:00,7,blue_whale
34.14,-119.93,1999-06-27 12:44:00+00:00,6,blue_whale
33.37,-119.5,1996-08-03 10:39:00+00:00,8,blue_whale
37.11,-122.71,2001-10-27 12:00:00+00:00,10,blue_whale
34.13,-119.77,1992-07-06 13:04:00+00:00,7,blue_whale
38.1,-123.42,1989-10-25 15:04:00+00:00,10,blue_whale
34.06,-120.52,1997-07-14 15:04:00+00:00,7,blue_whale
39.43,-123.97,1992-10-22 09:22:00+00:00,10,blue_whale
34.2,-120.0,1997-07-03 00:00:00+00:00,7,blue_whale
34.31,-120.04,1992-07-10 16:05:00+00:00,7,blue_whale
37.01,-122.38,1993-08-25 17:01:00+00:00,8,blue_whale
33.99,-120.52,1995-08-20 11:02:00+00:00,8,blue_whale
34.1,-120.16,2002-06-25 19:11:00+00:00,6,blue_whale
33.11,-120.98,1991-07-30 15:06:00+00:00,7,blue_whale
37.85,-123.23,1999-09-04 13:07:00+00:00,9,blue_whale
36.67,-122.0,2003-09-25 13:49:00+00:00,9,blue_whale
38.56,-28.84,2024-04-21 16:19:00+00:00,4,blue_whale
34.14,-120.0,1994-10-10 10:04:00+00:00,10,blue_whale
38.24,-123.26,1990-09-07 13:00:00+00:00,9,blue_whale
34.13,-119.99,2002-08-11 10:01:00+00:00,8,blue_whale
38.07,-123.51,1987-08-30 15:59:00+00:00,8,blue_whale
32.91,-117.42,1998-06-05 12:15:00+00:00,6,blue_whale
38.98,-123.93,1997-10-02 17:05:00+00:00,10,blue_whale
34.060933,-119.359467,2016-08-11 11:14:00+00:00,8,blue_whale
36.67,-122.01,2000-09-12 08:35:00+00:00,9,blue_whale
38.15,-123.36,1989-10-26 13:15:00+00:00,10,blue_whale
34.04,-120.55,2001-07-25 09:45:00+00:00,7,blue_whale
32.68,-119.19,2001-06-19 13:05:00+00:00,6,blue_whale
38.29,-123.29,1999-09-17 18:13:00+00:00,9,blue_whale
34.17,-119.81,1992-07-08 10:15:00+00:00,7,blue_whale
34.12,-119.98,2002-08-06 09:04:00+00:00,8,blue_whale
34.13,-120.17,1996-08-12 16:32:00+00:00,8,blue_whale
38.602853,-28.526001,2019-05-02 08:00:00+00:00,5,blue_whale
34.1,-120.62,2001-07-25 14:17:00+00:00,7,blue_whale
38.27,-123.33,1990-09-23 11:00:00+00:00,9,blue_whale
29.0,-113.4,1985-04-12 10:03:00+00:00,4,blue_whale
36.67,-121.97,2003-09-07 10:15:00+00:00,9,blue_whale
38.27,-123.16,1988-09-24 11:04:00+00:00,9,blue_whale
34.16,-119.84,1994-09-16 10:05:00+00:00,9,blue_whale
34.14,-119.82,2004-07-23 10:21:00+00:00,7,blue_whale
37.65,-123.0,1993-09-24 18:01:00+00:00,9,blue_whale
32.69,-119.2,2001-08-28 14:58:00+00:00,8,blue_whale
37.69,-123.09,1989-08-19 13:03:00+00:00,8,blue_whale
28.51,-115.59,2000-07-31 00:00:00+00:00,7,blue_whale
38.67,-123.68,1996-10-22 11:15:00+00:00,10,blue_whale
34.13,-120.05,1999-07-08 00:00:00+00:00,7,blue_whale
36.92,-122.3,2002-09-18 12:41:00+00:00,9,blue_whale
38.5,-126.81,1993-09-26 17:43:00+00:00,9,blue_whale
11.82,-91.9,1988-08-24 17:46:00+00:00,8,blue_whale
37.93,-123.4,1990-10-18 14:03:00+00:00,10,blue_whale
34.05,-120.56,1993-08-03 12:37:00+00:00,8,blue_whale
34.03,-120.55,2001-07-26 15:54:00+00:00,7,blue_whale
38.226936,-28.620171,2024-04-20 12:47:00+00:00,4,blue_whale
30.51,-116.19,1989-05-08 13:03:00+00:00,5,blue_whale
38.48,-123.34,1999-09-18 16:11:00+00:00,9,blue_whale
34.13,-119.89,1999-06-25 15:15:00+00:00,6,blue_whale
-39.064,142.808,2012-01-23 10:55:00+00:00,1,blue_whale
37.37,-122.57,2003-07-23 17:54:00+00:00,7,blue_whale
38.31,-123.25,1992-09-10 17:54:00+00:00,9,blue_whale
34.56,-120.76,2000-07-11 13:27:00+00:00,7,blue_whale
36.64,-121.94,1997-09-10 08:06:00+00:00,9,blue_whale
32.91,-117.37,1991-07-17 10:05:00+00:00,7,blue_whale
33.46,-122.7,1991-07-31 16:44:00+00:00,7,blue_whale
34.2,-120.0,1992-06-18 00:00:00+00:00,6,blue_whale
36.3667,-122.6954,1980-10-13 11:40:00+00:00,10,blue_whale
38.18,-123.13,1992-08-30 11:04:00+00:00,8,blue_whale
34.11,-120.61,2001-07-24 14:39:00+00:00,7,blue_whale
37.73,-123.16,2000-11-17 14:48:00+00:00,11,blue_whale
37.83,-123.09,1988-09-02 08:27:00+00:00,9,blue_whale
38.33,-123.42,1998-09-03 18:29:00+00:00,9,blue_whale
34.1,-120.1,1998-07-06 17:47:00+00:00,7,blue_whale
34.41,-120.51,1995-08-08 17:05:00+00:00,8,blue_whale
33.91,-123.41,1991-09-07 18:13:00+00:00,9,blue_whale
34.12,-120.61,2001-07-26 12:22:00+00:00,7,blue_whale
33.610365,-118.259747,2016-07-22 16:58:00+00:00,7,blue_whale
33.43,-119.61,2001-07-15 13:05:00+00:00,7,blue_whale
34.12,-119.76,1992-06-18 14:29:00+00:00,6,blue_whale
34.11,-120.07,1996-08-13 17:35:00+00:00,8,blue_whale
34.17,-120.35,1997-09-05 10:48:00+00:00,9,blue_whale
34.13,-119.82,1992-07-07 16:25:00+00:00,7,blue_whale
32.93,-117.38,1991-07-17 11:02:00+00:00,7,blue_whale
34.25,-120.11,1992-07-06 10:25:00+00:00,7,blue_whale
32.619091,-16.851825,2025-04-14 17:18:00+00:00,4,blue_whale
36.69,-122.0,2000-09-11 12:56:00+00:00,9,blue_whale
37.04,-122.41,1993-08-27 18:45:00+00:00,8,blue_whale
34.71,-120.83,2001-06-21 10:05:00+00:00,6,blue_whale
33.6857,-118.3006,2016-05-14 16:51:00+00:00,5,blue_whale
37.65,-122.98,1993-09-23 12:05:00+00:00,9,blue_whale
34.361042,-120.74341,2005-07-16 07:42:00+00:00,7,blue_whale
38.39,-123.21,1994-09-06 18:17:00+00:00,9,blue_whale
-38.472,141.984,2012-01-18 11:37:00+00:00,1,blue_whale
36.82,-121.88,2003-07-25 07:06:00+00:00,7,blue_whale
36.64,-122.02,1996-08-28 01:00:00+00:00,8,blue_whale
34.09,-120.6,2004-09-22 15:14:00+00:00,9,blue_whale
-1.175,-91.3717,1993-06-15 15:50:00+00:00,6,blue_whale
36.66,-121.95,2000-10-08 09:43:00+00:00,10,blue_whale
34.061908,-119.351356,2016-08-11 10:51:00+00:00,8,blue_whale
33.0155,-118.9166,2023-07-23 08:15:00+00:00,7,blue_whale
37.75,-123.18,2000-11-17 14:01:00+00:00,11,blue_whale
36.61,-122.05,1998-09-21 12:46:00+00:00,9,blue_whale
34.17,-120.15,2004-08-07 14:30:00+00:00,8,blue_whale
33.53,-118.93,1993-08-14 00:00:00+00:00,8,blue_whale
34.11,-120.13,1995-07-05 16:04:00+00:00,7,blue_whale
34.13,-119.88,2002-09-23 01:00:00+00:00,9,blue_whale
-38.216,140.648,2009-01-17 12:53:00+00:00,1,blue_whale
34.14,-119.82,2002-09-21 13:32:00+00:00,9,blue_whale
34.11,-119.98,1999-06-22 17:42:00+00:00,6,blue_whale
33.91,-120.33,1995-08-12 13:03:00+00:00,8,blue_whale
34.14,-119.83,1992-07-07 16:18:00+00:00,7,blue_whale
37.58533333,-25.57895,2017-05-18 11:00:00+00:00,5,blue_whale
34.12,-119.8,2002-09-02 13:58:00+00:00,9,blue_whale
34.09,-120.6,2001-07-25 16:03:00+00:00,7,blue_whale
38.21,-123.4,1989-09-24 16:05:00+00:00,9,blue_whale
38.21,-123.4,1989-10-24 13:28:00+00:00,10,blue_whale
36.68,-122.0,2003-09-11 10:07:00+00:00,9,blue_whale
36.7,-121.99,2003-09-23 11:11:00+00:00,9,blue_whale
38.31,-123.24,1999-09-17 16:33:00+00:00,9,blue_whale
33.83,-119.28,2004-06-29 15:07:00+00:00,6,blue_whale
36.57,-122.03,2002-08-25 11:28:00+00:00,8,blue_whale
34.03,-120.55,2001-07-25 10:46:00+00:00,7,blue_whale
36.75,-121.96,2003-08-06 10:24:00+00:00,8,blue_whale
34.1,-120.06,1994-09-08 12:21:00+00:00,9,blue_whale
36.0333,-121.8064,1980-10-13 12:56:00+00:00,10,blue_whale
34.4,-120.52,1995-08-08 15:01:00+00:00,8,blue_whale
34.13,-119.92,1999-06-27 18:29:00+00:00,6,blue_whale
38.44,-123.34,1998-09-05 12:03:00+00:00,9,blue_whale
34.12,-119.84,2002-10-20 10:15:00+00:00,10,blue_whale
33.83,-125.98,2001-11-18 08:46:00+00:00,11,blue_whale
34.2,-120.47,2004-09-06 12:30:00+00:00,9,blue_whale
38.27,-123.47,1997-08-28 09:43:00+00:00,8,blue_whale
37.63,-123.03,2003-09-27 14:35:00+00:00,9,blue_whale
34.12,-120.49,1997-07-14 11:25:00+00:00,7,blue_whale
39.37,-123.94,1992-11-12 08:08:00+00:00,11,blue_whale
38.04,-123.49,1991-10-05 11:45:00+00:00,10,blue_whale
24.8,-112.4,1988-03-29 00:00:00+00:00,3,blue_whale
34.15,-119.96,1999-06-28 12:03:00+00:00,6,blue_whale
34.36,-120.53,1994-09-23 16:15:00+00:00,9,blue_whale
38.17,-123.15,1992-08-30 01:00:00+00:00,8,blue_whale
34.15,-120.36,1996-07-26 18:53:00+00:00,7,blue_whale
38.32,-123.46,1992-09-29 17:25:00+00:00,9,blue_whale
24.71,-112.26,1988-04-04 13:00:00+00:00,4,blue_whale
37.08,-122.49,1993-08-26 14:07:00+00:00,8,blue_whale
38.35,-123.22,1990-09-22 14:45:00+00:00,9,blue_whale
37.67,-123.11,2000-11-17 12:00:00+00:00,11,blue_whale
34.15,-119.92,1999-06-26 12:15:00+00:00,6,blue_whale
34.46,-121.24,1995-08-22 08:14:00+00:00,8,blue_whale
32.3333,-119.0167,1977-07-03 12:25:00+00:00,7,blue_whale
36.8,-121.9,1987-08-07 00:00:00+00:00,8,blue_whale
34.11,-120.06,2004-07-18 10:05:00+00:00,7,blue_whale
34.13,-120.22,1996-08-13 15:43:00+00:00,8,blue_whale
38.16,-123.41,1997-09-30 17:44:00+00:00,9,blue_whale
36.62,-122.02,1998-10-22 00:00:00+00:00,10,blue_whale
34.11,-120.07,2002-06-26 11:24:00+00:00,6,blue_whale
34.13,-120.36,1997-07-08 14:05:00+00:00,7,blue_whale
78.364433,12.20055,2016-07-06 12:15:00+00:00,7,blue_whale
34.14,-119.92,1994-10-07 12:36:00+00:00,10,blue_whale
38.2,-123.36,1989-09-21 09:58:00+00:00,9,blue_whale
11.38,-94.65,1989-11-12 14:58:00+00:00,11,blue_whale
33.85,-120.22,1995-08-11 15:45:00+00:00,8,blue_whale
-38.359,141.144,2009-01-17 10:50:00+00:00,1,blue_whale
38.16,-123.4,1997-09-30 18:07:00+00:00,9,blue_whale
36.71,-121.98,2003-09-24 09:55:00+00:00,9,blue_whale
36.8,-121.9,1987-10-09 00:00:00+00:00,10,blue_whale
-39.027,142.822,2012-01-23 10:54:00+00:00,1,blue_whale
38.42,-123.29,1988-08-23 15:06:00+00:00,8,blue_whale
36.67,-122.0,2003-09-10 10:09:00+00:00,9,blue_whale
36.61,-122.07,1996-08-16 14:44:00+00:00,8,blue_whale
39.49,-123.97,1992-10-22 11:59:00+00:00,10,blue_whale
34.13,-120.01,1995-08-29 11:03:00+00:00,8,blue_whale
37.75,-123.21,1992-09-11 14:00:00+00:00,9,blue_whale
39.5,-123.92,1992-09-23 10:22:00+00:00,9,blue_whale
36.69,-121.99,2003-09-05 09:58:00+00:00,9,blue_whale
37.71,-123.15,2002-07-30 12:16:00+00:00,7,blue_whale
38.37,-123.27,1992-09-10 15:03:00+00:00,9,blue_whale
37.352395,-25.406774,2025-03-08 15:00:00+00:00,3,blue_whale
37.67,-122.97,1996-08-24 09:46:00+00:00,8,blue_whale
36.79,-122.12,1998-09-24 09:35:00+00:00,9,blue_whale
34.13,-119.99,1994-10-10 12:45:00+00:00,10,blue_whale
34.13,-120.15,2004-07-23 15:50:00+00:00,7,blue_whale
36.51,-122.12,1995-10-26 12:04:00+00:00,10,blue_whale
38.08,-123.35,1991-10-13 14:01:00+00:00,10,blue_whale
36.8,-121.9,1988-09-10 00:00:00+00:00,9,blue_whale
36.68,-121.88,1999-06-17 00:00:00+00:00,6,blue_whale
-39.41,143.237,2012-01-16 13:31:00+00:00,1,blue_whale
34.13,-119.91,1999-06-25 14:03:00+00:00,6,blue_whale
33.91,-120.31,1995-08-12 13:00:00+00:00,8,blue_whale
33.77,-120.17,2001-08-23 13:14:00+00:00,8,blue_whale
33.6425,-118.287,2016-07-16 12:55:00+00:00,7,blue_whale
36.67,-122.0,2003-09-24 16:52:00+00:00,9,blue_whale
33.75,-122.04,1996-09-08 07:04:00+00:00,9,blue_whale
24.7,-112.26,1988-04-03 15:01:00+00:00,4,blue_whale
34.14,-119.92,1999-06-26 12:28:00+00:00,6,blue_whale
34.13,-119.93,1999-06-27 18:01:00+00:00,6,blue_whale
34.31,-120.25,1992-07-07 07:55:00+00:00,7,blue_whale
33.29,-119.21,1996-09-05 15:15:00+00:00,9,blue_whale
34.19,-119.79,1992-06-27 00:00:00+00:00,6,blue_whale
34.1,-120.08,2002-06-27 14:53:00+00:00,6,blue_whale
34.05,-120.52,1997-07-14 16:28:00+00:00,7,blue_whale
36.75,-121.99,1998-07-24 07:57:00+00:00,7,blue_whale
80.200278,15.579445,2015-08-20 21:49:00+00:00,8,blue_whale
-69.224,-177.0556,2018-03-03 04:30:00+00:00,3,blue_whale
34.14,-119.93,1999-06-27 13:03:00+00:00,6,blue_whale
38.06,-123.43,1991-10-03 16:45:00+00:00,10,blue_whale
34.11,-120.12,1999-06-20 12:38:00+00:00,6,blue_whale
39.39,-124.09,2001-09-26 15:12:00+00:00,9,blue_whale
38.3,-123.25,1999-09-17 18:28:00+00:00,9,blue_whale
37.17,-122.56,1993-08-27 17:00:00+00:00,8,blue_whale
24.3,-111.6,1988-04-01 00:00:00+00:00,4,blue_whale
38.39,-123.22,1990-09-22 14:09:00+00:00,9,blue_whale
36.75,-122.02,1998-07-24 08:41:00+00:00,7,blue_whale
38.48,-123.28,1990-09-21 14:59:00+00:00,9,blue_whale
37.65,-123.07,2000-10-24 14:05:00+00:00,10,blue_whale
33.38,-119.51,1997-09-21 14:43:00+00:00,9,blue_whale
34.11,-120.06,1997-07-10 12:01:00+00:00,7,blue_whale
36.74,-122.03,2004-06-18 12:07:00+00:00,6,blue_whale
32.68,-117.37,2001-08-21 12:05:00+00:00,8,blue_whale
34.1,-119.77,1992-06-11 09:35:00+00:00,6,blue_whale
37.8,-123.28,2002-07-22 17:09:00+00:00,7,blue_whale
29.74,-115.83,1989-05-07 10:21:00+00:00,5,blue_whale
34.1,-120.63,2001-07-25 16:03:00+00:00,7,blue_whale
36.64,-122.05,1998-11-15 00:00:00+00:00,11,blue_whale
33.38,-119.51,2001-07-20 12:49:00+00:00,7,blue_whale
34.14,-119.95,1994-10-07 12:00:00+00:00,10,blue_whale
34.4,-120.52,1995-08-08 15:00:00+00:00,8,blue_whale
36.76,-121.93,2002-09-19 16:28:00+00:00,9,blue_whale
34.08,-120.06,1994-09-08 12:00:00+00:00,9,blue_whale
37.1,-122.5,1993-08-26 15:00:00+00:00,8,blue_whale
38.17,-123.32,1999-09-19 17:53:00+00:00,9,blue_whale
36.91,-122.02,2016-05-27 13:32:00+00:00,5,blue_whale
25.874279,-111.238494,2025-01-04 12:17:00+00:00,1,blue_whale
34.11,-120.03,1999-06-20 14:04:00+00:00,6,blue_whale
34.04,-120.55,2001-07-24 12:11:00+00:00,7,blue_whale
34.13,-119.77,2002-09-23 13:01:00+00:00,9,blue_whale
34.13,-120.21,1996-08-13 15:02:00+00:00,8,blue_whale
34.1,-120.04,1999-06-22 17:04:00+00:00,6,blue_whale
34.14,-119.93,1999-06-27 13:04:00+00:00,6,blue_whale
32.89,-117.35,1998-06-05 09:31:00+00:00,6,blue_whale
37.13,-122.47,2003-09-15 14:05:00+00:00,9,blue_whale
34.61,-120.79,2003-08-31 10:01:00+00:00,8,blue_whale
36.68,-121.97,2003-09-07 10:39:00+00:00,9,blue_whale
41.93,-124.53,2004-10-13 15:06:00+00:00,10,blue_whale
34.13,-120.2,1996-08-12 13:05:00+00:00,8,blue_whale
38.11,-123.34,1991-09-20 13:55:00+00:00,9,blue_whale
10.97,-98.18,1989-11-11 13:32:00+00:00,11,blue_whale
-38.75,142.325,2012-01-23 09:25:00+00:00,1,blue_whale
40.7,-124.41,1998-10-07 11:01:00+00:00,10,blue_whale
34.09,-120.55,2003-07-20 14:05:00+00:00,7,blue_whale
38.38,-123.2,1994-09-06 17:55:00+00:00,9,blue_whale
34.06,-120.56,1998-07-06 13:56:00+00:00,7,blue_whale
34.17,-119.91,1999-06-26 11:12:00+00:00,6,blue_whale
36.78,-122.06,2000-07-21 11:39:00+00:00,7,blue_whale
37.07,-122.48,1993-08-26 13:15:00+00:00,8,blue_whale
38.65,-123.52,2002-10-08 17:54:00+00:00,10,blue_whale
36.79,-122.02,1994-09-13 12:14:00+00:00,9,blue_whale
33.41,-119.56,2001-06-25 10:47:00+00:00,6,blue_whale
-7.21,-80.61,1998-11-27 00:00:00+00:00,11,blue_whale
36.68,-122.0,2001-08-26 12:00:00+00:00,8,blue_whale
37.74,-123.05,1986-09-07 00:00:00+00:00,9,blue_whale
38.09,-123.5,1997-09-30 16:04:00+00:00,9,blue_whale
36.8,-121.9,1988-08-12 00:00:00+00:00,8,blue_whale
-39.089,143.024,2012-01-16 12:29:00+00:00,1,blue_whale
34.12,-119.98,1998-07-21 11:44:00+00:00,7,blue_whale
38.17,-127.63,1993-10-04 11:11:00+00:00,10,blue_whale
37.93,-123.1,1986-09-15 17:03:00+00:00,9,blue_whale
34.27,-119.92,1992-07-11 18:45:00+00:00,7,blue_whale
34.3,-120.05,1992-07-10 16:32:00+00:00,7,blue_whale
38.15,-123.52,1990-10-27 16:05:00+00:00,10,blue_whale
34.21,-120.47,2002-07-28 11:18:00+00:00,7,blue_whale
34.16,-120.36,1998-07-30 15:02:00+00:00,7,blue_whale
36.67,-121.97,2003-09-06 14:46:00+00:00,9,blue_whale
34.1,-119.96,1998-07-19 00:00:00+00:00,7,blue_whale
33.38,-119.54,2001-07-19 13:29:00+00:00,7,blue_whale
37.61591667,-25.82725,2010-06-05 15:06:00+00:00,6,blue_whale
36.73,-121.97,2000-09-26 13:56:00+00:00,9,blue_whale
34.11,-119.82,1992-07-07 19:15:00+00:00,7,blue_whale
8.26,-97.27,2000-11-01 00:00:00+00:00,11,blue_whale
38.36,-123.22,1992-09-10 14:07:00+00:00,9,blue_whale
33.521818,-117.872728,2016-07-02 10:51:00+00:00,7,blue_whale
34.56,-120.77,2000-07-12 11:58:00+00:00,7,blue_whale
34.17,-119.73,1994-09-09 15:05:00+00:00,9,blue_whale
37.84,-123.31,1987-10-14 11:09:00+00:00,10,blue_whale
-38.343,140.873,2012-03-28 11:14:00+00:00,3,blue_whale
34.13,-120.62,2001-07-26 10:02:00+00:00,7,blue_whale
41.87,-124.39,1998-10-06 13:55:00+00:00,10,blue_whale
34.96,-120.9,2001-07-17 14:31:00+00:00,7,blue_whale
37.56,-122.98,1998-08-12 17:08:00+00:00,8,blue_whale
36.81,-121.86,2004-07-28 09:24:00+00:00,7,blue_whale
36.6,-122.02,2003-09-26 15:21:00+00:00,9,blue_whale
34.13,-119.77,2002-09-24 11:03:00+00:00,9,blue_whale
37.6,-123.0,1996-10-07 17:11:00+00:00,10,blue_whale
38.98,-123.93,1997-10-02 18:04:00+00:00,10,blue_whale
34.14,-119.93,1999-06-27 12:56:00+00:00,6,blue_whale
34.66,-120.8,1995-08-14 16:01:00+00:00,8,blue_whale
34.11,-120.01,1999-06-20 15:01:00+00:00,6,blue_whale
36.67,-121.97,2003-09-24 17:22:00+00:00,9,blue_whale
-67.7285,-16.749667,2026-02-01 16:30:00+00:00,2,blue_whale
34.07,-120.58,1995-10-04 16:04:00+00:00,10,blue_whale
37.32,-122.76,1993-09-01 14:45:00+00:00,9,blue_whale
38.46,-123.28,1998-09-05 09:04:00+00:00,9,blue_whale
38.11,-123.51,1997-08-28 13:41:00+00:00,8,blue_whale
38.33,-123.22,2003-10-22 14:41:00+00:00,10,blue_whale
34.12,-120.49,1997-07-14 10:42:00+00:00,7,blue_whale
38.47,-123.35,1998-09-05 16:44:00+00:00,9,blue_whale
66.058082,-17.561646,2023-05-11 15:00:00+00:00,5,blue_whale
34.13,-119.98,1994-10-07 14:03:00+00:00,10,blue_whale
36.62,-122.13,1998-07-23 17:28:00+00:00,7,blue_whale
34.13,-119.9,1999-06-25 14:04:00+00:00,6,blue_whale
34.73,-120.83,2001-06-21 07:49:00+00:00,6,blue_whale
38.51,-123.39,1998-09-06 14:45:00+00:00,9,blue_whale
34.08,-120.17,1996-06-05 12:24:00+00:00,6,blue_whale
33.38,-119.5,2001-07-21 14:47:00+00:00,7,blue_whale
34.1,-119.78,2002-08-09 09:35:00+00:00,8,blue_whale
37.2,-123.0667,1981-10-07 09:07:00+00:00,10,blue_whale
38.1,-123.12,1988-09-01 09:45:00+00:00,9,blue_whale
36.8,-121.9,1986-09-18 00:00:00+00:00,9,blue_whale
39.09,-123.92,1992-11-12 12:31:00+00:00,11,blue_whale
24.68,-112.25,1988-04-05 08:36:00+00:00,4,blue_whale
34.13,-119.9,1999-06-20 17:02:00+00:00,6,blue_whale
34.12,-120.03,1997-07-10 11:26:00+00:00,7,blue_whale
36.73,-121.96,2003-08-05 15:46:00+00:00,8,blue_whale
38.01,-123.49,1991-09-24 17:00:00+00:00,9,blue_whale
36.63,-122.02,2000-09-17 10:49:00+00:00,9,blue_whale
34.1,-120.14,2002-06-11 10:37:00+00:00,6,blue_whale
34.13,-120.44,1997-07-14 09:22:00+00:00,7,blue_whale
38.13,-123.23,1999-09-21 14:01:00+00:00,9,blue_whale
34.13,-119.78,2002-09-23 12:36:00+00:00,9,blue_whale
36.68,-122.0,2003-09-23 12:53:00+00:00,9,blue_whale
34.06,-120.54,2003-07-20 14:05:00+00:00,7,blue_whale
33.29,-118.87,1992-05-24 00:00:00+00:00,5,blue_whale
34.57,-122.41,1993-09-07 13:49:00+00:00,9,blue_whale
34.81,-120.83,2002-10-05 11:54:00+00:00,10,blue_whale
11.62,-99.13,1992-10-23 12:45:00+00:00,10,blue_whale
34.11,-120.21,2002-09-21 13:23:00+00:00,9,blue_whale
40.567,-67.283,1969-08-20 11:00:00+00:00,8,blue_whale
34.12,-120.09,2002-07-21 09:27:00+00:00,7,blue_whale
36.8,-121.9,1987-08-10 00:00:00+00:00,8,blue_whale
34.14,-120.59,2001-07-26 11:32:00+00:00,7,blue_whale
39.5,-123.96,1992-10-22 15:13:00+00:00,10,blue_whale
38.98,-123.84,1992-11-13 13:01:00+00:00,11,blue_whale
40.71,-124.39,1998-10-07 13:25:00+00:00,10,blue_whale
37.75,-123.04,2000-08-27 17:07:00+00:00,8,blue_whale
37.95,-123.06,1986-08-15 18:44:00+00:00,8,blue_whale
34.14,-119.84,2002-09-22 14:54:00+00:00,9,blue_whale
-69.0167,-178.4833,1910-12-24 02:00:00+00:00,12,blue_whale
38.23,-123.16,1986-09-07 15:04:00+00:00,9,blue_whale
31.41,-116.76,1989-05-09 14:02:00+00:00,5,blue_whale
34.101055,-119.631237,2024-06-30 12:25:00+00:00,6,blue_whale
38.45,-123.56,1993-10-19 14:58:00+00:00,10,blue_whale
38.09,-123.38,1997-09-01 11:56:00+00:00,9,blue_whale
36.7,-121.99,2003-09-20 10:12:00+00:00,9,blue_whale
34.1,-120.57,2003-07-20 13:36:00+00:00,7,blue_whale
38.27,-123.53,1987-10-11 09:01:00+00:00,10,blue_whale
36.73,-121.96,2000-07-27 12:08:00+00:00,7,blue_whale
34.13,-120.2,1996-08-12 13:27:00+00:00,8,blue_whale
38.25,-123.14,1992-08-29 19:17:00+00:00,8,blue_whale
37.8667,-123.2349,1982-09-15 13:14:00+00:00,9,blue_whale
34.13,-119.89,2000-08-02 10:45:00+00:00,8,blue_whale
34.11,-120.09,2002-06-27 13:00:00+00:00,6,blue_whale
34.18,-120.01,1992-07-09 13:00:00+00:00,7,blue_whale
32.66,-117.47,1998-06-21 12:52:00+00:00,6,blue_whale
41.91,-124.48,1992-10-11 14:47:00+00:00,10,blue_whale
34.1,-120.1,2002-06-27 13:55:00+00:00,6,blue_whale
34.62,-120.99,1996-09-09 16:57:00+00:00,9,blue_whale
37.49,-122.67,1997-05-24 07:34:00+00:00,5,blue_whale
33.51,-119.61,2003-07-24 10:39:00+00:00,7,blue_whale
34.21,-120.46,1998-07-30 13:02:00+00:00,7,blue_whale
37.49883333,-25.5827,2018-04-23 15:36:00+00:00,4,blue_whale
37.84,-123.27,1988-09-22 15:00:00+00:00,9,blue_whale
34.16,-119.78,2002-09-23 11:23:00+00:00,9,blue_whale
38.26,-123.26,1999-09-18 11:47:00+00:00,9,blue_whale
34.11,-120.61,2001-07-25 13:47:00+00:00,7,blue_whale
33.518472,-117.936032,2017-06-11 09:58:00+00:00,6,blue_whale
34.05,-120.58,1995-08-20 13:39:00+00:00,8,blue_whale
38.19,-123.13,1992-08-30 10:25:00+00:00,8,blue_whale
36.62,-122.1,1998-07-24 09:46:00+00:00,7,blue_whale
38.05,-123.33,1987-08-21 16:02:00+00:00,8,blue_whale
34.123225,-119.830375,2016-07-07 12:41:00+00:00,7,blue_whale
38.24,-123.4,2004-08-02 14:32:00+00:00,8,blue_whale
38.37,-28.26,2026-04-10 11:00:00+00:00,4,blue_whale
34.24,-119.85,1997-07-05 10:19:00+00:00,7,blue_whale
36.67,-122.0,2000-09-11 08:54:00+00:00,9,blue_whale
34.11,-120.13,1998-08-03 13:03:00+00:00,8,blue_whale
36.79,-122.11,2001-09-20 12:01:00+00:00,9,blue_whale
34.11,-120.04,2002-06-26 13:51:00+00:00,6,blue_whale
34.36,-120.52,1994-09-23 16:00:00+00:00,9,blue_whale
34.0,-120.47,1994-09-24 16:01:00+00:00,9,blue_whale
36.71,-121.98,2000-09-20 12:01:00+00:00,9,blue_whale
38.67,-123.67,1996-10-22 10:57:00+00:00,10,blue_whale
38.15,-123.4,1992-09-29 14:29:00+00:00,9,blue_whale
34.15,-120.26,1999-06-22 13:27:00+00:00,6,blue_whale
40.15,-124.28,1991-11-02 15:00:00+00:00,11,blue_whale
36.67,-122.03,1989-08-26 12:00:00+00:00,8,blue_whale
34.14,-119.83,1992-07-08 11:05:00+00:00,7,blue_whale
37.67186667,-25.79221667,2012-05-13 10:14:00+00:00,5,blue_whale
34.11,-120.13,1998-08-03 13:12:00+00:00,8,blue_whale
34.11,-120.09,2002-06-27 12:05:00+00:00,6,blue_whale
34.13,-120.62,2004-09-22 13:18:00+00:00,9,blue_whale
34.15,-120.61,1998-07-06 12:07:00+00:00,7,blue_whale
34.19,-120.42,1998-07-30 14:03:00+00:00,7,blue_whale
38.11,-123.56,1997-09-09 14:38:00+00:00,9,blue_whale
39.48,-123.97,1992-10-22 12:08:00+00:00,10,blue_whale
37.74,-123.04,2000-08-27 16:58:00+00:00,8,blue_whale
34.14,-120.22,1996-08-13 14:45:00+00:00,8,blue_whale
34.61,-120.81,2003-08-31 11:08:00+00:00,8,blue_whale
38.233226,-28.639265,2024-04-19 11:06:00+00:00,4,blue_whale
34.02,-120.54,1995-08-20 12:35:00+00:00,8,blue_whale
21.63,-115.47,1990-12-02 06:58:00+00:00,12,blue_whale
36.7,-122.0,2003-09-26 17:12:00+00:00,9,blue_whale
38.27,-123.25,1988-10-01 12:03:00+00:00,10,blue_whale
33.457188,-117.864379,2016-07-03 11:25:00+00:00,7,blue_whale
37.46,-122.79,1999-07-22 18:01:00+00:00,7,blue_whale
33.38,-119.49,2001-07-21 15:37:00+00:00,7,blue_whale
37.77,-123.2,1989-09-14 11:33:00+00:00,9,blue_whale
-38.628,141.918,2012-01-18 11:42:00+00:00,1,blue_whale
36.81,-122.0,1994-09-30 11:00:00+00:00,9,blue_whale
38.28,-123.1,1986-09-03 14:01:00+00:00,9,blue_whale
33.554275,-117.880307,2016-07-17 08:36:00+00:00,7,blue_whale
34.13,-120.58,2002-07-28 14:13:00+00:00,7,blue_whale
36.68,-122.0,2000-10-01 11:44:00+00:00,10,blue_whale
34.14,-119.79,2002-08-11 15:15:00+00:00,8,blue_whale
33.39,-119.49,2001-07-21 12:45:00+00:00,7,blue_whale
41.98,-128.42,2001-10-21 09:04:00+00:00,10,blue_whale
38.27,-123.21,1990-09-13 11:07:00+00:00,9,blue_whale
33.5333,-119.8333,1977-07-16 13:30:00+00:00,7,blue_whale
34.06,-120.57,1995-08-20 14:02:00+00:00,8,blue_whale
36.8,-122.02,2001-08-27 10:03:00+00:00,8,blue_whale
37.97,-123.43,1990-11-12 12:25:00+00:00,11,blue_whale
39.36,-123.91,1992-09-21 15:43:00+00:00,9,blue_whale
36.79,-122.09,2001-09-17 10:02:00+00:00,9,blue_whale
34.07,-120.58,2001-07-24 15:14:00+00:00,7,blue_whale
34.1,-119.81,2003-06-14 15:22:00+00:00,6,blue_whale
34.21,-120.46,1998-07-30 13:03:00+00:00,7,blue_whale
38.0,-123.49,1990-11-13 11:45:00+00:00,11,blue_whale
36.8,-121.9,1988-08-10 00:00:00+00:00,8,blue_whale
32.27,-118.82,1996-08-14 13:54:00+00:00,8,blue_whale
37.7,-123.14,2004-08-02 11:45:00+00:00,8,blue_whale
34.12,-120.17,2002-07-24 10:55:00+00:00,7,blue_whale
-39.129,142.825,2012-01-23 11:14:00+00:00,1,blue_whale
34.19,-120.47,2002-07-28 09:02:00+00:00,7,blue_whale
28.235599,-16.852574,2026-04-04 12:15:00+00:00,4,blue_whale
34.18,-120.11,2004-07-14 14:56:00+00:00,7,blue_whale
34.59,-120.79,2000-07-11 12:32:00+00:00,7,blue_whale
36.77,-121.9,2003-09-03 13:44:00+00:00,9,blue_whale
34.12,-120.06,2002-08-02 09:46:00+00:00,8,blue_whale
37.77,-122.9,1986-10-05 00:00:00+00:00,10,blue_whale
37.24,-124.88,1993-10-11 13:01:00+00:00,10,blue_whale
32.75,-117.67,2004-07-18 00:00:00+00:00,7,blue_whale
38.43,-123.33,1988-08-23 16:39:00+00:00,8,blue_whale
41.76,-124.44,1991-10-16 10:02:00+00:00,10,blue_whale
34.12,-120.11,1995-07-05 14:35:00+00:00,7,blue_whale
34.12,-120.18,1996-08-12 12:05:00+00:00,8,blue_whale
38.35,-123.28,1990-09-24 11:03:00+00:00,9,blue_whale
-63.664,-56.4415,2021-11-16 09:30:00+00:00,11,blue_whale
34.14,-119.92,1999-06-26 13:47:00+00:00,6,blue_whale
37.94,-123.45,1997-09-09 10:08:00+00:00,9,blue_whale
34.061708,-119.352233,2016-08-11 10:49:00+00:00,8,blue_whale
34.0,-120.49,1998-07-06 15:03:00+00:00,7,blue_whale
39.55,-123.91,1992-10-07 14:35:00+00:00,10,blue_whale
34.11,-119.99,1994-09-16 13:03:00+00:00,9,blue_whale
37.7,-122.98,1986-09-13 16:15:00+00:00,9,blue_whale
37.72,-123.15,2000-11-17 13:11:00+00:00,11,blue_whale
34.13,-119.87,1992-07-08 14:04:00+00:00,7,blue_whale
34.12,-120.03,2002-08-15 11:28:00+00:00,8,blue_whale
38.24,-123.2,1987-08-21 15:07:00+00:00,8,blue_whale
34.27,-119.75,2004-07-26 13:39:00+00:00,7,blue_whale
36.76,-121.96,2000-07-29 12:32:00+00:00,7,blue_whale
32.8,-117.38,1998-06-06 12:58:00+00:00,6,blue_whale
36.75,-121.98,1994-08-12 10:04:00+00:00,8,blue_whale
34.08,-120.52,2002-07-27 16:00:00+00:00,7,blue_whale
33.55,-123.56,1991-08-01 09:03:00+00:00,8,blue_whale
33.0575,-118.9382,2023-10-02 08:43:00+00:00,10,blue_whale
38.14,-123.15,1992-08-30 14:58:00+00:00,8,blue_whale
24.63,-112.23,1988-04-04 09:55:00+00:00,4,blue_whale
34.04,-120.55,2001-07-25 09:04:00+00:00,7,blue_whale
38.29,-123.14,2002-09-28 17:32:00+00:00,9,blue_whale
33.4287,-117.87745,2025-08-16 16:15:00+00:00,8,blue_whale
34.13,-119.84,1992-07-09 09:04:00+00:00,7,blue_whale
79.03,10.08,2019-06-28 12:00:00+00:00,6,blue_whale
34.14,-119.92,1999-06-27 16:06:00+00:00,6,blue_whale
34.1,-119.82,1992-06-11 12:05:00+00:00,6,blue_whale
38.23,-123.12,1986-09-15 00:00:00+00:00,9,blue_whale
38.0,-123.1,1988-08-07 00:00:00+00:00,8,blue_whale
38.42,-123.42,2001-08-04 09:29:00+00:00,8,blue_whale
36.8,-121.9,1983-08-01 00:00:00+00:00,8,blue_whale
38.45,-123.57,1992-10-03 11:58:00+00:00,10,blue_whale
38.36,-123.44,2003-10-25 17:12:00+00:00,10,blue_whale
25.767731,-111.109328,2009-02-21 13:10:00+00:00,2,blue_whale
37.35,-123.43,1996-08-27 13:51:00+00:00,8,blue_whale
38.44,-123.32,1998-09-05 13:55:00+00:00,9,blue_whale
38.06,-123.51,1987-09-04 15:09:00+00:00,9,blue_whale
34.11,-120.08,1997-05-28 09:46:00+00:00,5,blue_whale
34.04,-120.55,2001-07-26 15:25:00+00:00,7,blue_whale
33.537171,-118.087523,2017-06-06 16:17:00+00:00,6,blue_whale
36.83,-122.21,2000-08-29 12:42:00+00:00,8,blue_whale
33.38,-119.49,2001-07-21 13:29:00+00:00,7,blue_whale
38.32,-123.56,1987-10-06 12:00:00+00:00,10,blue_whale
33.41,-119.5,1995-10-06 00:00:00+00:00,10,blue_whale
38.73,-123.73,1988-10-28 13:05:00+00:00,10,blue_whale
32.606383,-117.247643,2023-07-16 15:30:00+00:00,7,blue_whale
38.44,-123.45,2003-10-26 11:21:00+00:00,10,blue_whale
38.226936,-28.620171,2024-04-20 12:05:00+00:00,4,blue_whale
37.67,-123.11,2000-11-17 12:01:00+00:00,11,blue_whale
34.14,-119.92,1999-06-28 15:05:00+00:00,6,blue_whale
34.12,-120.65,2001-07-25 09:41:00+00:00,7,blue_whale
34.14,-120.61,2001-07-26 09:41:00+00:00,7,blue_whale
34.16,-120.33,1996-08-13 12:44:00+00:00,8,blue_whale
36.61,-122.03,1996-08-09 14:00:00+00:00,8,blue_whale
34.13,-120.01,1994-10-10 16:25:00+00:00,10,blue_whale
32.87,-117.32,2002-07-02 13:00:00+00:00,7,blue_whale
36.8,-121.9,1986-11-13 00:00:00+00:00,11,blue_whale
37.7,-122.94,1999-07-22 13:35:00+00:00,7,blue_whale
34.14,-119.97,1994-10-10 12:15:00+00:00,10,blue_whale
37.74,-123.05,2000-08-27 16:45:00+00:00,8,blue_whale
-54.507646,-35.848564,2025-01-22 14:00:00+00:00,1,blue_whale
-39.191,143.02,2012-01-23 11:44:00+00:00,1,blue_whale
34.06,-120.52,1997-07-14 16:12:00+00:00,7,blue_whale
38.22,-123.22,1987-08-21 12:23:00+00:00,8,blue_whale
34.11,-120.09,2002-07-05 09:53:00+00:00,7,blue_whale
38.21,-123.38,2004-09-29 14:05:00+00:00,9,blue_whale
9.39,-89.46,1992-08-10 13:02:00+00:00,8,blue_whale
34.08,-120.6,1993-08-03 12:38:00+00:00,8,blue_whale
38.2417,-123.275,1982-09-15 14:10:00+00:00,9,blue_whale
34.21,-120.45,2002-11-06 10:16:00+00:00,11,blue_whale
37.63166667,-25.67166667,2017-05-11 09:08:00+00:00,5,blue_whale
-39.207,143.364,2012-01-14 13:30:00+00:00,1,blue_whale
32.8988,-118.863,2021-09-10 13:09:00+00:00,9,blue_whale
37.24,-124.88,1993-10-11 12:22:00+00:00,10,blue_whale
34.16,-119.93,2002-07-01 09:39:00+00:00,7,blue_whale
36.71,-121.99,2003-09-23 18:45:00+00:00,9,blue_whale
41.76,-124.47,2004-10-14 10:26:00+00:00,10,blue_whale
34.12,-119.96,1994-09-16 12:45:00+00:00,9,blue_whale
32.87,-117.39,1998-06-07 12:15:00+00:00,6,blue_whale
34.18,-120.01,1995-08-29 14:28:00+00:00,8,blue_whale
38.33,-123.43,1995-11-13 13:36:00+00:00,11,blue_whale
36.8,-121.9,1986-11-06 00:00:00+00:00,11,blue_whale
34.1,-120.3,1994-11-04 00:00:00+00:00,11,blue_whale
34.1,-119.82,2003-06-14 11:00:00+00:00,6,blue_whale
41.79,-124.4,2003-09-06 15:56:00+00:00,9,blue_whale
34.4,-120.52,1995-08-08 15:35:00+00:00,8,blue_whale
36.8,-121.9,1986-11-08 00:00:00+00:00,11,blue_whale
34.15,-120.6,2001-07-26 09:22:00+00:00,7,blue_whale
36.8,-122.1,1994-09-27 12:51:00+00:00,9,blue_whale
38.24,-123.35,2002-09-19 13:35:00+00:00,9,blue_whale
32.93,-118.86,1993-07-31 10:01:00+00:00,7,blue_whale
38.55,-123.66,1992-10-06 14:23:00+00:00,10,blue_whale
34.11,-120.06,1994-10-06 11:05:00+00:00,10,blue_whale
38.35,-123.22,1994-09-12 10:25:00+00:00,9,blue_whale
32.7,-119.29,2000-08-23 15:09:00+00:00,8,blue_whale
36.08,-122.0,1999-08-27 13:08:00+00:00,8,blue_whale
34.13,-119.89,1999-06-27 16:32:00+00:00,6,blue_whale
33.39,-119.54,2001-07-19 13:11:00+00:00,7,blue_whale
32.71,-117.34,2001-08-21 12:02:00+00:00,8,blue_whale
38.27,-123.14,1988-09-28 16:02:00+00:00,9,blue_whale
34.82,-120.81,2002-10-04 11:56:00+00:00,10,blue_whale
39.31,-123.89,1992-10-08 11:02:00+00:00,10,blue_whale
37.73,-123.12,1986-08-24 00:00:00+00:00,8,blue_whale
36.68,-122.0,2003-09-25 12:02:00+00:00,9,blue_whale
34.18,-120.38,1999-06-22 11:47:00+00:00,6,blue_whale
37.76,-123.16,1989-09-14 10:32:00+00:00,9,blue_whale
37.96,-123.32,1990-11-18 11:32:00+00:00,11,blue_whale
38.28,-123.15,1992-08-30 08:44:00+00:00,8,blue_whale
34.09,-120.55,2003-07-20 14:01:00+00:00,7,blue_whale
34.1,-120.6,2004-09-23 14:02:00+00:00,9,blue_whale
32.843467,-117.322311,2023-05-06 15:00:00+00:00,5,blue_whale
36.8,-121.9,1987-08-13 00:00:00+00:00,8,blue_whale
34.13,-119.98,2004-07-23 12:05:00+00:00,7,blue_whale
36.68,-122.03,1998-11-19 00:00:00+00:00,11,blue_whale
34.11,-120.6,1995-10-05 11:05:00+00:00,10,blue_whale
33.99,-120.48,1992-07-12 17:05:00+00:00,7,blue_whale
38.32,-123.45,1995-11-13 12:45:00+00:00,11,blue_whale
37.43,-122.94,1990-11-12 12:01:00+00:00,11,blue_whale
34.13,-120.24,1999-06-22 14:06:00+00:00,6,blue_whale
34.1,-120.61,2004-09-22 14:39:00+00:00,9,blue_whale
37.87,-123.28,2003-10-28 08:09:00+00:00,10,blue_whale
38.37,-123.29,1990-09-24 11:02:00+00:00,9,blue_whale
34.1,-119.83,1992-06-11 11:55:00+00:00,6,blue_whale
38.31,-123.22,1992-09-14 10:03:00+00:00,9,blue_whale
37.67,-123.11,2002-07-30 09:35:00+00:00,7,blue_whale
33.77,-120.16,2001-08-23 12:57:00+00:00,8,blue_whale
34.14,-119.88,1997-06-15 10:12:00+00:00,6,blue_whale
36.68,-122.01,2003-09-25 09:03:00+00:00,9,blue_whale
36.66,-122.03,2002-09-20 11:54:00+00:00,9,blue_whale
34.13,-120.2,1996-08-12 13:00:00+00:00,8,blue_whale
34.15,-119.77,2002-09-22 16:00:00+00:00,9,blue_whale
36.73,-121.96,2003-09-12 10:31:00+00:00,9,blue_whale
34.18,-119.93,1992-07-11 17:44:00+00:00,7,blue_whale
34.12,-120.62,2001-07-26 12:00:00+00:00,7,blue_whale
34.0,-119.97,1995-08-26 10:24:00+00:00,8,blue_whale
41.95,-124.4,1998-10-10 16:55:00+00:00,10,blue_whale
34.11,-120.19,2002-10-30 10:01:00+00:00,10,blue_whale
32.71,-119.22,2001-08-28 16:03:00+00:00,8,blue_whale
38.35,-28.4,2024-04-17 16:50:00+00:00,4,blue_whale
38.2,-123.17,2002-09-28 15:33:00+00:00,9,blue_whale
34.14,-119.92,1999-06-27 15:05:00+00:00,6,blue_whale
34.17,-120.15,1992-07-09 16:25:00+00:00,7,blue_whale
-38.769,142.306,2012-01-23 09:26:00+00:00,1,blue_whale
34.2,-120.0,1994-10-11 00:00:00+00:00,10,blue_whale
36.64,-122.09,1998-07-23 13:09:00+00:00,7,blue_whale
34.09,-120.6,2001-07-25 13:12:00+00:00,7,blue_whale
36.59,-122.04,2001-10-08 12:38:00+00:00,10,blue_whale
37.6243,-25.61615,2018-05-25 10:17:00+00:00,5,blue_whale
27.37,-114.66,1989-05-04 13:08:00+00:00,5,blue_whale
37.02,-122.41,1993-08-28 11:03:00+00:00,8,blue_whale
34.11,-120.62,2001-07-25 14:28:00+00:00,7,blue_whale
36.67,-122.0,2001-10-10 10:55:00+00:00,10,blue_whale
34.11,-120.13,1998-08-03 14:15:00+00:00,8,blue_whale
32.18,-118.86,1994-10-01 07:21:00+00:00,10,blue_whale
34.12,-120.49,1997-07-14 11:19:00+00:00,7,blue_whale
36.71,-122.11,2001-09-20 12:03:00+00:00,9,blue_whale
36.8,-121.9,1987-08-20 00:00:00+00:00,8,blue_whale
34.11,-120.06,1997-07-20 12:08:00+00:00,7,blue_whale
33.873708,-121.716847,2004-07-24 14:49:00+00:00,7,blue_whale
34.13,-119.93,1999-06-27 17:04:00+00:00,6,blue_whale
37.02,-122.44,1993-08-25 15:05:00+00:00,8,blue_whale
37.64565,-123.064567,2024-07-14 12:51:00+00:00,7,blue_whale
33.594031,-118.092899,2015-07-12 09:41:00+00:00,7,blue_whale
38.16,-123.23,1992-08-29 18:01:00+00:00,8,blue_whale
39.46,-123.89,1992-10-07 10:22:00+00:00,10,blue_whale
34.16,-119.84,1997-07-18 12:57:00+00:00,7,blue_whale
37.01,-122.26,1993-08-25 18:34:00+00:00,8,blue_whale
38.2375,-123.2625,1982-09-15 14:11:00+00:00,9,blue_whale
37.04,-122.41,1998-08-11 12:45:00+00:00,8,blue_whale
37.64,-123.06,1994-09-13 17:01:00+00:00,9,blue_whale
34.11,-120.17,1996-08-12 16:01:00+00:00,8,blue_whale
38.17,-123.35,1991-10-31 08:05:00+00:00,10,blue_whale
34.14,-119.79,2002-09-22 10:45:00+00:00,9,blue_whale
37.63975,-123.063417,2017-08-19 13:04:00+00:00,8,blue_whale
37.91,-123.23,1988-09-29 15:53:00+00:00,9,blue_whale
34.07,-120.59,2001-07-25 12:04:00+00:00,7,blue_whale
34.15,-119.91,1999-06-26 13:07:00+00:00,6,blue_whale
36.75,-121.95,2002-09-18 12:23:00+00:00,9,blue_whale
24.55,-112.14,1999-04-07 08:29:00+00:00,4,blue_whale
36.66,-122.0,2001-08-25 09:57:00+00:00,8,blue_whale
43.6,-54.717,1968-08-18 02:00:00+00:00,8,blue_whale
37.82,-123.32,1989-09-14 12:03:00+00:00,9,blue_whale
32.95,-119.78,1995-08-16 09:03:00+00:00,8,blue_whale
36.74,-121.96,2002-07-20 07:43:00+00:00,7,blue_whale
38.27,-123.13,1988-09-28 16:44:00+00:00,9,blue_whale
34.16,-120.42,1999-06-22 11:26:00+00:00,6,blue_whale
38.36,-123.31,1990-09-24 13:57:00+00:00,9,blue_whale
34.1,-120.13,1998-08-04 12:02:00+00:00,8,blue_whale
34.19,-119.88,1999-06-22 08:43:00+00:00,6,blue_whale
34.13,-119.78,2002-08-11 16:03:00+00:00,8,blue_whale
37.69,-123.0,1986-08-09 07:05:00+00:00,8,blue_whale
26.72,-113.92,1989-05-03 09:55:00+00:00,5,blue_whale
34.1,-119.59,1998-07-07 08:48:00+00:00,7,blue_whale
32.76,-117.37,1998-06-07 15:05:00+00:00,6,blue_whale
34.57,-120.82,2003-08-31 14:02:00+00:00,8,blue_whale
34.12,-120.0,1994-10-10 17:13:00+00:00,10,blue_whale
34.82,-120.8,2002-10-04 11:46:00+00:00,10,blue_whale
58.55,-144.56,2004-07-15 16:41:00+00:00,7,blue_whale
33.31,-121.16,1991-09-24 15:01:00+00:00,9,blue_whale
36.79,-122.02,2000-09-05 12:16:00+00:00,9,blue_whale
36.965515,-74.590778,2022-10-21 10:38:00+00:00,10,blue_whale
37.06,-122.42,1993-08-28 18:13:00+00:00,8,blue_whale
34.15,-119.94,1999-06-28 15:00:00+00:00,6,blue_whale
34.15,-119.92,1999-06-26 13:00:00+00:00,6,blue_whale
34.11,-120.06,1997-07-20 12:39:00+00:00,7,blue_whale
38.35,-123.45,1987-10-07 11:05:00+00:00,10,blue_whale
33.1608,-117.4281,2024-06-26 16:17:00+00:00,6,blue_whale
37.75,-123.18,1996-09-12 16:27:00+00:00,9,blue_whale
34.11,-120.11,1998-07-06 16:58:00+00:00,7,blue_whale
34.13,-119.9,1999-06-25 14:35:00+00:00,6,blue_whale
38.97,-123.86,1992-11-14 09:16:00+00:00,11,blue_whale
37.63,-123.05,2001-08-05 15:54:00+00:00,8,blue_whale
33.39,-119.53,2001-07-19 13:58:00+00:00,7,blue_whale
34.53,-120.74,1994-09-17 14:12:00+00:00,9,blue_whale
34.24,-120.1,1992-07-10 15:00:00+00:00,7,blue_whale
38.24,-123.14,1988-09-24 17:21:00+00:00,9,blue_whale
36.86,-122.19,2001-09-21 11:05:00+00:00,9,blue_whale
34.14,-119.99,1994-10-10 12:36:00+00:00,10,blue_whale
-38.889,142.643,2012-01-23 10:29:00+00:00,1,blue_whale
37.61,-122.92,1998-08-12 18:33:00+00:00,8,blue_whale
37.66,-123.11,2000-11-17 15:06:00+00:00,11,blue_whale
36.798401,-122.007439,2016-08-01 12:46:00+00:00,8,blue_whale
34.12,-120.63,2001-07-26 12:52:00+00:00,7,blue_whale
34.07,-120.58,2001-07-24 15:11:00+00:00,7,blue_whale
33.548627,-117.866872,2017-06-24 16:55:00+00:00,6,blue_whale
39.11,-123.91,1992-11-12 10:15:00+00:00,11,blue_whale
34.13,-120.21,1996-08-13 15:53:00+00:00,8,blue_whale
32.8669,-118.7389,2021-09-08 07:14:00+00:00,9,blue_whale
39.49,-123.96,1992-10-22 15:33:00+00:00,10,blue_whale
38.31,-123.2,1992-09-10 12:47:00+00:00,9,blue_whale
36.783333,-122.045,2016-06-17 12:13:00+00:00,6,blue_whale
36.81,-122.18,1998-10-02 12:00:00+00:00,10,blue_whale
36.75,-121.91,2000-08-10 09:55:00+00:00,8,blue_whale
34.04,-120.55,1997-07-14 14:45:00+00:00,7,blue_whale
37.824744,-122.837253,2017-06-10 10:15:00+00:00,6,blue_whale
34.06,-120.58,2001-07-26 15:04:00+00:00,7,blue_whale
32.759278,-117.295532,2024-06-26 13:57:00+00:00,6,blue_whale
38.28,-123.14,1992-08-30 18:36:00+00:00,8,blue_whale
38.32,-123.22,1992-09-14 11:05:00+00:00,9,blue_whale
37.64,-123.01,2002-09-27 15:19:00+00:00,9,blue_whale
-38.972,142.95,2012-01-23 11:22:00+00:00,1,blue_whale
32.63,-119.15,2001-08-29 10:25:00+00:00,8,blue_whale
34.14,-119.93,1999-06-27 13:01:00+00:00,6,blue_whale
38.23,-123.14,1988-09-24 13:36:00+00:00,9,blue_whale
41.88,-124.51,2004-10-13 13:35:00+00:00,10,blue_whale
34.11,-120.09,2002-08-21 10:45:00+00:00,8,blue_whale
39.63,-123.91,1992-09-23 12:02:00+00:00,9,blue_whale
36.72,-121.97,2000-10-06 10:33:00+00:00,10,blue_whale
39.46,-123.96,1992-10-22 10:04:00+00:00,10,blue_whale
34.11,-120.08,2002-06-27 13:15:00+00:00,6,blue_whale
37.99,-123.46,1990-11-13 10:15:00+00:00,11,blue_whale
41.57,-124.39,1992-10-17 12:41:00+00:00,10,blue_whale
24.49,-110.49,1991-03-14 00:00:00+00:00,3,blue_whale
32.10634,-119.037329,2005-07-02 15:59:00+00:00,7,blue_whale
36.68,-121.98,2003-08-29 15:38:00+00:00,8,blue_whale
34.09,-120.61,2001-07-26 14:25:00+00:00,7,blue_whale
38.1,-123.38,1991-10-25 10:01:00+00:00,10,blue_whale
36.8,-121.9,1986-10-15 00:00:00+00:00,10,blue_whale
34.16,-120.63,2004-10-23 11:15:00+00:00,10,blue_whale
34.12,-120.03,1994-10-06 14:45:00+00:00,10,blue_whale
10.73,-98.78,1989-11-11 09:16:00+00:00,11,blue_whale
32.9,-117.37,1991-07-17 11:00:00+00:00,7,blue_whale
34.16,-119.84,1994-09-16 10:04:00+00:00,9,blue_whale
0.13,-91.68,1993-08-17 00:00:00+00:00,8,blue_whale
34.31,-120.51,1994-09-24 10:05:00+00:00,9,blue_whale
37.78,-123.3,1997-09-13 13:33:00+00:00,9,blue_whale
33.11,-119.68,1997-09-25 14:26:00+00:00,9,blue_whale
33.610365,-118.259747,2016-07-22 17:06:00+00:00,7,blue_whale
34.13,-120.62,2001-07-26 10:03:00+00:00,7,blue_whale
38.23,-123.26,1990-09-07 14:42:00+00:00,9,blue_whale
34.06,-120.58,2001-07-24 13:01:00+00:00,7,blue_whale
37.6,-123.0,1993-09-06 17:15:00+00:00,9,blue_whale
38.42,-123.32,1990-09-25 10:49:00+00:00,9,blue_whale
37.74,-123.17,2000-11-17 13:05:00+00:00,11,blue_whale
41.89,-124.52,2004-10-13 15:52:00+00:00,10,blue_whale
38.46,-123.33,1998-09-05 14:04:00+00:00,9,blue_whale
36.67,-121.91,2003-09-01 11:28:00+00:00,9,blue_whale
36.68,-121.99,2001-08-26 15:03:00+00:00,8,blue_whale
34.19,-119.89,1999-06-22 09:27:00+00:00,6,blue_whale
34.14,-119.81,1992-07-08 13:04:00+00:00,7,blue_whale
38.09,-123.51,1987-09-01 14:05:00+00:00,9,blue_whale
34.07,-120.58,2001-07-24 13:19:00+00:00,7,blue_whale
38.06,-123.51,1990-11-13 15:25:00+00:00,11,blue_whale
34.11,-119.82,1992-06-11 12:03:00+00:00,6,blue_whale
33.87,-120.26,1995-08-12 16:02:00+00:00,8,blue_whale
38.37,-123.28,1990-09-24 12:15:00+00:00,9,blue_whale
34.04,-120.55,2001-07-26 15:03:00+00:00,7,blue_whale
34.15,-119.83,2002-07-26 11:35:00+00:00,7,blue_whale
37.7006,-123.0109,2014-07-06 11:57:00+00:00,7,blue_whale
34.08,-120.55,2003-07-20 14:32:00+00:00,7,blue_whale
34.57,-120.79,2000-07-11 12:59:00+00:00,7,blue_whale
34.13,-120.62,2001-07-25 17:18:00+00:00,7,blue_whale
34.14,-120.59,2002-07-28 13:33:00+00:00,7,blue_whale
34.11,-120.14,1994-07-31 13:27:00+00:00,7,blue_whale
37.86,-123.15,1988-10-02 11:45:00+00:00,10,blue_whale
34.12,-120.61,2001-07-26 11:12:00+00:00,7,blue_whale
34.11,-119.82,1992-06-11 11:03:00+00:00,6,blue_whale
36.6,-122.06,1998-09-21 13:03:00+00:00,9,blue_whale
32.7,-119.21,2001-08-29 17:39:00+00:00,8,blue_whale
36.99,-122.39,1998-08-10 16:01:00+00:00,8,blue_whale
39.56,-123.91,1992-10-07 15:18:00+00:00,10,blue_whale
37.59103333,-25.67281667,2010-04-24 11:20:00+00:00,4,blue_whale
34.060097,-119.357583,2016-08-11 11:07:00+00:00,8,blue_whale
34.19,-120.44,1998-07-30 14:05:00+00:00,7,blue_whale
34.391327,-119.845125,2011-05-12 12:48:00+00:00,5,blue_whale
34.15,-119.95,1994-09-18 14:00:00+00:00,9,blue_whale
34.12,-120.62,2001-07-26 10:59:00+00:00,7,blue_whale
34.11,-120.22,2002-09-21 13:00:00+00:00,9,blue_whale
36.6,-122.01,2001-10-21 12:16:00+00:00,10,blue_whale
33.33,-119.41,1995-08-23 14:01:00+00:00,8,blue_whale
37.79,-122.98,1984-07-14 00:00:00+00:00,7,blue_whale
34.13,-120.37,1997-07-08 14:54:00+00:00,7,blue_whale
31.86,-116.86,1989-05-10 08:25:00+00:00,5,blue_whale
38.24,-123.42,1989-09-20 12:05:00+00:00,9,blue_whale
38.25,-123.45,1989-10-09 14:21:00+00:00,10,blue_whale
33.98,-120.46,1994-09-24 16:04:00+00:00,9,blue_whale
34.13,-120.1,1994-10-07 17:04:00+00:00,10,blue_whale
-1.2567,-91.6683,1993-09-13 16:10:00+00:00,9,blue_whale
38.54,-123.46,1998-09-06 18:01:00+00:00,9,blue_whale
37.95,-123.25,1988-08-22 12:17:00+00:00,8,blue_whale
34.11,-120.09,2002-06-27 12:08:00+00:00,6,blue_whale
32.51,-119.09,2001-08-25 17:19:00+00:00,8,blue_whale
37.78,-123.01,1987-08-09 12:15:00+00:00,8,blue_whale
-38.618,142.241,2012-01-18 11:06:00+00:00,1,blue_whale
34.16,-120.62,2001-07-25 17:35:00+00:00,7,blue_whale
33.646796,-118.329703,2017-05-13 10:41:00+00:00,5,blue_whale
34.81,-120.85,2003-07-19 13:05:00+00:00,7,blue_whale
34.11,-119.83,1994-09-16 14:37:00+00:00,9,blue_whale
34.15,-119.78,2002-09-23 11:05:00+00:00,9,blue_whale
34.19,-120.56,2002-07-28 11:05:00+00:00,7,blue_whale
34.33,-120.52,1994-09-23 17:02:00+00:00,9,blue_whale
32.91,-117.43,1998-06-05 12:21:00+00:00,6,blue_whale
34.100573,-119.612507,2020-09-23 12:08:00+00:00,9,blue_whale
34.09,-119.79,1992-06-18 11:02:00+00:00,6,blue_whale
33.38,-119.51,2001-07-20 13:12:00+00:00,7,blue_whale
38.34,-123.24,2003-10-22 15:24:00+00:00,10,blue_whale
37.67,-123.12,2000-11-17 15:03:00+00:00,11,blue_whale
37.82,-123.08,1986-08-17 14:02:00+00:00,8,blue_whale
34.06,-120.53,1997-07-14 15:54:00+00:00,7,blue_whale
34.13,-119.93,1999-06-26 14:14:00+00:00,6,blue_whale
36.79,-122.11,2000-08-19 11:53:00+00:00,8,blue_whale
38.24,-123.35,1989-09-24 09:47:00+00:00,9,blue_whale
32.69,-119.2,2001-08-29 17:05:00+00:00,8,blue_whale
33.35,-119.44,2001-07-19 12:26:00+00:00,7,blue_whale
34.12,-120.02,1995-08-24 11:47:00+00:00,8,blue_whale
32.896,-119.1474,2023-07-24 13:12:00+00:00,7,blue_whale
36.72,-121.98,2003-09-10 11:03:00+00:00,9,blue_whale
-11.746667,-77.51,2016-04-06 16:37:00+00:00,4,blue_whale
36.8,-121.9,1997-08-10 00:00:00+00:00,8,blue_whale
33.548083,-117.88805,2018-07-20 18:14:00+00:00,7,blue_whale
34.11,-120.16,2002-07-23 10:05:00+00:00,7,blue_whale
34.09,-120.6,2004-09-22 15:07:00+00:00,9,blue_whale
34.12,-119.82,1994-09-16 15:00:00+00:00,9,blue_whale
34.13,-119.87,2002-10-26 09:55:00+00:00,10,blue_whale
34.12,-120.03,1999-06-20 14:42:00+00:00,6,blue_whale
34.14,-120.22,1997-07-31 12:03:00+00:00,7,blue_whale
34.11,-120.16,1996-08-13 16:47:00+00:00,8,blue_whale
34.09,-120.6,2001-07-25 16:43:00+00:00,7,blue_whale
34.55,-120.77,2003-08-31 13:04:00+00:00,8,blue_whale
34.1,-120.56,2002-07-27 14:57:00+00:00,7,blue_whale
37.62783333,-25.38515,2012-03-14 11:09:00+00:00,3,blue_whale
34.1,-119.85,1992-06-18 12:37:00+00:00,6,blue_whale
37.34,-122.77,1993-09-01 16:15:00+00:00,9,blue_whale
33.499363,-120.923669,2006-10-31 08:47:00+00:00,10,blue_whale
34.14,-120.61,2001-07-26 09:48:00+00:00,7,blue_whale
37.55543333,-25.55823333,2014-04-27 11:13:00+00:00,4,blue_whale
32.45,-118.34,2000-08-22 15:05:00+00:00,8,blue_whale
38.31,-123.45,1992-09-29 16:05:00+00:00,9,blue_whale
37.54,-122.98,1996-10-07 15:55:00+00:00,10,blue_whale
37.54,-122.93,2002-09-24 10:51:00+00:00,9,blue_whale
38.72,-28.69,2024-04-18 11:26:00+00:00,4,blue_whale
36.76,-121.96,2003-09-29 11:04:00+00:00,9,blue_whale
35.58,-122.01,1999-07-24 00:00:00+00:00,7,blue_whale
36.64,-121.99,2003-09-06 09:46:00+00:00,9,blue_whale
36.86,-122.15,2004-07-26 15:06:00+00:00,7,blue_whale
34.18,-120.03,2004-07-28 14:45:00+00:00,7,blue_whale
38.11,-123.5,1987-09-01 12:56:00+00:00,9,blue_whale
34.13,-119.88,1998-06-14 00:00:00+00:00,6,blue_whale
37.12,-122.53,1993-08-27 17:45:00+00:00,8,blue_whale
34.13,-120.0,1994-09-25 10:04:00+00:00,9,blue_whale
36.55,-121.99,2003-09-30 15:47:00+00:00,9,blue_whale
34.11,-119.97,1999-06-22 18:02:00+00:00,6,blue_whale
37.69,-123.11,1986-08-09 00:00:00+00:00,8,blue_whale
33.5006,-117.8521,2017-06-10 13:30:00+00:00,6,blue_whale
-1.21,-91.66,1998-11-06 00:00:00+00:00,11,blue_whale
-38.968,142.831,2012-01-23 10:53:00+00:00,1,blue_whale
32.79,-117.38,1998-06-07 14:00:00+00:00,6,blue_whale
33.37,-119.39,2001-07-21 11:05:00+00:00,7,blue_whale
38.26,-123.15,1988-09-24 14:05:00+00:00,9,blue_whale
34.13,-120.2,1996-08-12 12:54:00+00:00,8,blue_whale
34.12,-120.05,1997-07-10 11:58:00+00:00,7,blue_whale
37.6,-122.98,1989-10-08 12:16:00+00:00,10,blue_whale
34.1,-120.09,2002-06-27 13:57:00+00:00,6,blue_whale
34.1,-120.11,1995-07-05 13:45:00+00:00,7,blue_whale
38.4,-123.26,1990-09-22 15:24:00+00:00,9,blue_whale
33.07,-118.68,1993-07-30 18:45:00+00:00,7,blue_whale
34.16,-119.94,1999-06-28 14:15:00+00:00,6,blue_whale
33.44,-119.6,1995-08-15 12:05:00+00:00,8,blue_whale
37.52,-122.73,1999-07-22 16:02:00+00:00,7,blue_whale
32.76,-117.38,1998-06-07 16:07:00+00:00,6,blue_whale
39.44,-123.96,1992-10-22 08:28:00+00:00,10,blue_whale
37.53,-122.94,2002-09-25 16:15:00+00:00,9,blue_whale
32.606126,-117.268245,2023-07-15 15:30:00+00:00,7,blue_whale
34.12,-120.2,2001-06-22 08:54:00+00:00,6,blue_whale
34.03,-120.53,2001-07-24 11:45:00+00:00,7,blue_whale
34.13,-120.19,1994-07-31 11:51:00+00:00,7,blue_whale
37.52,-122.74,1999-07-22 15:57:00+00:00,7,blue_whale
36.68,-122.0,2003-09-25 08:48:00+00:00,9,blue_whale
38.18,-123.46,1990-09-04 12:12:00+00:00,9,blue_whale
36.8,-121.9,1987-08-09 00:00:00+00:00,8,blue_whale
33.557033,-117.87063,2017-06-18 11:53:00+00:00,6,blue_whale
37.94,-123.45,1997-09-09 09:48:00+00:00,9,blue_whale
37.55,-122.84,2003-07-03 13:01:00+00:00,7,blue_whale
11.97,-91.22,1989-11-13 16:53:00+00:00,11,blue_whale
32.62,-121.15,1996-10-12 15:49:00+00:00,10,blue_whale
34.21,-119.92,1997-07-06 10:15:00+00:00,7,blue_whale
39.07,-123.91,1992-11-16 12:46:00+00:00,11,blue_whale
-14.43,-87.4,2003-10-23 09:25:00+00:00,10,blue_whale
34.11,-120.11,1995-07-05 13:55:00+00:00,7,blue_whale
34.15,-119.95,1997-07-12 13:52:00+00:00,7,blue_whale
34.15,-119.9,1992-07-08 15:05:00+00:00,7,blue_whale
32.72,-117.34,1998-06-07 16:46:00+00:00,6,blue_whale
34.11,-119.68,1992-06-20 09:07:00+00:00,6,blue_whale
34.14,-119.87,1992-07-08 14:03:00+00:00,7,blue_whale
34.04,-120.55,1997-07-14 14:16:00+00:00,7,blue_whale
34.11,-120.17,1994-07-31 12:53:00+00:00,7,blue_whale
38.76,-123.77,1988-10-28 12:01:00+00:00,10,blue_whale
37.16,-122.71,1993-08-31 13:03:00+00:00,8,blue_whale
36.716368,-122.26032,2016-10-08 17:27:00+00:00,10,blue_whale
32.65,-117.83,1991-07-28 15:31:00+00:00,7,blue_whale
39.09,-123.94,1992-11-12 10:05:00+00:00,11,blue_whale
34.11,-120.21,1998-07-09 00:00:00+00:00,7,blue_whale
36.66,-122.01,2001-10-17 10:01:00+00:00,10,blue_whale
25.55,-111.06,1991-03-13 00:00:00+00:00,3,blue_whale
36.71,-122.07,1989-08-27 11:06:00+00:00,8,blue_whale
36.8,-121.9,1987-08-11 00:00:00+00:00,8,blue_whale
34.1,-120.08,2002-06-26 12:56:00+00:00,6,blue_whale
38.54,-123.47,1992-09-17 12:36:00+00:00,9,blue_whale
18.93,-112.33,1987-12-05 07:09:00+00:00,12,blue_whale
34.3,-120.05,1992-07-10 16:55:00+00:00,7,blue_whale
34.09,-120.63,2001-07-25 15:57:00+00:00,7,blue_whale
34.62,-122.0,2001-09-30 18:46:00+00:00,9,blue_whale
38.31,-123.44,1998-09-03 19:00:00+00:00,9,blue_whale
8.91,-96.16,1999-01-23 11:47:00+00:00,1,blue_whale
36.62,-122.01,1998-10-27 00:00:00+00:00,10,blue_whale
38.0,-123.44,1990-10-09 16:26:00+00:00,10,blue_whale
34.12,-119.99,1996-08-26 13:00:00+00:00,8,blue_whale
34.1,-120.09,1994-07-31 14:07:00+00:00,7,blue_whale
38.3343,-28.2527,2026-04-17 04:07:00+00:00,4,blue_whale
-52.3872,-66.0869,2026-03-01 12:25:00+00:00,3,blue_whale
36.75,-121.98,2000-08-30 13:46:00+00:00,8,blue_whale
37.53,-122.96,2001-08-05 13:14:00+00:00,8,blue_whale
32.69,-119.27,2000-08-23 16:54:00+00:00,8,blue_whale
33.13,-120.91,1993-08-02 14:04:00+00:00,8,blue_whale
37.89,-123.23,1996-09-03 16:02:00+00:00,9,blue_whale
36.74,-121.97,2003-09-28 16:03:00+00:00,9,blue_whale
37.64788333,-25.77138333,2016-04-18 10:03:00+00:00,4,blue_whale
36.58,-122.17,1998-07-23 16:28:00+00:00,7,blue_whale
38.48,-123.34,1990-09-22 12:09:00+00:00,9,blue_whale
34.03,-120.49,2003-07-20 12:16:00+00:00,7,blue_whale
34.04,-120.55,2001-07-25 17:45:00+00:00,7,blue_whale
34.07,-120.52,2002-07-27 15:24:00+00:00,7,blue_whale
32.8,-117.38,1998-06-07 13:55:00+00:00,6,blue_whale
34.0,-120.53,1995-08-20 12:14:00+00:00,8,blue_whale
36.04,-124.89,1996-10-24 09:00:00+00:00,10,blue_whale
34.02,-120.53,1995-08-20 10:15:00+00:00,8,blue_whale
33.5,-119.87,2003-07-25 18:39:00+00:00,7,blue_whale
34.12,-120.52,1997-07-09 15:21:00+00:00,7,blue_whale
24.71,-112.26,1988-04-04 12:24:00+00:00,4,blue_whale
33.73,-121.83,1996-09-08 07:04:00+00:00,9,blue_whale
34.14,-119.82,2004-07-23 10:14:00+00:00,7,blue_whale
37.01,-122.39,2003-07-25 12:46:00+00:00,7,blue_whale
37.71,-123.11,2001-08-09 16:25:00+00:00,8,blue_whale
38.23,-123.4,1989-09-24 12:28:00+00:00,9,blue_whale
33.936853,-119.268006,2016-08-14 13:19:00+00:00,8,blue_whale
37.46,-122.76,1999-07-22 17:29:00+00:00,7,blue_whale
38.27,-123.26,1999-09-17 18:34:00+00:00,9,blue_whale
36.48,-122.02,2000-09-03 11:01:00+00:00,9,blue_whale
37.55,-122.94,2002-09-25 16:42:00+00:00,9,blue_whale
36.64,-122.06,1998-07-28 11:44:00+00:00,7,blue_whale
37.97,-123.14,1988-08-21 10:01:00+00:00,8,blue_whale
34.11,-120.04,2002-06-26 14:31:00+00:00,6,blue_whale
37.62,-123.02,1989-08-05 12:02:00+00:00,8,blue_whale
37.7,-123.11,1993-09-06 15:05:00+00:00,9,blue_whale
78.218056,12.3,2016-07-15 15:35:00+00:00,7,blue_whale
34.81,-120.85,2002-10-05 12:01:00+00:00,10,blue_whale
38.09,-123.43,1989-10-25 14:35:00+00:00,10,blue_whale
32.92,-117.37,1991-07-17 12:48:00+00:00,7,blue_whale
34.15,-120.38,1995-08-25 12:05:00+00:00,8,blue_whale
34.14,-120.04,1994-09-21 13:54:00+00:00,9,blue_whale
37.65,-123.07,2001-08-05 16:28:00+00:00,8,blue_whale
34.1,-120.15,1996-07-19 00:00:00+00:00,7,blue_whale
38.0,-123.43,1990-10-09 14:54:00+00:00,10,blue_whale
36.55,-126.83,2001-08-04 14:26:00+00:00,8,blue_whale
37.627702,-25.648156,2026-04-16 10:12:00+00:00,4,blue_whale
38.04,-123.17,1988-08-22 09:47:00+00:00,8,blue_whale
36.71,-121.99,2003-09-23 18:38:00+00:00,9,blue_whale
38.1,-123.47,1991-10-10 13:49:00+00:00,10,blue_whale
34.85,-120.83,2002-10-04 13:39:00+00:00,10,blue_whale
38.1,-123.33,2003-10-27 09:46:00+00:00,10,blue_whale
34.1833,-120.2583,1977-07-02 15:53:00+00:00,7,blue_whale
59.28,-142.76,2004-07-14 18:26:00+00:00,7,blue_whale
24.8,-110.7,1988-03-17 00:00:00+00:00,3,blue_whale
34.78,-120.81,2002-10-05 12:04:00+00:00,10,blue_whale
34.13,-119.91,1999-06-28 09:32:00+00:00,6,blue_whale
34.59,-120.78,2000-07-11 11:47:00+00:00,7,blue_whale
34.16,-119.85,1994-09-16 10:02:00+00:00,9,blue_whale
37.76,-123.17,1989-09-08 11:39:00+00:00,9,blue_whale
36.68,-122.0,2003-09-08 11:23:00+00:00,9,blue_whale
38.28,-123.4,2003-10-26 15:00:00+00:00,10,blue_whale
34.11,-119.82,2003-06-14 13:55:00+00:00,6,blue_whale
36.58,-122.04,1999-07-23 00:00:00+00:00,7,blue_whale
32.62,-119.27,2001-06-26 10:54:00+00:00,6,blue_whale
34.57,-120.81,2003-08-31 14:37:00+00:00,8,blue_whale
36.57,-122.02,2000-08-08 11:25:00+00:00,8,blue_whale
38.34,-123.28,1992-09-10 16:25:00+00:00,9,blue_whale
38.02,-123.37,2003-10-27 11:07:00+00:00,10,blue_whale
34.11,-120.03,1999-06-22 17:16:00+00:00,6,blue_whale
38.29,-123.16,1992-08-30 09:02:00+00:00,8,blue_whale
38.24,-123.31,1988-10-07 17:01:00+00:00,10,blue_whale
38.05,-123.45,1987-08-29 15:28:00+00:00,8,blue_whale
36.76,-121.94,2002-09-05 09:35:00+00:00,9,blue_whale
38.12,-123.45,1999-11-02 15:17:00+00:00,11,blue_whale
79.652206,13.767615,2019-08-22 19:10:00+00:00,8,blue_whale
34.25,-119.92,2004-08-23 09:20:00+00:00,8,blue_whale
38.01,-123.39,2003-10-27 11:42:00+00:00,10,blue_whale
37.61,-123.04,2001-08-09 14:01:00+00:00,8,blue_whale
34.06,-120.59,2001-07-25 11:48:00+00:00,7,blue_whale
34.12,-120.47,1997-07-14 10:06:00+00:00,7,blue_whale
36.8,-122.23,1998-09-12 08:03:00+00:00,9,blue_whale
34.1,-120.13,2002-06-26 16:43:00+00:00,6,blue_whale
36.56,-122.0,2000-08-08 11:35:00+00:00,8,blue_whale
36.8,-121.9,1980-08-24 00:00:00+00:00,8,blue_whale
34.11,-120.6,2001-07-26 13:12:00+00:00,7,blue_whale
33.092193,-117.37192,2007-06-28 13:27:00+00:00,6,blue_whale
33.5007,-117.8706,2017-06-10 15:47:00+00:00,6,blue_whale
33.43,-119.6,2001-07-15 12:39:00+00:00,7,blue_whale
38.07,-123.53,1997-09-15 12:44:00+00:00,9,blue_whale
36.77,-121.96,2003-09-29 14:55:00+00:00,9,blue_whale
34.13,-120.18,1994-10-09 11:01:00+00:00,10,blue_whale
34.12,-119.82,1992-07-07 17:07:00+00:00,7,blue_whale
34.13,-120.2,1996-08-12 13:03:00+00:00,8,blue_whale
-38.35,141.011,2009-01-17 11:06:00+00:00,1,blue_whale
-42.0,175.0,1958-05-30 00:00:00+00:00,5,humpback_whale
-28.6,153.66701,1955-08-06 00:00:00+00:00,8,humpback_whale
-32.7,152.25,2014-06-12 00:00:00+00:00,6,humpback_whale
-25.0,153.1,1997-08-17 00:00:00+00:00,8,humpback_whale
50.017,-55.517,1994-09-05 00:00:00+00:00,9,humpback_whale
-22.9874430634,-43.1964987516,2021-09-20 00:00:00+00:00,9,humpback_whale
74.37,16.97,1998-07-09 00:00:00+00:00,7,humpback_whale
-23.0,113.0,1953-07-15 00:00:00+00:00,7,humpback_whale
-33.086328,17.836363,2003-01-14 00:00:00+00:00,1,humpback_whale
-64.4,-63.25,2024-12-17 00:00:00+00:00,12,humpback_whale
-5.646907,11.404324,1998-09-18 00:00:00+00:00,9,humpback_whale
34.1403,-119.8543,2010-05-27 00:00:00+00:00,5,humpback_whale
-65.208333,-64.183333,2014-03-15 00:00:00+00:00,3,humpback_whale
-27.0,153.0,1952-08-31 00:00:00+00:00,8,humpback_whale
22.842222,-109.8875,2013-03-27 00:00:00+00:00,3,humpback_whale
-19.093846,-169.944333,2025-08-09 00:00:00+00:00,8,humpback_whale
36.7845,-121.826,2013-08-19 00:00:00+00:00,8,humpback_whale
-33.006589,151.818532,2008-06-30 00:00:00+00:00,6,humpback_whale
33.84888,-120.117,2019-11-10 00:00:00+00:00,11,humpback_whale
-42.0,175.0,1948-06-11 00:00:00+00:00,6,humpback_whale
49.5,-59.5,1993-07-01 00:00:00+00:00,7,humpback_whale
-38.282,144.511,2009-06-26 00:00:00+00:00,6,humpback_whale
34.018,-119.3168,2021-10-09 00:00:00+00:00,10,humpback_whale
-64.55,-62.466667,2015-03-06 00:00:00+00:00,3,humpback_whale
-20.477356,-40.113831,2018-08-26 00:00:00+00:00,8,humpback_whale
20.701,-105.385,2012-01-18 00:00:00+00:00,1,humpback_whale
20.649967,-105.386383,2003-02-11 00:00:00+00:00,2,humpback_whale
-21.324772,55.315839,2023-07-22 00:00:00+00:00,7,humpback_whale
15.673077,-96.472566,2024-11-17 00:00:00+00:00,11,humpback_whale
49.199999,-126.1,2005-09-05 00:00:00+00:00,9,humpback_whale
20.731,-156.702,2023-03-11 00:00:00+00:00,3,humpback_whale
-28.9667,167.95,1959-08-01 00:00:00+00:00,8,humpback_whale
-23.0,113.0,1927-09-17 00:00:00+00:00,9,humpback_whale
80.59,15.88,2011-08-14 00:00:00+00:00,8,humpback_whale
-24.8833,113.55,1954-07-07 00:00:00+00:00,7,humpback_whale
-24.95583,152.984641,2025-08-29 00:00:00+00:00,8,humpback_whale
20.75,-69.8,1993-03-01 00:00:00+00:00,3,humpback_whale
36.798,-122.9758,2021-10-08 00:00:00+00:00,10,humpback_whale
-23.0,113.0,1926-09-07 00:00:00+00:00,9,humpback_whale
-27.0,154.0,1959-06-24 00:00:00+00:00,6,humpback_whale
20.652778,-105.607222,2001-01-21 00:00:00+00:00,1,humpback_whale
-26.1167,153.483,1955-06-26 00:00:00+00:00,6,humpback_whale
46.791,-54.1968,1993-07-13 00:00:00+00:00,7,humpback_whale
74.55,22.48,2012-07-12 00:00:00+00:00,7,humpback_whale
-53.52,-72.38,1999-01-01 00:00:00+00:00,1,humpback_whale
64.05,-52.5667,1981-07-29 00:00:00+00:00,7,humpback_whale
-26.95,153.5,1954-08-06 00:00:00+00:00,8,humpback_whale
-27.0,153.467,1957-07-09 00:00:00+00:00,7,humpback_whale
48.3938,-124.654,2019-05-21 00:00:00+00:00,5,humpback_whale
-23.0,113.0,1928-08-22 00:00:00+00:00,8,humpback_whale
-26.9167,153.467,1954-09-10 00:00:00+00:00,9,humpback_whale
-25.0,113.0,1962-07-21 00:00:00+00:00,7,humpback_whale
54.2923,-130.6688,2004-09-04 00:00:00+00:00,9,humpback_whale
-36.97011,149.99649,1996-10-19 00:00:00+00:00,10,humpback_whale
33.5,-119.0,1994-02-28 00:00:00+00:00,2,humpback_whale
-25.0,113.0,1956-09-03 00:00:00+00:00,9,humpback_whale
-27.0,154.0,1959-07-13 00:00:00+00:00,7,humpback_whale
-25.0,113.0,1962-09-02 00:00:00+00:00,9,humpback_whale
42.470965,-70.2426433,2020-04-01 00:00:00+00:00,4,humpback_whale
-23.0,113.0,1925-08-22 00:00:00+00:00,8,humpback_whale
44.8,-50.0,1983-07-01 00:00:00+00:00,7,humpback_whale
59.5,-44.0,1981-07-01 00:00:00+00:00,7,humpback_whale
-24.95,113.333,1951-07-18 00:00:00+00:00,7,humpback_whale
36.788211,-121.866188,2023-08-31 00:00:00+00:00,8,humpback_whale
43.0,-70.05,2009-07-28 00:00:00+00:00,7,humpback_whale
-35.0333,118.133,1955-07-17 00:00:00+00:00,7,humpback_whale
58.13,-135.48,2023-08-14 00:00:00+00:00,8,humpback_whale
42.470965,-70.2426433,2020-03-22 00:00:00+00:00,3,humpback_whale
-42.0,175.0,1949-06-30 00:00:00+00:00,6,humpback_whale
34.1053,-120.118,2011-07-15 00:00:00+00:00,7,humpback_whale
36.3703,-122.3148,2019-02-11 00:00:00+00:00,2,humpback_whale
47.6,-53.1,1980-07-01 00:00:00+00:00,7,humpback_whale
-24.8833,113.45,1955-08-02 00:00:00+00:00,8,humpback_whale
20.8825,-105.477,2018-02-04 00:00:00+00:00,2,humpback_whale
36.7,-121.9666,2013-10-05 00:00:00+00:00,10,humpback_whale
-28.6,153.6,2008-06-20 00:00:00+00:00,6,humpback_whale
44.783,-66.983,1979-08-20 00:00:00+00:00,8,humpback_whale
41.598,-69.557,1991-08-14 00:00:00+00:00,8,humpback_whale
-25.0,113.0,1963-07-30 00:00:00+00:00,7,humpback_whale
-2.2679,-81.0176,2008-09-01 00:00:00+00:00,9,humpback_whale
72.08,4.13,2005-08-04 00:00:00+00:00,8,humpback_whale
-37.03698,149.95132,2014-10-18 00:00:00+00:00,10,humpback_whale
51.4848,-56.7825,1992-09-08 00:00:00+00:00,9,humpback_whale
-27.0,154.0,1959-07-22 00:00:00+00:00,7,humpback_whale
-23.0,113.0,1954-07-26 00:00:00+00:00,7,humpback_whale
42.3,-70.3,2022-09-01 00:00:00+00:00,9,humpback_whale
-25.0,113.0,1962-09-10 00:00:00+00:00,9,humpback_whale
6.34693,-77.463638,2021-07-16 00:00:00+00:00,7,humpback_whale
-42.0,175.0,1951-07-09 00:00:00+00:00,7,humpback_whale
-20.863432,55.187994,2024-07-08 00:00:00+00:00,7,humpback_whale
-25.0,153.1,1998-08-13 00:00:00+00:00,8,humpback_whale
66.144221,-17.673408,2025-05-31 00:00:00+00:00,5,humpback_whale
-23.0,113.0,1927-09-08 00:00:00+00:00,9,humpback_whale
32.64585,-117.238556,2026-04-10 00:00:00+00:00,4,humpback_whale
-23.0,113.0,1950-07-09 00:00:00+00:00,7,humpback_whale
20.841567,-105.4899,2020-02-01 00:00:00+00:00,2,humpback_whale
20.75,-69.8,2005-03-03 00:00:00+00:00,3,humpback_whale
48.6,-53.55,1979-07-01 00:00:00+00:00,7,humpback_whale
-25.0,113.0,1956-08-17 00:00:00+00:00,8,humpback_whale
59.53,-151.6,2005-06-29 00:00:00+00:00,6,humpback_whale
20.7,-105.370667,2011-01-17 00:00:00+00:00,1,humpback_whale
22.979572,-109.379883,2024-03-07 00:00:00+00:00,3,humpback_whale
47.3179,-124.4166,2019-12-26 00:00:00+00:00,12,humpback_whale
36.7977,-121.9757,2020-04-30 00:00:00+00:00,4,humpback_whale
37.633,-122.499,2024-08-03 00:00:00+00:00,8,humpback_whale
-21.381475,55.333535,2024-07-28 00:00:00+00:00,7,humpback_whale
48.9303,-123.512,2019-10-05 00:00:00+00:00,10,humpback_whale
-25.1,113.4,1954-08-24 00:00:00+00:00,8,humpback_whale
36.37021,-122.314903,2021-04-29 00:00:00+00:00,4,humpback_whale
-64.52,-63.1,2025-02-07 00:00:00+00:00,2,humpback_whale
44.0,-68.133,1976-07-14 00:00:00+00:00,7,humpback_whale
-20.3148,116.6522,1993-08-30 00:00:00+00:00,8,humpback_whale
20.887167,-105.487333,2018-01-21 00:00:00+00:00,1,humpback_whale
20.684017,-105.423183,2022-02-12 00:00:00+00:00,2,humpback_whale
-21.950608,113.796064,2007-09-09 00:00:00+00:00,9,humpback_whale
-64.657187,-62.144165,2024-03-13 00:00:00+00:00,3,humpback_whale
-23.0,113.0,1927-09-05 00:00:00+00:00,9,humpback_whale
-23.0,113.0,1952-07-21 00:00:00+00:00,7,humpback_whale
-25.0,113.0,1956-09-11 00:00:00+00:00,9,humpback_whale
-25.0,153.1,2001-08-15 00:00:00+00:00,8,humpback_whale
-21.193279,55.254021,2018-07-04 00:00:00+00:00,7,humpback_whale
-63.2429,-60.1214,2017-01-15 00:00:00+00:00,1,humpback_whale
36.7977,-121.9757,2020-11-08 00:00:00+00:00,11,humpback_whale
34.1296,-120.2151,2011-07-30 00:00:00+00:00,7,humpback_whale
54.0,-57.0,1978-07-01 00:00:00+00:00,7,humpback_whale
-37.073603,149.934248,2024-09-15 00:00:00+00:00,9,humpback_whale
-25.0,113.0,1958-07-21 00:00:00+00:00,7,humpback_whale
47.783,-53.833,1992-06-16 00:00:00+00:00,6,humpback_whale
40.6544,-124.4968,2012-08-05 00:00:00+00:00,8,humpback_whale
-25.0,113.0,1958-10-10 00:00:00+00:00,10,humpback_whale
-23.0,113.0,1927-08-21 00:00:00+00:00,8,humpback_whale
76.5,30.27,2005-07-10 00:00:00+00:00,7,humpback_whale
-53.980509,-37.615814,2018-11-04 00:00:00+00:00,11,humpback_whale
-29.0,154.0,1956-07-07 00:00:00+00:00,7,humpback_whale
-27.1167,153.5,1957-06-23 00:00:00+00:00,6,humpback_whale
58.36,-134.78,2014-08-21 00:00:00+00:00,8,humpback_whale
-64.668165,-62.822571,2023-12-22 00:00:00+00:00,12,humpback_whale
47.27,-52.8,1991-07-01 00:00:00+00:00,7,humpback_whale
16.189025,-22.976532,2023-04-03 00:00:00+00:00,4,humpback_whale
42.47083,-70.242287,2020-11-15 00:00:00+00:00,11,humpback_whale
57.07,-133.59,1993-09-03 00:00:00+00:00,9,humpback_whale
-23.0,113.0,1953-08-02 00:00:00+00:00,8,humpback_whale
-25.0,113.0,1961-07-14 00:00:00+00:00,7,humpback_whale
74.6833,18.7,1984-08-18 00:00:00+00:00,8,humpback_whale
-27.44007,153.54272,1993-06-27 00:00:00+00:00,6,humpback_whale
-25.0,113.0,1956-07-27 00:00:00+00:00,7,humpback_whale
33.43,-117.7,2024-07-19 00:00:00+00:00,7,humpback_whale
73.63,18.32,2009-06-16 00:00:00+00:00,6,humpback_whale
34.1343,-119.89,2012-08-02 00:00:00+00:00,8,humpback_whale
-33.360185,17.996747,2026-01-12 00:00:00+00:00,1,humpback_whale
-33.061883,17.903413,2024-11-25 00:00:00+00:00,11,humpback_whale
46.6333,-53.6333,1983-06-16 00:00:00+00:00,6,humpback_whale
-28.6,153.6,2011-07-20 00:00:00+00:00,7,humpback_whale
-24.85,113.483,1954-08-02 00:00:00+00:00,8,humpback_whale
66.181981,-23.010891,2024-09-02 00:00:00+00:00,9,humpback_whale
43.0,-70.0,2008-07-05 00:00:00+00:00,7,humpback_whale
-27.0,154.0,1959-06-27 00:00:00+00:00,6,humpback_whale
49.13,-123.4,2015-06-17 00:00:00+00:00,6,humpback_whale
57.45,-133.9,1995-08-29 00:00:00+00:00,8,humpback_whale
-35.1167,117.983,1956-07-15 00:00:00+00:00,7,humpback_whale
34.2086,-119.931,2012-05-28 00:00:00+00:00,5,humpback_whale
-26.9833,153.467,1953-07-03 00:00:00+00:00,7,humpback_whale
-25.089454,153.088614,2022-08-08 00:00:00+00:00,8,humpback_whale
43.4833,-62.2167,1999-08-04 00:00:00+00:00,8,humpback_whale
57.275102,-133.616753,2023-08-09 00:00:00+00:00,8,humpback_whale
-25.0,113.0,1958-08-27 00:00:00+00:00,8,humpback_whale
74.6,24.42,2000-07-12 00:00:00+00:00,7,humpback_whale
20.75,-69.8,1986-03-01 00:00:00+00:00,3,humpback_whale
-23.0,113.0,1927-06-30 00:00:00+00:00,6,humpback_whale
-23.0,113.0,1927-07-06 00:00:00+00:00,7,humpback_whale
-42.0,175.0,1957-07-20 00:00:00+00:00,7,humpback_whale
42.437243,-70.54595,2020-04-23 00:00:00+00:00,4,humpback_whale
20.75,-69.8,2025-01-29 00:00:00+00:00,1,humpback_whale
48.217,-125.6021,2013-06-22 00:00:00+00:00,6,humpback_whale
22.885607,-109.859682,2024-12-09 00:00:00+00:00,12,humpback_whale
-25.0,113.0,1962-08-21 00:00:00+00:00,8,humpback_whale
-20.9658,55.179417,2023-06-21 00:00:00+00:00,6,humpback_whale
20.75,-69.8,1983-03-01 00:00:00+00:00,3,humpback_whale
-29.0,154.0,1960-07-21 00:00:00+00:00,7,humpback_whale
-1.3862861475,-80.9902668088,1997-07-31 00:00:00+00:00,7,humpback_whale
-24.8667,113.267,1953-08-01 00:00:00+00:00,8,humpback_whale
-42.0,175.0,1954-06-20 00:00:00+00:00,6,humpback_whale
-23.0,113.0,1926-07-26 00:00:00+00:00,7,humpback_whale
22.020719,-159.908369,2019-03-24 00:00:00+00:00,3,humpback_whale
36.798,-122.9758,2021-10-09 00:00:00+00:00,10,humpback_whale
36.8388788354,-121.6835884225,2015-09-12 00:00:00+00:00,9,humpback_whale
-28.6,153.6,2011-09-14 00:00:00+00:00,9,humpback_whale
48.354916,-124.249427,2020-08-23 00:00:00+00:00,8,humpback_whale
-27.0,154.0,1961-10-14 00:00:00+00:00,10,humpback_whale
-25.0,153.1,2001-08-19 00:00:00+00:00,8,humpback_whale
-34.7667,118.567,1960-06-26 00:00:00+00:00,6,humpback_whale
-23.0,113.0,1949-07-26 00:00:00+00:00,7,humpback_whale
-26.9833,153.5,1957-07-28 00:00:00+00:00,7,humpback_whale
58.525142,-134.980205,2026-06-15 00:00:00+00:00,6,humpback_whale
49.218086,-123.763983,2021-06-12 00:00:00+00:00,6,humpback_whale
20.689167,-105.357,2017-01-16 00:00:00+00:00,1,humpback_whale
-17.52,-149.76,2021-08-16 00:00:00+00:00,8,humpback_whale
20.652911,-105.535749,2017-01-22 00:00:00+00:00,1,humpback_whale
-25.0,113.0,1956-09-22 00:00:00+00:00,9,humpback_whale
40.8857,-124.2331,2012-08-16 00:00:00+00:00,8,humpback_whale
34.36,-119.76,2025-11-07 00:00:00+00:00,11,humpback_whale
-33.86341,151.3202,2008-11-12 00:00:00+00:00,11,humpback_whale
58.07105,-134.1256,2020-10-08 00:00:00+00:00,10,humpback_whale
-26.9667,153.483,1955-07-20 00:00:00+00:00,7,humpback_whale
-27.0,153.0,1952-08-03 00:00:00+00:00,8,humpback_whale
-27.0,154.0,1959-08-07 00:00:00+00:00,8,humpback_whale
41.867,-69.7,1978-04-25 00:00:00+00:00,4,humpback_whale
34.274,-119.7993,2010-03-28 00:00:00+00:00,3,humpback_whale
36.7685,-121.9238,2013-12-12 00:00:00+00:00,12,humpback_whale
-25.0,113.0,1957-08-20 00:00:00+00:00,8,humpback_whale
-23.0,113.0,1955-07-29 00:00:00+00:00,7,humpback_whale
36.655,-121.998333,1998-11-15 00:00:00+00:00,11,humpback_whale
-28.6,153.6,2013-08-26 00:00:00+00:00,8,humpback_whale
20.769451,-156.549082,2026-01-09 00:00:00+00:00,1,humpback_whale
20.758633,-105.459483,2017-01-05 00:00:00+00:00,1,humpback_whale
26.749116,127.701154,2006-02-13 00:00:00+00:00,2,humpback_whale
-15.95222,123.38224,1997-07-25 00:00:00+00:00,7,humpback_whale
-27.0,154.0,1959-07-01 00:00:00+00:00,7,humpback_whale
73.95,19.08,2012-06-27 00:00:00+00:00,6,humpback_whale
-2.2679,-81.0176,2010-09-01 00:00:00+00:00,9,humpback_whale
59.7911,-147.3333,2004-08-12 00:00:00+00:00,8,humpback_whale
-25.0,113.0,1956-08-22 00:00:00+00:00,8,humpback_whale
73.95,18.82,2012-06-27 00:00:00+00:00,6,humpback_whale
-34.9333,118.233,1958-06-11 00:00:00+00:00,6,humpback_whale
33.8485,-120.1159,2021-09-03 00:00:00+00:00,9,humpback_whale
-2.2679,-81.0176,2016-09-01 00:00:00+00:00,9,humpback_whale
-25.1,113.4,1951-08-17 00:00:00+00:00,8,humpback_whale
-12.699512,45.259706,2005-09-02 00:00:00+00:00,9,humpback_whale
-28.8,167.817,1960-08-19 00:00:00+00:00,8,humpback_whale
-27.0,154.0,1959-07-12 00:00:00+00:00,7,humpback_whale
-26.9667,153.45,1954-08-29 00:00:00+00:00,8,humpback_whale
-28.6167,153.66701,1954-09-19 00:00:00+00:00,9,humpback_whale
33.84888,-120.117,2020-02-04 00:00:00+00:00,2,humpback_whale
36.7983,-121.8983,2013-11-05 00:00:00+00:00,11,humpback_whale
23.779964,-109.70172,2014-04-06 00:00:00+00:00,4,humpback_whale
47.27,-52.8,1990-07-01 00:00:00+00:00,7,humpback_whale
-26.655648,153.105871,2023-09-08 00:00:00+00:00,9,humpback_whale
74.07,16.17,2000-06-23 00:00:00+00:00,6,humpback_whale
49.199999,-126.1,2006-08-05 00:00:00+00:00,8,humpback_whale
-23.0,113.0,1925-08-12 00:00:00+00:00,8,humpback_whale
34.2188,-120.38,2010-08-10 00:00:00+00:00,8,humpback_whale
-42.0,175.0,1955-06-15 00:00:00+00:00,6,humpback_whale
36.628333,-122.015,1998-10-27 00:00:00+00:00,10,humpback_whale
0.891659,-79.94751,2004-07-14 00:00:00+00:00,7,humpback_whale
-35.15,117.8,1955-07-14 00:00:00+00:00,7,humpback_whale
-38.317,141.667,2013-06-09 00:00:00+00:00,6,humpback_whale
34.1,-120.166667,1995-07-24 00:00:00+00:00,7,humpback_whale
-27.0,153.0,1952-08-04 00:00:00+00:00,8,humpback_whale
-35.05,118.15,1960-06-19 00:00:00+00:00,6,humpback_whale
-64.7,-62.205,2021-12-28 00:00:00+00:00,12,humpback_whale
-42.0,175.0,1953-05-30 00:00:00+00:00,5,humpback_whale
42.85,-70.317,1976-09-28 00:00:00+00:00,9,humpback_whale
-31.958224,115.62563,2020-08-22 00:00:00+00:00,8,humpback_whale
-27.0,154.0,1958-06-27 00:00:00+00:00,6,humpback_whale
-23.0,113.0,1953-09-04 00:00:00+00:00,9,humpback_whale
42.426,-70.433,1990-07-06 00:00:00+00:00,7,humpback_whale
-23.0,113.0,1927-08-11 00:00:00+00:00,8,humpback_whale
-18.6,-173.9,2000-09-11 00:00:00+00:00,9,humpback_whale
20.82,-156.64,2021-04-11 00:00:00+00:00,4,humpback_whale
26.290107,127.230237,2006-03-09 00:00:00+00:00,3,humpback_whale
67.6667,-2.8333,1993-07-14 00:00:00+00:00,7,humpback_whale
-28.6,153.6,2011-07-03 00:00:00+00:00,7,humpback_whale
-23.0,113.0,1954-08-13 00:00:00+00:00,8,humpback_whale
-25.0,113.0,1959-08-02 00:00:00+00:00,8,humpback_whale
34.24,-119.78,2011-08-13 00:00:00+00:00,8,humpback_whale
20.709,-105.437,2012-02-04 00:00:00+00:00,2,humpback_whale
-25.0,113.0,1957-09-07 00:00:00+00:00,9,humpback_whale
-25.0,113.0,1959-06-25 00:00:00+00:00,6,humpback_whale
64.79282,-172.67153,2024-08-28 00:00:00+00:00,8,humpback_whale
-24.7167,113.417,1953-08-23 00:00:00+00:00,8,humpback_whale
-23.0,113.0,1949-09-15 00:00:00+00:00,9,humpback_whale
48.357774,-123.910503,2024-08-28 00:00:00+00:00,8,humpback_whale
20.7,-105.391833,2011-12-24 00:00:00+00:00,12,humpback_whale
47.6,-53.1,1979-07-01 00:00:00+00:00,7,humpback_whale
77.13,33.18,2011-08-31 00:00:00+00:00,8,humpback_whale
34.0178,-119.317,2020-02-29 00:00:00+00:00,2,humpback_whale
74.4,38.87,2007-07-23 00:00:00+00:00,7,humpback_whale
16.102424,-22.999878,2025-02-14 00:00:00+00:00,2,humpback_whale
-25.0,113.5,1954-08-23 00:00:00+00:00,8,humpback_whale
-23.0,113.0,1953-08-01 00:00:00+00:00,8,humpback_whale
-25.0,113.0,1962-08-02 00:00:00+00:00,8,humpback_whale
-64.0,-61.0,2014-01-28 00:00:00+00:00,1,humpback_whale
-26.9833,153.5,1954-07-30 00:00:00+00:00,7,humpback_whale
75.0,37.0,1992-07-01 00:00:00+00:00,7,humpback_whale
76.42,41.62,1993-10-29 00:00:00+00:00,10,humpback_whale
20.75,-69.8,2005-03-17 00:00:00+00:00,3,humpback_whale
-17.483069,-149.862123,2024-10-02 00:00:00+00:00,10,humpback_whale
-23.0,113.0,1926-07-22 00:00:00+00:00,7,humpback_whale
20.75,-69.8,1980-03-01 00:00:00+00:00,3,humpback_whale
48.272225,-123.728027,2017-09-13 00:00:00+00:00,9,humpback_whale
-20.33145,115.505376,1992-06-21 00:00:00+00:00,6,humpback_whale
53.3822,-146.3124,2011-07-10 00:00:00+00:00,7,humpback_whale
36.7371,-121.9259,2009-08-09 00:00:00+00:00,8,humpback_whale
20.7,-105.4,2003-01-03 00:00:00+00:00,1,humpback_whale
-25.0,113.0,1957-08-16 00:00:00+00:00,8,humpback_whale
-34.9667,118.25,1961-07-14 00:00:00+00:00,7,humpback_whale
-36.0,175.0,1960-06-22 00:00:00+00:00,6,humpback_whale
-25.0,113.0,1958-09-27 00:00:00+00:00,9,humpback_whale
-23.0,113.0,1952-08-04 00:00:00+00:00,8,humpback_whale
-28.9167,167.95,1960-09-08 00:00:00+00:00,9,humpback_whale
-25.0,113.0,1956-07-09 00:00:00+00:00,7,humpback_whale
-23.0,113.0,1928-08-19 00:00:00+00:00,8,humpback_whale
58.33,-134.63,2022-06-30 00:00:00+00:00,6,humpback_whale
36.681667,-122.003333,1997-07-10 00:00:00+00:00,7,humpback_whale
-24.85,113.317,1954-06-22 00:00:00+00:00,6,humpback_whale
-38.417,142.011,2009-07-14 00:00:00+00:00,7,humpback_whale
-25.0,153.1,1998-08-14 00:00:00+00:00,8,humpback_whale
13.870306,-90.7495,2021-01-24 00:00:00+00:00,1,humpback_whale
-20.308596,116.728619,1991-08-21 00:00:00+00:00,8,humpback_whale
26.290107,127.230237,2005-03-22 00:00:00+00:00,3,humpback_whale
48.8701,-123.3063,2018-09-02 00:00:00+00:00,9,humpback_whale
-27.0667,153.5,1954-07-17 00:00:00+00:00,7,humpback_whale
-28.62,153.68,2001-06-27 00:00:00+00:00,6,humpback_whale
58.36,-134.78,2014-08-03 00:00:00+00:00,8,humpback_whale
-23.0,113.0,1953-09-14 00:00:00+00:00,9,humpback_whale
-23.0,113.0,1927-07-24 00:00:00+00:00,7,humpback_whale
-34.357924,18.494179,2022-06-26 00:00:00+00:00,6,humpback_whale
34.228,-119.472,2010-10-17 00:00:00+00:00,10,humpback_whale
-23.0,113.0,1925-08-29 00:00:00+00:00,8,humpback_whale
-24.75,113.483,1953-08-25 00:00:00+00:00,8,humpback_whale
57.28,-133.61,2011-08-03 00:00:00+00:00,8,humpback_whale
37.65,-123.0,1992-09-29 00:00:00+00:00,9,humpback_whale
-21.225926,55.248528,2022-08-16 00:00:00+00:00,8,humpback_whale
36.8,-121.85,2025-08-02 00:00:00+00:00,8,humpback_whale
-25.0,153.1,1999-08-08 00:00:00+00:00,8,humpback_whale
34.111474,-119.480434,2022-10-16 00:00:00+00:00,10,humpback_whale
50.16424,-125.05291,2026-06-17 00:00:00+00:00,6,humpback_whale
49.0147,-123.594217,2014-11-15 00:00:00+00:00,11,humpback_whale
56.47,-134.15,2021-07-26 00:00:00+00:00,7,humpback_whale
64.816078,-172.607293,2024-09-05 00:00:00+00:00,9,humpback_whale
70.25,10.47,2007-05-30 00:00:00+00:00,5,humpback_whale
-27.0167,153.483,1954-08-26 00:00:00+00:00,8,humpback_whale
57.060655,-135.401677,2022-06-07 00:00:00+00:00,6,humpback_whale
48.572859,-125.208134,2025-08-16 00:00:00+00:00,8,humpback_whale
42.917,-70.45,1979-05-19 00:00:00+00:00,5,humpback_whale
43.983,-67.133,1975-09-02 00:00:00+00:00,9,humpback_whale
42.421,-70.448,1991-06-23 00:00:00+00:00,6,humpback_whale
34.0178,-119.3172,2019-04-27 00:00:00+00:00,4,humpback_whale
44.2833,-49.9833,1982-06-13 00:00:00+00:00,6,humpback_whale
-27.05,153.483,1955-06-21 00:00:00+00:00,6,humpback_whale
42.10155,-70.252075,2024-08-31 00:00:00+00:00,8,humpback_whale
36.798,-121.976,2018-12-15 00:00:00+00:00,12,humpback_whale
20.87033,-156.687012,2026-03-03 00:00:00+00:00,3,humpback_whale
-25.0,113.0,1959-08-04 00:00:00+00:00,8,humpback_whale
55.34,-131.67,2023-05-09 00:00:00+00:00,5,humpback_whale
42.654,-70.418,1992-08-07 00:00:00+00:00,8,humpback_whale
-29.0,154.0,1958-06-26 00:00:00+00:00,6,humpback_whale
-21.155822,55.238914,2022-07-07 00:00:00+00:00,7,humpback_whale
74.02,20.13,2006-07-05 00:00:00+00:00,7,humpback_whale
36.6484,-121.9075,2020-07-15 00:00:00+00:00,7,humpback_whale
36.6495,-121.9084,2019-09-25 00:00:00+00:00,9,humpback_whale
42.387,-70.382,1990-09-22 00:00:00+00:00,9,humpback_whale
-38.3947,142.456,2012-07-16 00:00:00+00:00,7,humpback_whale
-23.0,113.0,1926-08-26 00:00:00+00:00,8,humpback_whale
-26.9833,153.483,1955-06-21 00:00:00+00:00,6,humpback_whale
-23.0,113.0,1949-07-10 00:00:00+00:00,7,humpback_whale
47.4667,-52.6333,1994-07-05 00:00:00+00:00,7,humpback_whale
51.3333,-57.1667,1993-07-25 00:00:00+00:00,7,humpback_whale
-35.1667,117.9,1959-07-24 00:00:00+00:00,7,humpback_whale
76.8167,25.3167,1992-09-25 00:00:00+00:00,9,humpback_whale
20.686183,-105.3544,2022-02-21 00:00:00+00:00,2,humpback_whale
-23.0,113.0,1950-09-26 00:00:00+00:00,9,humpback_whale
-23.0,113.0,1954-07-06 00:00:00+00:00,7,humpback_whale
74.17,16.73,1996-05-07 00:00:00+00:00,5,humpback_whale
51.76,-8.23,2018-05-01 00:00:00+00:00,5,humpback_whale
-16.45,-39.0,2023-09-10 00:00:00+00:00,9,humpback_whale
36.75,-122.0,1993-10-19 00:00:00+00:00,10,humpback_whale
-24.7667,113.267,1955-06-22 00:00:00+00:00,6,humpback_whale
20.870744,-156.773142,2021-03-07 00:00:00+00:00,3,humpback_whale
-27.0,154.0,1960-07-16 00:00:00+00:00,7,humpback_whale
44.4167,-66.3333,1997-09-06 00:00:00+00:00,9,humpback_whale
51.76,-8.23,2018-05-18 00:00:00+00:00,5,humpback_whale
-24.9,113.5,1952-08-31 00:00:00+00:00,8,humpback_whale
-25.0,113.0,1957-06-24 00:00:00+00:00,6,humpback_whale
-38.1,144.9,2006-06-08 00:00:00+00:00,6,humpback_whale
-27.0,154.0,1960-07-04 00:00:00+00:00,7,humpback_whale
-25.0,113.0,1957-06-28 00:00:00+00:00,6,humpback_whale
57.07,-133.59,1993-08-19 00:00:00+00:00,8,humpback_whale
-23.0,113.0,1949-07-28 00:00:00+00:00,7,humpback_whale
57.07,-133.59,2008-09-18 00:00:00+00:00,9,humpback_whale
-37.113537,150.0066,2025-10-07 00:00:00+00:00,10,humpback_whale
-25.1,153.0,2024-09-09 00:00:00+00:00,9,humpback_whale
36.3703,-122.3148,2018-12-06 00:00:00+00:00,12,humpback_whale
20.7,-105.3575,2007-02-05 00:00:00+00:00,2,humpback_whale
-23.0,113.0,1954-07-25 00:00:00+00:00,7,humpback_whale
34.08532,-120.523,2020-02-22 00:00:00+00:00,2,humpback_whale
59.843862,-149.711218,2025-06-13 00:00:00+00:00,6,humpback_whale
43.2998,-124.6478,2024-07-19 00:00:00+00:00,7,humpback_whale
-25.0,113.0,1957-08-26 00:00:00+00:00,8,humpback_whale
20.75,-69.8,2005-03-07 00:00:00+00:00,3,humpback_whale
36.639157,-122.106802,2020-03-06 00:00:00+00:00,3,humpback_whale
-29.0667,168.017,1958-10-01 00:00:00+00:00,10,humpback_whale
-20.329963,116.808691,1990-08-17 00:00:00+00:00,8,humpback_whale
33.849,-120.118,2018-11-16 00:00:00+00:00,11,humpback_whale
44.4167,-66.7333,1985-09-03 00:00:00+00:00,9,humpback_whale
-25.0,113.0,1958-08-13 00:00:00+00:00,8,humpback_whale
-20.3252,116.758359,1990-08-10 00:00:00+00:00,8,humpback_whale
-24.95,113.35,1953-09-03 00:00:00+00:00,9,humpback_whale
65.669443,-21.584232,2025-08-05 00:00:00+00:00,8,humpback_whale
20.699883,-105.355733,2020-01-16 00:00:00+00:00,1,humpback_whale
-25.0,153.1,2002-09-13 00:00:00+00:00,9,humpback_whale
21.321667,-71.221667,2014-01-28 00:00:00+00:00,1,humpback_whale
42.25553,-70.1789733,2019-10-28 00:00:00+00:00,10,humpback_whale
-23.0,113.0,1928-09-20 00:00:00+00:00,9,humpback_whale
36.795,-121.879,2023-07-02 00:00:00+00:00,7,humpback_whale
-25.0,113.0,1957-07-07 00:00:00+00:00,7,humpback_whale
-35.17413,150.68415,2006-06-10 00:00:00+00:00,6,humpback_whale
34.2205,-119.8648,2010-06-20 00:00:00+00:00,6,humpback_whale
20.868454,-156.707015,2020-02-24 00:00:00+00:00,2,humpback_whale
-28.441517,32.490683,2019-09-11 00:00:00+00:00,9,humpback_whale
58.13,-135.48,2022-09-17 00:00:00+00:00,9,humpback_whale
-28.6,153.6,2014-06-22 00:00:00+00:00,6,humpback_whale
42.25539,-70.178843,2019-03-01 00:00:00+00:00,3,humpback_whale
36.613771,-122.028129,2020-07-19 00:00:00+00:00,7,humpback_whale
-23.0,113.0,1952-07-12 00:00:00+00:00,7,humpback_whale
49.033704,-123.366074,2025-07-15 00:00:00+00:00,7,humpback_whale
-23.770686,35.577735,2019-08-13 00:00:00+00:00,8,humpback_whale
-23.0,113.0,1926-07-06 00:00:00+00:00,7,humpback_whale
-23.0,113.0,1928-08-29 00:00:00+00:00,8,humpback_whale
36.37021,-122.314903,2019-09-17 00:00:00+00:00,9,humpback_whale
33.849,-120.118,2018-12-13 00:00:00+00:00,12,humpback_whale
59.53,-151.6,2004-07-03 00:00:00+00:00,7,humpback_whale
-23.0,113.0,1954-07-08 00:00:00+00:00,7,humpback_whale
-24.8333,113.35,1955-07-25 00:00:00+00:00,7,humpback_whale
49.199999,-126.1,2010-08-24 00:00:00+00:00,8,humpback_whale
20.65945,-105.338367,2021-02-11 00:00:00+00:00,2,humpback_whale
-23.0,113.0,1927-08-08 00:00:00+00:00,8,humpback_whale
-23.0,113.0,1952-08-25 00:00:00+00:00,8,humpback_whale
36.8781,-121.9473,2012-10-14 00:00:00+00:00,10,humpback_whale
-20.71,149.06,2001-08-17 00:00:00+00:00,8,humpback_whale
-25.0167,113.3,1955-07-05 00:00:00+00:00,7,humpback_whale
56.47,-134.15,2021-07-25 00:00:00+00:00,7,humpback_whale
8.7292223523,-83.7904641777,2025-08-11 00:00:00+00:00,8,humpback_whale
50.5098,-55.4719,2013-07-24 00:00:00+00:00,7,humpback_whale
-27.0,153.45,1956-07-10 00:00:00+00:00,7,humpback_whale
-29.0,154.0,1962-09-11 00:00:00+00:00,9,humpback_whale
59.53,-151.6,2015-08-21 00:00:00+00:00,8,humpback_whale
22.020719,-159.908369,2019-03-22 00:00:00+00:00,3,humpback_whale
-29.0167,167.967,1960-07-23 00:00:00+00:00,7,humpback_whale
36.8,-122.0,2021-10-09 00:00:00+00:00,10,humpback_whale
77.57,11.35,2011-06-24 00:00:00+00:00,6,humpback_whale
51.4,-55.3,1978-07-01 00:00:00+00:00,7,humpback_whale
72.55,15.67,2015-05-31 00:00:00+00:00,5,humpback_whale
-23.0,113.0,1949-09-10 00:00:00+00:00,9,humpback_whale
20.7,-105.438167,2013-02-15 00:00:00+00:00,2,humpback_whale
-27.1,153.483,1955-06-23 00:00:00+00:00,6,humpback_whale
22.930519,-110.083923,2023-12-03 00:00:00+00:00,12,humpback_whale
77.08,13.75,1996-09-12 00:00:00+00:00,9,humpback_whale
54.0,-57.0,1992-07-01 00:00:00+00:00,7,humpback_whale
-64.58,-61.63,2024-01-23 00:00:00+00:00,1,humpback_whale
-28.9833,168.0,1957-07-08 00:00:00+00:00,7,humpback_whale
18.9563,121.8201,2004-04-01 00:00:00+00:00,4,humpback_whale
-24.85,113.3,1953-06-26 00:00:00+00:00,6,humpback_whale
-25.0333,113.283,1951-09-28 00:00:00+00:00,9,humpback_whale
-38.518586,145.067415,2022-07-10 00:00:00+00:00,7,humpback_whale
-35.0333,117.95,1956-07-25 00:00:00+00:00,7,humpback_whale
-23.0,113.0,1925-07-19 00:00:00+00:00,7,humpback_whale
-25.0,113.0,1962-07-07 00:00:00+00:00,7,humpback_whale
-34.686869,150.871794,2024-10-15 00:00:00+00:00,10,humpback_whale
59.53,-151.6,2002-07-16 00:00:00+00:00,7,humpback_whale
48.0,-53.5,1992-07-01 00:00:00+00:00,7,humpback_whale
-23.008421,-42.036266,2023-08-11 00:00:00+00:00,8,humpback_whale
42.255235,-70.1796283,2020-02-14 00:00:00+00:00,2,humpback_whale
20.75,-69.8,1984-03-01 00:00:00+00:00,3,humpback_whale
-25.1333,113.3,1952-08-10 00:00:00+00:00,8,humpback_whale
-23.0,113.0,1927-09-11 00:00:00+00:00,9,humpback_whale
-25.0,113.0,1956-08-27 00:00:00+00:00,8,humpback_whale
-23.0,113.0,1954-07-29 00:00:00+00:00,7,humpback_whale
8.716449,-83.784571,2022-01-06 00:00:00+00:00,1,humpback_whale
20.75,-156.47,2021-02-06 00:00:00+00:00,2,humpback_whale
20.7,-105.4,2018-01-07 00:00:00+00:00,1,humpback_whale
65.659315,-21.542729,2025-07-24 00:00:00+00:00,7,humpback_whale
42.333,-70.083,1979-04-25 00:00:00+00:00,4,humpback_whale
76.83,14.45,2006-07-28 00:00:00+00:00,7,humpback_whale
-15.41985,124.37311,1997-08-06 00:00:00+00:00,8,humpback_whale
-24.85,113.317,1954-08-06 00:00:00+00:00,8,humpback_whale
20.7,-105.4,2023-01-26 00:00:00+00:00,1,humpback_whale
20.578167,-105.307667,2018-02-06 00:00:00+00:00,2,humpback_whale
-24.8833,113.4,1952-07-19 00:00:00+00:00,7,humpback_whale
-23.0,113.0,1928-07-22 00:00:00+00:00,7,humpback_whale
-37.096025,149.943152,2023-11-02 00:00:00+00:00,11,humpback_whale
-29.0,154.0,1957-09-06 00:00:00+00:00,9,humpback_whale
34.2261,-119.4603,2012-10-06 00:00:00+00:00,10,humpback_whale
50.799073,1.574158,2025-01-16 00:00:00+00:00,1,humpback_whale
-23.0,113.0,1925-09-02 00:00:00+00:00,9,humpback_whale
42.4,-70.467,1977-10-28 00:00:00+00:00,10,humpback_whale
-23.0,113.0,1926-09-01 00:00:00+00:00,9,humpback_whale
36.37021,-122.314903,2019-10-05 00:00:00+00:00,10,humpback_whale
34.1138,-120.1045,2011-08-09 00:00:00+00:00,8,humpback_whale
-18.55,-174.0,2002-08-31 00:00:00+00:00,8,humpback_whale
-43.356264,147.34176,2025-10-14 00:00:00+00:00,10,humpback_whale
36.3703,-122.3148,2018-12-08 00:00:00+00:00,12,humpback_whale
-28.0,153.5,2013-07-25 00:00:00+00:00,7,humpback_whale
-17.52,-149.76,2021-10-27 00:00:00+00:00,10,humpback_whale
36.8,-122.0,2021-07-16 00:00:00+00:00,7,humpback_whale
-23.0,113.0,1954-09-07 00:00:00+00:00,9,humpback_whale
-2.2679,-81.0176,2009-09-01 00:00:00+00:00,9,humpback_whale
-42.0,175.0,1951-06-23 00:00:00+00:00,6,humpback_whale
-36.25515,150.22978,1988-10-30 00:00:00+00:00,10,humpback_whale
42.4713583,-70.2427633,2019-05-14 00:00:00+00:00,5,humpback_whale
20.7568,-105.556433,2018-12-17 00:00:00+00:00,12,humpback_whale
-19.034949,-169.928965,2025-08-05 00:00:00+00:00,8,humpback_whale
-64.5088,-61.7513,2024-01-03 00:00:00+00:00,1,humpback_whale
-23.0,113.0,1925-08-28 00:00:00+00:00,8,humpback_whale
-27.0,153.0,1952-09-04 00:00:00+00:00,9,humpback_whale
42.4709883,-70.2423467,2019-12-06 00:00:00+00:00,12,humpback_whale
-26.9833,153.467,1957-08-02 00:00:00+00:00,8,humpback_whale
-32.835013,17.753462,2025-12-27 00:00:00+00:00,12,humpback_whale
-23.0,113.0,1950-09-02 00:00:00+00:00,9,humpback_whale
-23.0,113.0,1954-07-21 00:00:00+00:00,7,humpback_whale
20.7,-105.4,2022-02-10 00:00:00+00:00,2,humpback_whale
-42.0,175.0,1950-06-02 00:00:00+00:00,6,humpback_whale
36.865014,-121.857899,2025-10-09 00:00:00+00:00,10,humpback_whale
-35.0667,118.167,1961-07-15 00:00:00+00:00,7,humpback_whale
20.8466,-156.7333,2004-02-20 00:00:00+00:00,2,humpback_whale
-38.438,142.585,2007-07-03 00:00:00+00:00,7,humpback_whale
-25.1167,113.317,1952-06-18 00:00:00+00:00,6,humpback_whale
-22.04361,114.158638,2023-09-09 00:00:00+00:00,9,humpback_whale
42.117,-70.333,1978-05-03 00:00:00+00:00,5,humpback_whale
-25.0,113.0,1959-08-23 00:00:00+00:00,8,humpback_whale
-27.0,154.0,1958-07-19 00:00:00+00:00,7,humpback_whale
-24.8833,113.533,1953-08-05 00:00:00+00:00,8,humpback_whale
66.4,-19.0,1993-07-01 00:00:00+00:00,7,humpback_whale
20.739319,-156.522732,2019-12-28 00:00:00+00:00,12,humpback_whale
20.648783,-105.2762,2017-12-20 00:00:00+00:00,12,humpback_whale
-23.0,113.0,1927-08-10 00:00:00+00:00,8,humpback_whale
-27.0333,153.483,1956-07-15 00:00:00+00:00,7,humpback_whale
23.812235,-109.708274,2014-03-08 00:00:00+00:00,3,humpback_whale
48.4138,-123.4001,2014-10-21 00:00:00+00:00,10,humpback_whale
57.04002,-135.516761,2023-08-07 00:00:00+00:00,8,humpback_whale
74.12,17.82,1997-07-11 00:00:00+00:00,7,humpback_whale
36.8,-122.0,2018-10-06 00:00:00+00:00,10,humpback_whale
-64.887528,-59.882629,2023-02-08 00:00:00+00:00,2,humpback_whale
-26.82165,32.987383,2018-09-25 00:00:00+00:00,9,humpback_whale
44.8,-50.0,1982-07-01 00:00:00+00:00,7,humpback_whale
19.978243,-155.856136,2025-03-26 00:00:00+00:00,3,humpback_whale
-27.0,154.0,1959-07-09 00:00:00+00:00,7,humpback_whale
-23.0,113.0,1950-08-18 00:00:00+00:00,8,humpback_whale
20.689067,-105.520633,2005-01-26 00:00:00+00:00,1,humpback_whale
-27.0,153.0,1952-09-13 00:00:00+00:00,9,humpback_whale
-29.0,154.0,1959-07-26 00:00:00+00:00,7,humpback_whale
-25.0,113.0,1962-08-03 00:00:00+00:00,8,humpback_whale
66.09,-22.77,2024-08-11 00:00:00+00:00,8,humpback_whale
-18.0109,122.087,2015-07-28 00:00:00+00:00,7,humpback_whale
-34.34,115.19,2015-07-01 00:00:00+00:00,7,humpback_whale
20.5485,-105.328,2018-03-07 00:00:00+00:00,3,humpback_whale
-25.0,113.0,1956-09-07 00:00:00+00:00,9,humpback_whale
-28.0,153.5,2008-08-18 00:00:00+00:00,8,humpback_whale
36.798,-121.976,2018-11-29 00:00:00+00:00,11,humpback_whale
70.788275,-53.651806,2025-08-05 00:00:00+00:00,8,humpback_whale
-24.8833,113.5,1955-07-22 00:00:00+00:00,7,humpback_whale
43.967,-67.117,1976-06-25 00:00:00+00:00,6,humpback_whale
-21.17087,55.231361,2022-07-14 00:00:00+00:00,7,humpback_whale
34.0438,-120.081,2020-12-25 00:00:00+00:00,12,humpback_whale
59.53,-151.6,2015-08-01 00:00:00+00:00,8,humpback_whale
42.52694,141.323969,2016-06-23 00:00:00+00:00,6,humpback_whale
64.7,10.85,2008-04-24 00:00:00+00:00,4,humpback_whale
37.4,-122.75,2003-09-23 00:00:00+00:00,9,humpback_whale
-65.161213,-64.104485,2024-12-02 00:00:00+00:00,12,humpback_whale
47.286313,-122.486358,2023-09-01 00:00:00+00:00,9,humpback_whale
-33.85,151.3,2008-05-20 00:00:00+00:00,5,humpback_whale
-23.0,113.0,1952-07-13 00:00:00+00:00,7,humpback_whale
-28.407003,32.431211,2003-10-05 00:00:00+00:00,10,humpback_whale
36.8,-122.0,2003-08-06 00:00:00+00:00,8,humpback_whale
-21.347711,55.227752,2024-07-22 00:00:00+00:00,7,humpback_whale
-27.9667,153.41701,1953-07-24 00:00:00+00:00,7,humpback_whale
15.7451535597,-96.1060791397,2025-03-16 00:00:00+00:00,3,humpback_whale
-25.0667,113.433,1954-08-29 00:00:00+00:00,8,humpback_whale
34.018,-119.3168,2021-10-12 00:00:00+00:00,10,humpback_whale
-12.693418,45.231364,2012-09-21 00:00:00+00:00,9,humpback_whale
-27.0167,153.467,1956-07-03 00:00:00+00:00,7,humpback_whale
-23.0,113.0,1927-08-04 00:00:00+00:00,8,humpback_whale
36.8,-122.0,2021-09-14 00:00:00+00:00,9,humpback_whale
-39.1363,146.4152,2003-10-31 00:00:00+00:00,10,humpback_whale
-42.0,175.0,1959-07-13 00:00:00+00:00,7,humpback_whale
20.736217,-105.5536,2002-01-12 00:00:00+00:00,1,humpback_whale
-29.73236,153.34784,2005-07-25 00:00:00+00:00,7,humpback_whale
-28.6,153.6,2009-10-25 00:00:00+00:00,10,humpback_whale
20.67836,-105.6202,2006-02-04 00:00:00+00:00,2,humpback_whale
-26.0,153.0,1952-09-24 00:00:00+00:00,9,humpback_whale
33.8489,-120.1175,2019-04-16 00:00:00+00:00,4,humpback_whale
-23.0,113.0,1954-09-09 00:00:00+00:00,9,humpback_whale
-26.95,153.467,1956-08-08 00:00:00+00:00,8,humpback_whale
-64.8,-64.07,2019-02-07 00:00:00+00:00,2,humpback_whale
59.699974,-149.519806,2017-07-13 00:00:00+00:00,7,humpback_whale
-23.0,113.0,1927-07-18 00:00:00+00:00,7,humpback_whale
-34.8333,118.517,1962-07-16 00:00:00+00:00,7,humpback_whale
59.5,-44.0,1992-07-01 00:00:00+00:00,7,humpback_whale
48.3938,-124.62067,2021-01-08 00:00:00+00:00,1,humpback_whale
20.712233,-105.407417,2019-02-08 00:00:00+00:00,2,humpback_whale
-24.9667,113.433,1955-08-02 00:00:00+00:00,8,humpback_whale
-25.0,113.0,1958-07-02 00:00:00+00:00,7,humpback_whale
-34.089137,23.447742,2007-06-04 00:00:00+00:00,6,humpback_whale
49.230675,-68.127937,2023-10-03 00:00:00+00:00,10,humpback_whale
58.319376,-135.672054,2025-06-22 00:00:00+00:00,6,humpback_whale
36.798,-122.9758,2021-11-07 00:00:00+00:00,11,humpback_whale
-64.683333,-62.033333,2026-03-23 00:00:00+00:00,3,humpback_whale
20.7,-105.4,2019-03-06 00:00:00+00:00,3,humpback_whale
64.7833,-24.55,1993-06-27 00:00:00+00:00,6,humpback_whale
58.39,-134.88,2024-09-19 00:00:00+00:00,9,humpback_whale
51.4,-55.3,1993-07-01 00:00:00+00:00,7,humpback_whale
60.0168,-147.9,2004-07-02 00:00:00+00:00,7,humpback_whale
-35.0,118.0,1953-07-15 00:00:00+00:00,7,humpback_whale
20.66935,-105.435333,2004-02-11 00:00:00+00:00,2,humpback_whale
-25.0,153.1,2001-09-24 00:00:00+00:00,9,humpback_whale
-29.0,154.0,1959-07-14 00:00:00+00:00,7,humpback_whale
-25.0,113.0,1958-09-30 00:00:00+00:00,9,humpback_whale
36.83,-75.94,2012-02-04 00:00:00+00:00,2,humpback_whale
46.196119,147.284092,2025-07-23 00:00:00+00:00,7,humpback_whale
20.7,-105.4,2021-03-11 00:00:00+00:00,3,humpback_whale
-35.0833,118.117,1957-07-09 00:00:00+00:00,7,humpback_whale
-27.0,153.467,1954-09-12 00:00:00+00:00,9,humpback_whale
46.65,-53.3333,1983-06-21 00:00:00+00:00,6,humpback_whale
44.343889,-66.340278,2025-07-20 00:00:00+00:00,7,humpback_whale
-26.95,153.467,1954-08-22 00:00:00+00:00,8,humpback_whale
20.7,-105.4,2006-02-23 00:00:00+00:00,2,humpback_whale
-23.0,113.0,1955-07-12 00:00:00+00:00,7,humpback_whale
-27.0167,153.483,1957-07-10 00:00:00+00:00,7,humpback_whale
44.6167,-50.3333,1982-07-07 00:00:00+00:00,7,humpback_whale
-27.0,154.0,1952-10-07 00:00:00+00:00,10,humpback_whale
-33.851025,151.390915,2024-06-19 00:00:00+00:00,6,humpback_whale
-40.40161573,171.0896117,1970-01-27 00:00:00+00:00,1,humpback_whale
34.1396,-119.8886,2012-07-18 00:00:00+00:00,7,humpback_whale
20.659167,-105.3695,2018-01-02 00:00:00+00:00,1,humpback_whale
43.65,-66.4333,1999-08-20 00:00:00+00:00,8,humpback_whale
-23.044338,-43.196869,2024-06-29 00:00:00+00:00,6,humpback_whale
-12.679415,45.230636,2013-09-03 00:00:00+00:00,9,humpback_whale
4.378794,8.712969,2020-08-24 00:00:00+00:00,8,humpback_whale
-26.9667,153.533,1955-07-18 00:00:00+00:00,7,humpback_whale
-37.10026,149.94472,2013-10-30 00:00:00+00:00,10,humpback_whale
75.78,14.97,2003-08-17 00:00:00+00:00,8,humpback_whale
-20.449963,116.65907,1991-08-13 00:00:00+00:00,8,humpback_whale
-27.05,153.5,1955-07-27 00:00:00+00:00,7,humpback_whale
20.7,-105.4,2019-12-17 00:00:00+00:00,12,humpback_whale
-12.682095,45.230626,2022-07-23 00:00:00+00:00,7,humpback_whale
-42.0,175.0,1948-07-06 00:00:00+00:00,7,humpback_whale
20.6985,-105.461667,2017-12-08 00:00:00+00:00,12,humpback_whale
-23.029029,-70.466309,2023-03-18 00:00:00+00:00,3,humpback_whale
74.7,17.48,2013-07-01 00:00:00+00:00,7,humpback_whale
59.53,-151.6,2002-07-17 00:00:00+00:00,7,humpback_whale
-25.0,153.1,1999-08-18 00:00:00+00:00,8,humpback_whale
-64.62,-62.54,2024-03-14 00:00:00+00:00,3,humpback_whale
21.5275,-105.400333,2018-01-09 00:00:00+00:00,1,humpback_whale
48.6875,-125.0,2005-06-14 00:00:00+00:00,6,humpback_whale
20.87,-156.7,2022-02-07 00:00:00+00:00,2,humpback_whale
-26.0,153.0,1952-09-27 00:00:00+00:00,9,humpback_whale
33.84888,-120.117,2020-03-18 00:00:00+00:00,3,humpback_whale
42.424,-70.363,1989-10-01 00:00:00+00:00,10,humpback_whale
42.25541,-70.178607,2018-12-31 00:00:00+00:00,12,humpback_whale
-16.45,-39.0,2021-09-05 00:00:00+00:00,9,humpback_whale
-27.1667,153.5,1953-06-26 00:00:00+00:00,6,humpback_whale
-27.0,154.0,1953-08-21 00:00:00+00:00,8,humpback_whale
-2.2679,-81.0176,2006-09-01 00:00:00+00:00,9,humpback_whale
-29.0,154.0,1956-07-05 00:00:00+00:00,7,humpback_whale
-42.0,175.0,1960-07-16 00:00:00+00:00,7,humpback_whale
57.07,-134.03,1996-07-21 00:00:00+00:00,7,humpback_whale
-2.2679,-81.0176,2007-09-01 00:00:00+00:00,9,humpback_whale
-29.27,-177.97,2016-10-25 00:00:00+00:00,10,humpback_whale
-28.6,153.66701,1954-09-30 00:00:00+00:00,9,humpback_whale
-25.1252,152.8878,2009-07-28 00:00:00+00:00,7,humpback_whale
-34.422161,19.24392,2024-08-08 00:00:00+00:00,8,humpback_whale
33.55,-117.9,2015-08-28 00:00:00+00:00,8,humpback_whale
37.666667,-123.0,1986-09-20 00:00:00+00:00,9,humpback_whale
20.701917,-105.61135,2023-03-16 00:00:00+00:00,3,humpback_whale
-16.298943,122.847997,1996-10-01 00:00:00+00:00,10,humpback_whale
64.79522,-172.738258,2024-09-12 00:00:00+00:00,9,humpback_whale
-25.0,113.0,1956-08-07 00:00:00+00:00,8,humpback_whale
-42.0,175.0,1954-05-28 00:00:00+00:00,5,humpback_whale
-27.0333,153.483,1957-08-06 00:00:00+00:00,8,humpback_whale
-16.45,-39.0,2023-07-25 00:00:00+00:00,7,humpback_whale
64.814892,-172.663328,2024-09-10 00:00:00+00:00,9,humpback_whale
-27.0,154.0,1960-08-07 00:00:00+00:00,8,humpback_whale
-33.68504,151.31383,1993-05-11 00:00:00+00:00,5,humpback_whale
34.1116,-120.0845,2009-08-18 00:00:00+00:00,8,humpback_whale
-25.0,113.0,1956-07-14 00:00:00+00:00,7,humpback_whale
-27.0,154.0,1960-07-14 00:00:00+00:00,7,humpback_whale
-28.5833,153.683,1954-09-20 00:00:00+00:00,9,humpback_whale
20.964166,-156.708732,2022-02-10 00:00:00+00:00,2,humpback_whale
-21.28272,55.245097,2002-06-01 00:00:00+00:00,6,humpback_whale
-27.0,154.0,1959-07-05 00:00:00+00:00,7,humpback_whale
58.1,-135.5,2021-02-04 00:00:00+00:00,2,humpback_whale
20.73,-105.527833,2005-03-04 00:00:00+00:00,3,humpback_whale
-16.45,-39.0,2023-08-01 00:00:00+00:00,8,humpback_whale
-25.0,113.0,1961-08-10 00:00:00+00:00,8,humpback_whale
-45.7833,170.7167,1998-07-07 00:00:00+00:00,7,humpback_whale
36.6495,-121.9084,2019-10-30 00:00:00+00:00,10,humpback_whale
34.2201,-119.89,2012-05-29 00:00:00+00:00,5,humpback_whale
36.83842,-121.966047,2019-10-25 00:00:00+00:00,10,humpback_whale
-18.61,-174.03,2003-09-20 00:00:00+00:00,9,humpback_whale
34.0438,-120.08105,2019-04-02 00:00:00+00:00,4,humpback_whale
-23.0,113.0,1927-09-03 00:00:00+00:00,9,humpback_whale
-0.285,-91.37167,2001-08-16 00:00:00+00:00,8,humpback_whale
-27.15,153.483,1953-06-28 00:00:00+00:00,6,humpback_whale
-27.0,154.0,1958-07-10 00:00:00+00:00,7,humpback_whale
44.352,-66.441,1990-09-12 00:00:00+00:00,9,humpback_whale
-27.0,154.0,1958-07-13 00:00:00+00:00,7,humpback_whale
-27.0,154.0,1961-09-03 00:00:00+00:00,9,humpback_whale
57.49,-134.61,2001-08-11 00:00:00+00:00,8,humpback_whale
-37.09468,149.93774,2013-10-20 00:00:00+00:00,10,humpback_whale
20.6706,-105.4263,2017-03-15 00:00:00+00:00,3,humpback_whale
50.9425,-55.7905,1993-08-29 00:00:00+00:00,8,humpback_whale
36.6484,-121.9075,2020-05-10 00:00:00+00:00,5,humpback_whale
69.97,18.78,2014-12-08 00:00:00+00:00,12,humpback_whale
24.4,-110.4,2005-12-15 00:00:00+00:00,12,humpback_whale
-27.0333,153.483,1955-07-30 00:00:00+00:00,7,humpback_whale
54.0,-57.0,1983-07-01 00:00:00+00:00,7,humpback_whale
-25.0,113.0,1956-07-25 00:00:00+00:00,7,humpback_whale
20.74,-156.69,2021-02-15 00:00:00+00:00,2,humpback_whale
47.27,-52.8,2001-07-15 00:00:00+00:00,7,humpback_whale
-23.0,113.0,1954-06-26 00:00:00+00:00,6,humpback_whale
36.37021,-122.314903,2020-08-25 00:00:00+00:00,8,humpback_whale
-35.0333,117.967,1956-07-17 00:00:00+00:00,7,humpback_whale
-27.05,153.5,1955-07-08 00:00:00+00:00,7,humpback_whale
33.8489,-120.1174,2021-01-03 00:00:00+00:00,1,humpback_whale
-18.00726,-38.71301,2022-09-03 00:00:00+00:00,9,humpback_whale
-33.942773,18.299714,2024-12-11 00:00:00+00:00,12,humpback_whale
79.15,46.22,2012-08-13 00:00:00+00:00,8,humpback_whale
36.3703,-122.3148,2018-11-14 00:00:00+00:00,11,humpback_whale
-24.7833,113.467,1953-08-11 00:00:00+00:00,8,humpback_whale
47.6,-53.1,1993-07-01 00:00:00+00:00,7,humpback_whale
-65.18,-64.17,2012-03-08 00:00:00+00:00,3,humpback_whale
-29.0,154.0,1962-06-25 00:00:00+00:00,6,humpback_whale
44.2167,-49.8667,1982-06-20 00:00:00+00:00,6,humpback_whale
-25.0,113.0,1959-08-26 00:00:00+00:00,8,humpback_whale
48.4904,-125.0038,2021-10-03 00:00:00+00:00,10,humpback_whale
-16.45,-39.0,2023-08-15 00:00:00+00:00,8,humpback_whale
32.675045,-117.309561,2024-10-19 00:00:00+00:00,10,humpback_whale
-28.62,153.68,1998-06-29 00:00:00+00:00,6,humpback_whale
33.8489,-120.1175,2019-05-06 00:00:00+00:00,5,humpback_whale
-18.6,-173.9,2001-09-07 00:00:00+00:00,9,humpback_whale
43.97,-58.6,1992-07-17 00:00:00+00:00,7,humpback_whale
74.43,22.78,1996-09-05 00:00:00+00:00,9,humpback_whale
59.382655,-152.065201,2023-07-22 00:00:00+00:00,7,humpback_whale
-42.0,175.0,1958-06-20 00:00:00+00:00,6,humpback_whale
-27.0667,153.533,1957-08-01 00:00:00+00:00,8,humpback_whale
-16.45,-38.97,2025-08-21 00:00:00+00:00,8,humpback_whale
-27.0,154.0,1961-06-29 00:00:00+00:00,6,humpback_whale
50.194491,-124.987335,2024-08-23 00:00:00+00:00,8,humpback_whale
16.121687,-22.924347,2023-05-18 00:00:00+00:00,5,humpback_whale
-23.0,113.0,1926-08-04 00:00:00+00:00,8,humpback_whale
54.3333,-130.5833,2005-07-23 00:00:00+00:00,7,humpback_whale
20.655667,-105.324167,2018-02-14 00:00:00+00:00,2,humpback_whale
-25.0,153.1,1995-09-14 00:00:00+00:00,9,humpback_whale
44.321085,-67.027588,2019-07-10 00:00:00+00:00,7,humpback_whale
-3.165,-80.4766667,1998-07-04 00:00:00+00:00,7,humpback_whale
59.2,-135.3,2004-07-14 00:00:00+00:00,7,humpback_whale
65.659315,-21.542729,2025-07-31 00:00:00+00:00,7,humpback_whale
-26.9833,153.517,1956-07-14 00:00:00+00:00,7,humpback_whale
-23.0,113.0,1928-07-25 00:00:00+00:00,7,humpback_whale
-25.0,113.0,1961-08-13 00:00:00+00:00,8,humpback_whale
20.7,-105.4,2009-02-07 00:00:00+00:00,2,humpback_whale
47.27,-52.8,2002-07-15 00:00:00+00:00,7,humpback_whale
-35.1167,118.0,1954-07-26 00:00:00+00:00,7,humpback_whale
-64.084,-61.223,2019-12-31 00:00:00+00:00,12,humpback_whale
26.290107,127.230237,2006-03-03 00:00:00+00:00,3,humpback_whale
41.466,-69.402,1990-08-29 00:00:00+00:00,8,humpback_whale
-23.0,113.0,1954-08-07 00:00:00+00:00,8,humpback_whale
34.1176,-119.3621,2009-03-12 00:00:00+00:00,3,humpback_whale
20.7,-105.4,2020-01-16 00:00:00+00:00,1,humpback_whale
-27.0,154.0,1959-06-16 00:00:00+00:00,6,humpback_whale
-64.609929,-62.17992,2020-02-26 00:00:00+00:00,2,humpback_whale
34.08523,-120.0957,2020-12-16 00:00:00+00:00,12,humpback_whale
36.608333,-122.016667,1998-10-27 00:00:00+00:00,10,humpback_whale
-23.0,113.0,1927-07-21 00:00:00+00:00,7,humpback_whale
-21.798383,114.234532,2005-08-22 00:00:00+00:00,8,humpback_whale
42.145,-70.311,1988-05-13 00:00:00+00:00,5,humpback_whale
-16.45,-38.9,2014-07-26 00:00:00+00:00,7,humpback_whale
65.669443,-21.584232,2025-08-18 00:00:00+00:00,8,humpback_whale
-42.195,148.257,2024-06-27 00:00:00+00:00,6,humpback_whale
-35.1333,118.05,1961-06-27 00:00:00+00:00,6,humpback_whale
36.8,-122.0,2020-07-20 00:00:00+00:00,7,humpback_whale
-21.763311,114.078789,2007-09-08 00:00:00+00:00,9,humpback_whale
-25.0,113.0,1957-06-20 00:00:00+00:00,6,humpback_whale
64.815323,-172.661368,2024-09-10 00:00:00+00:00,9,humpback_whale
20.78817,-156.649,2025-01-21 00:00:00+00:00,1,humpback_whale
-25.0,113.0,1959-08-29 00:00:00+00:00,8,humpback_whale
-27.0,154.0,1958-07-28 00:00:00+00:00,7,humpback_whale
-25.0,113.0,1956-08-04 00:00:00+00:00,8,humpback_whale
25.765833,-111.207778,2025-02-05 00:00:00+00:00,2,humpback_whale
20.7,-105.4,2018-03-14 00:00:00+00:00,3,humpback_whale
-42.0,175.0,1959-06-12 00:00:00+00:00,6,humpback_whale
59.240572,-135.382724,2022-09-16 00:00:00+00:00,9,humpback_whale
-23.0,113.0,1953-08-17 00:00:00+00:00,8,humpback_whale
-25.0,113.0,1959-08-15 00:00:00+00:00,8,humpback_whale
36.763683,-121.873108,2024-09-02 00:00:00+00:00,9,humpback_whale
20.8086330967,-156.7384231277,2018-04-04 00:00:00+00:00,4,humpback_whale
40.5,-73.8,2025-05-18 00:00:00+00:00,5,humpback_whale
48.403132,-124.193298,2016-09-08 00:00:00+00:00,9,humpback_whale
48.41085,-122.712163,2024-08-05 00:00:00+00:00,8,humpback_whale
-12.551111,45.035,2006-07-14 00:00:00+00:00,7,humpback_whale
-24.8667,113.233,1954-06-25 00:00:00+00:00,6,humpback_whale
-24.9167,113.3,1955-07-15 00:00:00+00:00,7,humpback_whale
26.94512,-80.07945,2022-04-20 03:19:47+00:00,4,green_sea_turtle
26.94512,-80.07945,2022-04-27 16:00:50+00:00,4,green_sea_turtle
26.94512,-80.07945,2022-03-12 09:16:11+00:00,3,green_sea_turtle
26.94512,-80.07945,2022-05-10 14:00:30+00:00,5,green_sea_turtle
26.94512,-80.07945,2022-06-09 21:08:21+00:00,6,green_sea_turtle
26.94512,-80.07945,2022-04-14 01:38:15+00:00,4,green_sea_turtle
26.94512,-80.07945,2022-05-05 05:06:25+00:00,5,green_sea_turtle
26.94512,-80.07945,2022-06-05 10:11:11+00:00,6,green_sea_turtle
26.94512,-80.07945,2022-01-28 02:55:37+00:00,1,green_sea_turtle
26.94512,-80.07945,2022-04-19 08:10:32+00:00,4,green_sea_turtle
26.94512,-80.07945,2022-05-29 11:09:38+00:00,5,green_sea_turtle
26.94512,-80.07945,2022-03-27 09:09:56+00:00,3,green_sea_turtle
26.94512,-80.07945,2022-03-30 01:15:06+00:00,3,green_sea_turtle
26.94512,-80.07945,2022-04-07 00:09:07+00:00,4,green_sea_turtle
26.94512,-80.07945,2022-04-10 12:02:52+00:00,4,green_sea_turtle
26.94512,-80.07945,2022-05-11 12:50:40+00:00,5,green_sea_turtle
26.94512,-80.07945,2022-04-03 14:00:25+00:00,4,green_sea_turtle
26.94512,-80.07945,2022-04-30 12:29:54+00:00,4,green_sea_turtle
26.94512,-80.07945,2022-04-05 03:01:05+00:00,4,green_sea_turtle
26.94512,-80.07945,2022-04-28 22:09:05+00:00,4,green_sea_turtle
26.94512,-80.07945,2022-05-04 20:00:03+00:00,5,green_sea_turtle
26.94512,-80.07945,2022-04-29 03:22:27+00:00,4,green_sea_turtle
26.94512,-80.07945,2022-06-14 11:47:41+00:00,6,green_sea_turtle
-25.79817,113.84309,2009-10-02 14:45:00+00:00,10,green_sea_turtle
26.94512,-80.07945,2022-04-21 23:01:48+00:00,4,green_sea_turtle
-33.35,151.5,2015-11-26 00:11:00+00:00,11,green_sea_turtle
26.94512,-80.07945,2022-04-04 16:12:43+00:00,4,green_sea_turtle
26.94512,-80.07945,2022-06-10 18:12:57+00:00,6,green_sea_turtle
26.94512,-80.07945,2022-04-13 22:09:59+00:00,4,green_sea_turtle
26.94512,-80.07945,2022-04-20 17:19:42+00:00,4,green_sea_turtle
26.94512,-80.07945,2022-03-29 08:17:45+00:00,3,green_sea_turtle
26.94512,-80.07945,2022-03-11 19:00:06+00:00,3,green_sea_turtle
26.94512,-80.07945,2022-04-26 19:05:09+00:00,4,green_sea_turtle
26.94512,-80.07945,2022-05-23 06:37:40+00:00,5,green_sea_turtle
26.94512,-80.07945,2022-05-11 05:05:27+00:00,5,green_sea_turtle
26.94512,-80.07945,2022-05-17 12:06:13+00:00,5,green_sea_turtle
26.94512,-80.07945,2022-04-24 17:01:48+00:00,4,green_sea_turtle
-15.7,136.983,1996-04-07 23:04:00+00:00,4,green_sea_turtle
26.94512,-80.07945,2022-04-24 18:04:03+00:00,4,green_sea_turtle
26.94512,-80.07945,2022-04-11 09:36:41+00:00,4,green_sea_turtle
26.94512,-80.07945,2022-04-09 12:13:01+00:00,4,green_sea_turtle
26.94512,-80.07945,2022-04-06 23:04:58+00:00,4,green_sea_turtle
26.94512,-80.07945,2022-04-07 20:11:06+00:00,4,green_sea_turtle
26.94512,-80.07945,2022-04-18 13:04:19+00:00,4,green_sea_turtle
26.94512,-80.07945,2022-04-06 17:00:42+00:00,4,green_sea_turtle
26.94512,-80.07945,2022-04-24 08:45:07+00:00,4,green_sea_turtle
26.94512,-80.07945,2022-06-01 13:01:45+00:00,6,green_sea_turtle
26.94512,-80.07945,2022-05-21 19:07:05+00:00,5,green_sea_turtle
26.94512,-80.07945,2022-06-09 22:01:52+00:00,6,green_sea_turtle
26.94512,-80.07945,2022-04-22 16:00:10+00:00,4,green_sea_turtle
26.94512,-80.07945,2022-05-07 03:13:54+00:00,5,green_sea_turtle
26.94512,-80.07945,2022-04-05 17:01:42+00:00,4,green_sea_turtle
26.94512,-80.07945,2022-03-26 19:05:49+00:00,3,green_sea_turtle
26.94512,-80.07945,2022-04-11 18:01:27+00:00,4,green_sea_turtle
26.94512,-80.07945,2022-04-20 13:00:42+00:00,4,green_sea_turtle
26.94512,-80.07945,2022-04-04 20:02:10+00:00,4,green_sea_turtle
26.94512,-80.07945,2022-04-19 17:10:55+00:00,4,green_sea_turtle
26.94512,-80.07945,2022-04-24 15:00:30+00:00,4,green_sea_turtle
26.94512,-80.07945,2022-03-06 15:01:26+00:00,3,green_sea_turtle
26.94512,-80.07945,2022-03-04 22:00:49+00:00,3,green_sea_turtle
26.94512,-80.07945,2022-04-19 13:06:20+00:00,4,green_sea_turtle
26.94512,-80.07945,2022-05-29 08:43:40+00:00,5,green_sea_turtle
26.94512,-80.07945,2022-04-26 05:57:30+00:00,4,green_sea_turtle
-25.82112,113.72971,2013-11-03 10:30:00+00:00,11,green_sea_turtle
26.94512,-80.07945,2022-04-01 18:44:04+00:00,4,green_sea_turtle
26.94512,-80.07945,2022-03-18 19:12:45+00:00,3,green_sea_turtle
26.94512,-80.07945,2022-04-15 07:00:53+00:00,4,green_sea_turtle
26.94512,-80.07945,2022-04-24 22:04:16+00:00,4,green_sea_turtle
26.94512,-80.07945,2022-05-21 17:37:13+00:00,5,green_sea_turtle
26.94512,-80.07945,2022-04-24 20:12:12+00:00,4,green_sea_turtle
26.94512,-80.07945,2022-05-20 16:02:37+00:00,5,green_sea_turtle
26.94512,-80.07945,2022-05-09 21:03:18+00:00,5,green_sea_turtle
26.94512,-80.07945,2022-04-05 05:11:11+00:00,4,green_sea_turtle
26.94512,-80.07945,2022-03-27 14:01:46+00:00,3,green_sea_turtle
26.94512,-80.07945,2022-03-17 21:08:12+00:00,3,green_sea_turtle
26.94512,-80.07945,2022-04-08 19:00:42+00:00,4,green_sea_turtle
26.94512,-80.07945,2022-05-02 08:15:07+00:00,5,green_sea_turtle
26.94512,-80.07945,2022-04-19 15:01:03+00:00,4,green_sea_turtle
26.94512,-80.07945,2022-03-25 22:32:39+00:00,3,green_sea_turtle
26.94512,-80.07945,2022-04-06 22:00:39+00:00,4,green_sea_turtle
26.94512,-80.07945,2022-04-23 09:18:28+00:00,4,green_sea_turtle
26.94512,-80.07945,2022-03-13 13:20:45+00:00,3,green_sea_turtle
26.94512,-80.07945,2022-04-20 17:20:38+00:00,4,green_sea_turtle
26.94512,-80.07945,2022-04-23 00:00:42+00:00,4,green_sea_turtle
26.94512,-80.07945,2022-04-30 22:12:32+00:00,4,green_sea_turtle
26.94512,-80.07945,2022-04-20 23:03:11+00:00,4,green_sea_turtle
26.94512,-80.07945,2022-05-15 01:49:18+00:00,5,green_sea_turtle
26.94512,-80.07945,2022-04-23 17:00:27+00:00,4,green_sea_turtle
26.94512,-80.07945,2022-04-10 02:08:56+00:00,4,green_sea_turtle
26.94512,-80.07945,2022-03-30 00:20:40+00:00,3,green_sea_turtle
26.94512,-80.07945,2022-05-03 13:02:01+00:00,5,green_sea_turtle
26.94512,-80.07945,2022-04-27 12:15:57+00:00,4,green_sea_turtle
26.94512,-80.07945,2022-03-31 01:13:29+00:00,3,green_sea_turtle
-25.85478,113.73092,2011-11-21 10:20:00+00:00,11,green_sea_turtle
26.94512,-80.07945,2022-05-07 07:58:00+00:00,5,green_sea_turtle
26.94512,-80.07945,2022-05-13 20:03:21+00:00,5,green_sea_turtle
26.94512,-80.07945,2022-04-02 13:00:00+00:00,4,green_sea_turtle
26.94512,-80.07945,2022-03-22 22:00:24+00:00,3,green_sea_turtle
26.94512,-80.07945,2022-04-20 17:52:05+00:00,4,green_sea_turtle
26.94512,-80.07945,2022-03-15 15:05:26+00:00,3,green_sea_turtle
26.94512,-80.07945,2022-05-20 18:07:56+00:00,5,green_sea_turtle
26.94512,-80.07945,2022-04-30 12:37:02+00:00,4,green_sea_turtle
26.94512,-80.07945,2022-05-04 13:08:17+00:00,5,green_sea_turtle
26.94512,-80.07945,2022-03-16 21:02:01+00:00,3,green_sea_turtle
26.94512,-80.07945,2022-03-23 21:03:01+00:00,3,green_sea_turtle
26.94512,-80.07945,2022-03-07 11:00:02+00:00,3,green_sea_turtle
-9.933,144.033,1974-07-20 23:07:00+00:00,7,green_sea_turtle
26.94512,-80.07945,2022-04-08 11:41:11+00:00,4,green_sea_turtle
26.94512,-80.07945,2022-04-15 14:02:44+00:00,4,green_sea_turtle
26.94512,-80.07945,2022-04-28 00:01:32+00:00,4,green_sea_turtle
26.94512,-80.07945,2022-06-01 16:00:13+00:00,6,green_sea_turtle
26.94512,-80.07945,2022-03-26 14:11:52+00:00,3,green_sea_turtle
26.94512,-80.07945,2022-04-07 04:02:52+00:00,4,green_sea_turtle
26.94512,-80.07945,2022-04-02 13:05:45+00:00,4,green_sea_turtle
26.94512,-80.07945,2022-04-27 09:55:38+00:00,4,green_sea_turtle
-33.28362,151.423,2015-02-01 00:02:00+00:00,2,green_sea_turtle
26.94512,-80.07945,2022-04-04 04:01:52+00:00,4,green_sea_turtle
26.94512,-80.07945,2022-05-26 01:20:34+00:00,5,green_sea_turtle
26.94512,-80.07945,2022-05-06 12:12:18+00:00,5,green_sea_turtle
26.94512,-80.07945,2022-04-16 03:00:46+00:00,4,green_sea_turtle
26.94512,-80.07945,2022-03-22 20:00:15+00:00,3,green_sea_turtle
26.94512,-80.07945,2022-03-06 13:04:49+00:00,3,green_sea_turtle
26.94512,-80.07945,2022-05-24 11:03:19+00:00,5,green_sea_turtle
-16.39,145.56,2011-04-19 00:00:00+00:00,4,green_sea_turtle
26.94512,-80.07945,2022-06-10 08:11:52+00:00,6,green_sea_turtle
26.94512,-80.07945,2022-05-17 16:00:06+00:00,5,green_sea_turtle
26.94512,-80.07945,2022-05-15 20:26:20+00:00,5,green_sea_turtle
26.94512,-80.07945,2022-03-28 12:00:33+00:00,3,green_sea_turtle
26.94512,-80.07945,2022-04-09 01:01:17+00:00,4,green_sea_turtle
26.94512,-80.07945,2022-05-24 19:08:11+00:00,5,green_sea_turtle
26.94512,-80.07945,2022-05-10 18:05:45+00:00,5,green_sea_turtle
26.94512,-80.07945,2022-04-05 21:11:35+00:00,4,green_sea_turtle
26.94512,-80.07945,2022-03-16 13:21:02+00:00,3,green_sea_turtle
26.94512,-80.07945,2022-06-03 17:00:31+00:00,6,green_sea_turtle
26.94512,-80.07945,2022-05-17 22:00:03+00:00,5,green_sea_turtle
26.94512,-80.07945,2022-04-04 11:00:20+00:00,4,green_sea_turtle
26.94512,-80.07945,2022-03-23 09:10:28+00:00,3,green_sea_turtle
26.94512,-80.07945,2022-04-12 07:58:16+00:00,4,green_sea_turtle
26.94512,-80.07945,2022-05-17 11:03:48+00:00,5,green_sea_turtle
26.94512,-80.07945,2022-05-01 18:03:35+00:00,5,green_sea_turtle
26.94512,-80.07945,2022-06-13 01:40:29+00:00,6,green_sea_turtle
26.94512,-80.07945,2022-01-31 07:01:40+00:00,1,green_sea_turtle
26.94512,-80.07945,2022-04-27 07:36:31+00:00,4,green_sea_turtle
26.94512,-80.07945,2022-04-17 04:21:20+00:00,4,green_sea_turtle
26.94512,-80.07945,2022-05-05 09:09:38+00:00,5,green_sea_turtle
26.94512,-80.07945,2022-04-02 19:26:15+00:00,4,green_sea_turtle
26.94512,-80.07945,2022-04-23 16:00:16+00:00,4,green_sea_turtle
26.94512,-80.07945,2022-04-24 07:56:49+00:00,4,green_sea_turtle
26.94512,-80.07945,2022-04-08 01:11:31+00:00,4,green_sea_turtle
6.030342,-53.731908,2017-10-06 00:00:00+00:00,10,manta_ray
5.933245,-53.345055,2017-10-05 00:00:00+00:00,10,manta_ray
5.748765,-53.115867,2017-10-05 00:00:00+00:00,10,manta_ray
5.22052,-52.27209,2008-10-08 00:00:00+00:00,10,manta_ray
5.926385,-53.336807,2017-10-05 00:00:00+00:00,10,manta_ray
-0.30223,-91.35976,2008-04-18 00:00:00+00:00,4,manta_ray
-17.90074,-149.50407,2011-01-18 00:00:00+00:00,1,manta_ray
24.4701136,124.1706971,2006-05-06 00:00:00+00:00,5,manta_ray
5.961007,-53.378807,2017-10-05 00:00:00+00:00,10,manta_ray
5.838132,-53.586162,2017-09-30 00:00:00+00:00,9,manta_ray
5.539325,-52.821217,2017-09-26 00:00:00+00:00,9,manta_ray
18.7805,-111.044667,2023-04-25 00:00:00+00:00,4,manta_ray
-10.00031,-140.05034,2011-04-13 00:00:00+00:00,4,manta_ray
-20.05089,163.700442,2014-11-11 00:00:00+00:00,11,manta_ray
5.637852,-52.800023,2017-09-27 00:00:00+00:00,9,manta_ray
5.497047,-52.726877,2017-10-05 00:00:00+00:00,10,manta_ray
5.935905,-53.069853,2017-10-05 00:00:00+00:00,10,manta_ray
-9.36996,-140.60445,2011-04-28 00:00:00+00:00,4,manta_ray
-12.33377,46.45918,2009-12-21 00:00:00+00:00,12,manta_ray
5.83949,-52.90968,2008-10-01 00:00:00+00:00,10,manta_ray
5.951083,-53.052398,2017-10-05 00:00:00+00:00,10,manta_ray
19.3288,-110.792778,2023-04-19 00:00:00+00:00,4,manta_ray
5.79746,-53.176122,2017-10-05 00:00:00+00:00,10,manta_ray
6.601407,-53.13332,2017-09-30 00:00:00+00:00,9,manta_ray
5.531457,-52.816113,2017-10-01 00:00:00+00:00,10,manta_ray
15.459993,-62.10891,2017-09-04 00:00:00+00:00,9,manta_ray
-8.75,116.58333,2009-10-05 00:00:00+00:00,10,manta_ray
-17.2044,43.41989,2010-02-09 00:00:00+00:00,2,manta_ray
19.33,-110.81,2014-04-07 00:00:00+00:00,4,manta_ray
-22.198605,166.108548,2014-10-16 00:00:00+00:00,10,manta_ray
4.004528,-81.603356,2021-03-17 00:00:00+00:00,3,manta_ray
5.823695,-53.368813,2017-10-01 00:00:00+00:00,10,manta_ray
-9.55165,-140.11203,2011-05-03 00:00:00+00:00,5,manta_ray
-9.1428,-140.34619,2011-05-03 00:00:00+00:00,5,manta_ray
-18.230417,-178.689083,2002-10-30 00:00:00+00:00,10,manta_ray
5.814038,-53.209823,2017-10-05 00:00:00+00:00,10,manta_ray
-13.23346,-176.233842,2014-12-18 00:00:00+00:00,12,manta_ray
4.0044528,-81.6033556,2020-02-27 00:00:00+00:00,2,manta_ray
-3.69853,56.32313,2010-04-05 00:00:00+00:00,4,manta_ray
-27.4455562636,32.7865799341,2012-06-21 00:00:00+00:00,6,manta_ray
-22.86422,166.550318,2014-11-18 00:00:00+00:00,11,manta_ray
-12.10827,96.87809,2017-04-28 00:00:00+00:00,4,manta_ray
-20.535285,165.01773,2014-11-13 00:00:00+00:00,11,manta_ray
-29.833333,31.033333,2004-08-10 00:00:00+00:00,8,manta_ray
6.02129,-53.576255,2017-10-06 00:00:00+00:00,10,manta_ray
5.533582,-52.809877,2017-10-02 00:00:00+00:00,10,manta_ray
-4.76914,55.72219,2010-03-27 00:00:00+00:00,3,manta_ray
6.1299,-52.86047,2008-10-01 00:00:00+00:00,10,manta_ray
7.656258,-81.65285,2023-02-09 00:00:00+00:00,2,manta_ray
5.205872,-52.36634,2017-09-29 00:00:00+00:00,9,manta_ray
-11.11298,-140.92314,2011-04-26 00:00:00+00:00,4,manta_ray
5.825707,-53.196375,2017-10-05 00:00:00+00:00,10,manta_ray
5.57343,-52.855947,2017-09-27 00:00:00+00:00,9,manta_ray
5.76231,-52.92426,2008-10-01 00:00:00+00:00,10,manta_ray
5.554912,-52.83929,2017-09-26 00:00:00+00:00,9,manta_ray
-10.07675,-137.27582,2011-05-02 00:00:00+00:00,5,manta_ray
-12.16417,45.39775,2009-12-17 00:00:00+00:00,12,manta_ray
5.927547,-53.338175,2017-10-05 00:00:00+00:00,10,manta_ray
6.34237,-52.82983,2008-10-01 00:00:00+00:00,10,manta_ray
6.26776,-52.84087,2008-10-01 00:00:00+00:00,10,manta_ray
5.53153153,-87.03593076,2022-12-05 00:00:00+00:00,12,manta_ray
5.952597,-53.626268,2017-10-02 00:00:00+00:00,10,manta_ray
-22.40271,-150.29869,2011-02-14 00:00:00+00:00,2,manta_ray
6.50859,-52.63225,2008-10-10 00:00:00+00:00,10,manta_ray
5.79462,-52.9181,2008-10-01 00:00:00+00:00,10,manta_ray
-36.741606,175.7431960199,2024-01-07 00:00:00+00:00,1,manta_ray
-8.9578,-140.21692,2011-04-27 00:00:00+00:00,4,manta_ray
6.28366,-52.83849,2008-10-01 00:00:00+00:00,10,manta_ray
6.16061,-52.28937,2008-09-29 00:00:00+00:00,9,manta_ray
5.531868,-52.815402,2017-10-01 00:00:00+00:00,10,manta_ray
-21.621638,165.446892,2014-10-31 00:00:00+00:00,10,manta_ray
-25.92840289,113.53502584,2022-10-19 00:00:00+00:00,10,manta_ray
6.01542,-52.977915,2017-10-05 00:00:00+00:00,10,manta_ray
-35.9214724334,174.6411044865,2022-02-16 00:00:00+00:00,2,manta_ray
6.34759,-52.82914,2008-10-01 00:00:00+00:00,10,manta_ray
27.0966945666,33.9245825307,2009-01-04 00:00:00+00:00,1,manta_ray
6.19554,-52.85105,2008-10-01 00:00:00+00:00,10,manta_ray
5.945003,-53.359313,2017-10-05 00:00:00+00:00,10,manta_ray
5.814628,-53.209155,2017-10-05 00:00:00+00:00,10,manta_ray
-21.518317,164.636475,2014-11-16 00:00:00+00:00,11,manta_ray
7.6289315051,98.2927697261,2021-06-20 00:00:00+00:00,6,manta_ray
-13.92675,-144.56067,2011-04-09 00:00:00+00:00,4,manta_ray
5.4846345941,-87.106827688,2019-07-11 00:00:00+00:00,7,manta_ray
-9.8062,-138.8838,2011-04-23 00:00:00+00:00,4,manta_ray
-21.291082,164.892877,2014-11-02 00:00:00+00:00,11,manta_ray
4.0884439612,9.0725524107,2018-03-12 00:00:00+00:00,3,manta_ray
5.570418,-52.85705,2017-09-26 00:00:00+00:00,9,manta_ray
-16.9731,-143.08667,2011-04-08 00:00:00+00:00,4,manta_ray
-17.24537,43.17889,2010-01-25 00:00:00+00:00,1,manta_ray
5.29099,-52.37711,2008-09-30 00:00:00+00:00,9,manta_ray
-9.48577,-141.52502,2011-04-28 00:00:00+00:00,4,manta_ray
-17.79598,43.53536,2010-01-22 00:00:00+00:00,1,manta_ray
6.52653,-52.81497,2008-10-01 00:00:00+00:00,10,manta_ray
5.53166,-52.807637,2017-10-02 00:00:00+00:00,10,manta_ray
5.201515,-52.371348,2017-09-29 00:00:00+00:00,9,manta_ray
-19.822988,162.501158,2014-10-30 00:00:00+00:00,10,manta_ray
-22.077413,166.022587,2014-10-17 00:00:00+00:00,10,manta_ray
-35.465,174.63,2001-03-19 00:00:00+00:00,3,manta_ray
-5.81295,53.2938,2010-03-31 00:00:00+00:00,3,manta_ray
-24.482133,35.239183,2005-04-16 00:00:00+00:00,4,manta_ray
-19.064807,164.491367,2014-11-08 00:00:00+00:00,11,manta_ray
-20.6905,165.058573,2014-11-13 00:00:00+00:00,11,manta_ray
-17.49119,43.44376,2010-01-22 00:00:00+00:00,1,manta_ray
-20.797723,164.402183,2014-10-16 00:00:00+00:00,10,manta_ray
5.49484,-52.712487,2017-10-05 00:00:00+00:00,10,manta_ray
5.90795,-53.31414,2017-10-05 00:00:00+00:00,10,manta_ray
-21.106152,166.152113,2014-11-08 00:00:00+00:00,11,manta_ray
5.19117,-52.30785,2008-10-08 00:00:00+00:00,10,manta_ray
7.7862639,-83.7350667,2021-03-21 00:00:00+00:00,3,manta_ray
5.658628,-52.968105,2017-09-26 00:00:00+00:00,9,manta_ray
9.4378470002,-85.0811452147,2024-12-14 00:00:00+00:00,12,manta_ray
6.23375,-52.84584,2008-10-01 00:00:00+00:00,10,manta_ray
5.401,-52.49154,2008-10-04 00:00:00+00:00,10,manta_ray
18.3475,-114.679444,2023-02-22 00:00:00+00:00,2,manta_ray
6.32169,-52.492,2008-10-02 00:00:00+00:00,10,manta_ray
24.9535667,-80.4510333,2012-06-22 00:00:00+00:00,6,manta_ray
21.5614272609,-157.7892854418,2012-11-24 00:00:00+00:00,11,manta_ray
5.83535,-53.185282,2017-10-05 00:00:00+00:00,10,manta_ray
6.61701,-52.60511,2008-10-10 00:00:00+00:00,10,manta_ray
5.87146,-53.269175,2017-10-05 00:00:00+00:00,10,manta_ray
6.66773,-52.93005,2008-10-04 00:00:00+00:00,10,manta_ray
5.30569,-52.43984,2008-10-10 00:00:00+00:00,10,manta_ray
5.282452,-52.51924,2017-09-26 00:00:00+00:00,9,manta_ray
-34.89555,173.71493,2019-03-06 00:00:00+00:00,3,manta_ray
5.24486,-52.38593,2008-09-30 00:00:00+00:00,9,manta_ray
5.644017,-52.96051,2017-10-02 00:00:00+00:00,10,manta_ray
-16.10444,-147.33556,2011-03-22 00:00:00+00:00,3,manta_ray
6.68263,-52.58828,2008-10-10 00:00:00+00:00,10,manta_ray
5.809257,-53.215257,2017-10-05 00:00:00+00:00,10,manta_ray
5.2945,-52.44184,2008-10-10 00:00:00+00:00,10,manta_ray
24.4701136,124.1706971,2007-05-04 00:00:00+00:00,5,manta_ray
-10.52922,-138.02177,2011-04-27 00:00:00+00:00,4,manta_ray
-18.14868,43.21884,2010-02-08 00:00:00+00:00,2,manta_ray
7.42198,-81.6952,2003-05-11 00:00:00+00:00,5,manta_ray
18.7981943541,-110.8985732874,2019-06-20 00:00:00+00:00,6,manta_ray
5.51351351,-87.05138623,2022-12-05 00:00:00+00:00,12,manta_ray
-17.13733,-150.66261,2011-01-26 00:00:00+00:00,1,manta_ray
-5.00046,57.15401,2010-04-04 00:00:00+00:00,4,manta_ray
-22.28635,53.53447,2010-02-27 00:00:00+00:00,2,manta_ray
-0.23095,-90.58803,2006-04-07 00:00:00+00:00,4,manta_ray
-5.21896,55.39759,2010-03-27 00:00:00+00:00,3,manta_ray
5.543855,-52.821783,2017-10-02 00:00:00+00:00,10,manta_ray
-1.0890596691,-91.0544074764,2024-05-14 00:00:00+00:00,5,manta_ray
5.199498,-52.373708,2017-09-29 00:00:00+00:00,9,manta_ray
6.25711,-52.84239,2008-10-01 00:00:00+00:00,10,manta_ray
5.296358,-52.176608,2017-10-07 00:00:00+00:00,10,manta_ray
-9.1676,-140.59363,2011-04-10 00:00:00+00:00,4,manta_ray
6.19979,-52.85051,2008-10-01 00:00:00+00:00,10,manta_ray
-19.97485,165.626003,2014-11-08 00:00:00+00:00,11,manta_ray
19.0710829508,-111.9683167449,2015-01-01 00:00:00+00:00,1,manta_ray
-13.207958,-179.479483,2014-12-22 00:00:00+00:00,12,manta_ray
5.483052,-52.751472,2017-10-02 00:00:00+00:00,10,manta_ray
5.530212,-52.818245,2017-10-01 00:00:00+00:00,10,manta_ray
-21.44795,-149.65208,2011-03-01 00:00:00+00:00,3,manta_ray
-8.87029,-140.25208,2011-04-27 00:00:00+00:00,4,manta_ray
-8.99749,-140.2543,2011-04-27 00:00:00+00:00,4,manta_ray
-22.625072,166.56664,2014-10-27 00:00:00+00:00,10,manta_ray
5.836488,-53.18391,2017-10-05 00:00:00+00:00,10,manta_ray
5.6115,-52.64256,2008-10-02 00:00:00+00:00,10,manta_ray
-16.35978,-151.78926,2011-03-24 00:00:00+00:00,3,manta_ray
-0.23645,-90.57447,2017-06-06 00:00:00+00:00,6,manta_ray
5.436325,-52.632365,2017-10-05 00:00:00+00:00,10,manta_ray
-5.39619,57.82964,2010-04-04 00:00:00+00:00,4,manta_ray
6.040105,-52.949378,2017-10-05 00:00:00+00:00,10,manta_ray
4.0044528,-81.6033556,2021-03-17 00:00:00+00:00,3,manta_ray
-12.1721,96.87998,2017-04-26 00:00:00+00:00,4,manta_ray
5.543207,-52.821033,2017-10-02 00:00:00+00:00,10,manta_ray
5.034617,-52.148683,2017-10-04 00:00:00+00:00,10,manta_ray
-3.56,-80.65,2018-07-18 00:00:00+00:00,7,manta_ray
5.496335,-52.722047,2017-10-05 00:00:00+00:00,10,manta_ray
5.52812,-52.822758,2017-10-01 00:00:00+00:00,10,manta_ray
-35.465,174.735,2002-03-09 00:00:00+00:00,3,manta_ray
8.1145,-51.94857,2008-10-02 00:00:00+00:00,10,manta_ray
6.54579,-52.795,2008-10-01 00:00:00+00:00,10,manta_ray
-8.95,-140.16,2009-06-06 00:00:00+00:00,6,manta_ray
5.894632,-53.297975,2017-10-05 00:00:00+00:00,10,manta_ray
5.80535,-53.185942,2017-10-05 00:00:00+00:00,10,manta_ray
6.6366,-51.89908,2008-10-02 00:00:00+00:00,10,manta_ray
-0.26461,-91.37553,2014-02-24 00:00:00+00:00,2,manta_ray
6.48069,-52.86254,2008-10-01 00:00:00+00:00,10,manta_ray
-8.21378,-141.13417,2011-05-03 00:00:00+00:00,5,manta_ray
-23.27546,-149.78738,2011-02-11 00:00:00+00:00,2,manta_ray
6.013985,-53.585267,2017-10-06 00:00:00+00:00,10,manta_ray
5.137267,-52.259195,2017-10-07 00:00:00+00:00,10,manta_ray
-14.50926,47.43853,2009-12-24 00:00:00+00:00,12,manta_ray
-11.541557,-176.172387,2014-12-29 00:00:00+00:00,12,manta_ray
5.529418,-52.805017,2017-10-02 00:00:00+00:00,10,manta_ray
-12.13502,96.85706,2017-04-28 00:00:00+00:00,4,manta_ray
5.560993,-52.869738,2017-10-02 00:00:00+00:00,10,manta_ray
6.45252,-52.27603,2008-10-02 00:00:00+00:00,10,manta_ray
-19.749355,163.357313,2014-12-19 00:00:00+00:00,12,manta_ray
0.3045,-89.95016,2012-05-31 00:00:00+00:00,5,manta_ray
-9.04346,-140.40292,2011-04-27 00:00:00+00:00,4,manta_ray
5.098758,-52.212088,2017-10-04 00:00:00+00:00,10,manta_ray
-22.40432,166.542703,2014-10-27 00:00:00+00:00,10,manta_ray
-19.789473,163.461785,2014-12-16 00:00:00+00:00,12,manta_ray
5.54084,-52.822958,2017-09-26 00:00:00+00:00,9,manta_ray
5.508953,-52.786173,2017-09-26 00:00:00+00:00,9,manta_ray
6.18068,-52.85304,2008-10-01 00:00:00+00:00,10,manta_ray
5.506798,-52.779215,2017-10-02 00:00:00+00:00,10,manta_ray
-12.90086,47.79271,2009-12-26 00:00:00+00:00,12,manta_ray
-19.825783,163.506678,2014-12-16 00:00:00+00:00,12,manta_ray
24.6140667,-83.0674833,2008-05-19 00:00:00+00:00,5,manta_ray
-36.841182471,176.0954227847,2022-01-22 00:00:00+00:00,1,manta_ray
6.016287,-53.582355,2017-10-06 00:00:00+00:00,10,manta_ray
-12.09179,96.88267,2017-04-28 00:00:00+00:00,4,manta_ray
-35.8065470554,174.8511331869,2022-02-17 00:00:00+00:00,2,manta_ray
5.195202,-52.378792,2017-09-29 00:00:00+00:00,9,manta_ray
-0.31059,-91.3543,2022-04-09 00:00:00+00:00,4,manta_ray
5.809862,-53.214575,2017-10-05 00:00:00+00:00,10,manta_ray
-23.83178,-149.73328,2011-03-03 00:00:00+00:00,3,manta_ray
-0.23645,-90.57447,2022-04-12 00:00:00+00:00,4,manta_ray
-8.75,116.58333,2005-08-18 00:00:00+00:00,8,manta_ray
20.5,-105.625,2014-08-15 00:00:00+00:00,8,manta_ray
-11.10291,-140.89984,2011-04-29 00:00:00+00:00,4,manta_ray
5.864902,-53.260803,2017-10-05 00:00:00+00:00,10,manta_ray
-8.92712,-141.12418,2011-05-03 00:00:00+00:00,5,manta_ray
5.6618,-53.64733,2008-10-01 00:00:00+00:00,10,manta_ray
24.92267,-80.50567,1996-09-06 00:00:00+00:00,9,manta_ray
5.6177,-52.22598,2008-10-04 00:00:00+00:00,10,manta_ray
6.05079,-52.936653,2017-10-05 00:00:00+00:00,10,manta_ray
5.518258,-52.796995,2017-09-26 00:00:00+00:00,9,manta_ray
-12.16647,96.88453,2017-04-26 00:00:00+00:00,4,manta_ray
-22.961142,166.832385,2014-10-19 00:00:00+00:00,10,manta_ray
-9.89604,-140.09889,2011-04-09 00:00:00+00:00,4,manta_ray
5.482028,-52.755295,2017-09-26 00:00:00+00:00,9,manta_ray
-10.19413,-141.20366,2011-04-28 00:00:00+00:00,4,manta_ray
6.30901,-52.49566,2008-10-02 00:00:00+00:00,10,manta_ray
5.5481,-52.831258,2017-09-26 00:00:00+00:00,9,manta_ray
-8.67696,-140.31622,2011-04-27 00:00:00+00:00,4,manta_ray
5.94838,-53.624612,2017-10-02 00:00:00+00:00,10,manta_ray
5.432198,-52.634797,2017-10-05 00:00:00+00:00,10,manta_ray
-23.812333,35.542467,2005-04-13 00:00:00+00:00,4,manta_ray
-5.30854,57.85707,2010-03-29 00:00:00+00:00,3,manta_ray
5.80145,-53.181055,2017-10-05 00:00:00+00:00,10,manta_ray
5.1869,-52.06695,2008-10-02 00:00:00+00:00,10,manta_ray
5.491142,-52.684367,2017-10-05 00:00:00+00:00,10,manta_ray
-9.85611,-138.78169,2011-04-23 00:00:00+00:00,4,manta_ray
5.947312,-53.362057,2017-10-05 00:00:00+00:00,10,manta_ray
6.64377,-52.95403,2008-10-04 00:00:00+00:00,10,manta_ray
-18.63722,-152.42076,2011-01-17 00:00:00+00:00,1,manta_ray
-10.97561,-140.63203,2011-04-29 00:00:00+00:00,4,manta_ray
-9.90429,-140.13376,2011-04-09 00:00:00+00:00,4,manta_ray
-9.9234,-140.01816,2011-04-13 00:00:00+00:00,4,manta_ray
6.21286,-52.51859,2008-10-02 00:00:00+00:00,10,manta_ray
-4.70725,55.75943,2010-03-27 00:00:00+00:00,3,manta_ray
6.52311,-52.81863,2008-10-01 00:00:00+00:00,10,manta_ray
5.094412,-52.21701,2017-10-04 00:00:00+00:00,10,manta_ray
7.59167,-81.8332,2003-05-14 00:00:00+00:00,5,manta_ray
8.8209658158,97.7481647945,2026-03-06 00:00:00+00:00,3,manta_ray
-1.3725531347,-81.188686087,2021-08-15 00:00:00+00:00,8,manta_ray
5.949033,-53.364142,2017-10-05 00:00:00+00:00,10,manta_ray
-12.14305,96.81695,2017-04-25 00:00:00+00:00,4,manta_ray
18.9380545599,-112.7915236086,2013-01-30 00:00:00+00:00,1,manta_ray
5.441927,-52.632373,2017-10-05 00:00:00+00:00,10,manta_ray
-16.83381,-151.62761,2011-01-27 00:00:00+00:00,1,manta_ray
-9.98363,-141.605,2011-05-03 00:00:00+00:00,5,manta_ray
-1.23502,-90.3655,2001-12-05 00:00:00+00:00,12,manta_ray
-23.52976,42.18608,2010-01-29 00:00:00+00:00,1,manta_ray
7.81647,-81.7371,2003-05-13 00:00:00+00:00,5,manta_ray
5.923892,-53.333648,2017-10-05 00:00:00+00:00,10,manta_ray
6.422,-52.81765,2008-10-01 00:00:00+00:00,10,manta_ray
-12.1669,96.81712,2017-04-27 00:00:00+00:00,4,manta_ray
5.026065,-51.992805,2017-10-07 00:00:00+00:00,10,manta_ray
-9.72253,-141.4864,2011-05-03 00:00:00+00:00,5,manta_ray
5.980507,-53.636768,2017-10-02 00:00:00+00:00,10,manta_ray
5.25924,-52.3832,2008-09-30 00:00:00+00:00,9,manta_ray
6.2843,-52.502,2008-10-02 00:00:00+00:00,10,manta_ray
-0.4823,-90.2501,2003-05-03 00:00:00+00:00,5,manta_ray
5.85932,-53.25827,2008-10-03 00:00:00+00:00,10,manta_ray
-12.93795,48.34899,2009-12-24 00:00:00+00:00,12,manta_ray
5.529415,-52.8197,2017-10-01 00:00:00+00:00,10,manta_ray
-22.388617,166.842655,2014-11-13 00:00:00+00:00,11,manta_ray
-19.756122,166.227417,2014-10-29 00:00:00+00:00,10,manta_ray
5.505538,-52.782322,2017-09-26 00:00:00+00:00,9,manta_ray
-7.72559,-140.77364,2011-04-26 00:00:00+00:00,4,manta_ray
5.492967,-52.699518,2017-10-05 00:00:00+00:00,10,manta_ray
-12.79947,45.32864,2009-12-21 00:00:00+00:00,12,manta_ray
5.523943,-52.79876,2017-10-02 00:00:00+00:00,10,manta_ray
-17.44068,43.34297,2010-01-21 00:00:00+00:00,1,manta_ray
-12.33296,46.45875,2009-12-21 00:00:00+00:00,12,manta_ray
8.8139344442,97.7766597358,2005-12-17 00:00:00+00:00,12,manta_ray
-11.32455,-140.60349,2011-04-26 00:00:00+00:00,4,manta_ray
6.47232,-52.80967,2008-10-01 00:00:00+00:00,10,manta_ray
-12.1682,96.8934,2017-04-26 00:00:00+00:00,4,manta_ray
-7.92639,-140.05896,2011-04-20 00:00:00+00:00,4,manta_ray
-22.372957,166.40336,2014-11-28 00:00:00+00:00,11,manta_ray
5.491473,-52.761168,2017-10-02 00:00:00+00:00,10,manta_ray
5.522015,-52.79656,2017-10-02 00:00:00+00:00,10,manta_ray
-9.21829,-141.25645,2011-04-27 00:00:00+00:00,4,manta_ray
6.082047,-53.507952,2017-10-06 00:00:00+00:00,10,manta_ray
5.73392,-53.097573,2017-10-05 00:00:00+00:00,10,manta_ray
6.010462,-53.589468,2017-10-06 00:00:00+00:00,10,manta_ray
5.196295,-52.229697,2017-10-07 00:00:00+00:00,10,manta_ray
6.2953,-52.935283,2017-09-27 00:00:00+00:00,9,manta_ray
6.26324,-52.39726,2008-10-02 00:00:00+00:00,10,manta_ray
5.604847,-52.234972,2017-10-05 00:00:00+00:00,10,manta_ray
-20.1399,163.780577,2014-12-19 00:00:00+00:00,12,manta_ray
5.506675,-52.783603,2017-09-26 00:00:00+00:00,9,manta_ray
5.814872,-53.197557,2017-10-05 00:00:00+00:00,10,manta_ray
-9.3688,-140.60208,2011-04-08 00:00:00+00:00,4,manta_ray
5.879818,-53.13426,2017-10-05 00:00:00+00:00,10,manta_ray
-14.12215,-147.13704,2011-03-19 00:00:00+00:00,3,manta_ray
5.861372,-53.256313,2017-10-05 00:00:00+00:00,10,manta_ray
-9.23541,-141.70975,2011-04-28 00:00:00+00:00,4,manta_ray
-10.20264,-141.23352,2011-04-28 00:00:00+00:00,4,manta_ray
5.171615,-52.242017,2017-10-07 00:00:00+00:00,10,manta_ray
-30.0,30.0,2004-09-01 00:00:00+00:00,9,manta_ray
6.97293,-52.51657,2008-10-04 00:00:00+00:00,10,manta_ray
-11.17338,-141.04736,2011-04-26 00:00:00+00:00,4,manta_ray
-22.46689,-133.48566,2011-02-22 00:00:00+00:00,2,manta_ray
-9.07097,-139.68713,2011-04-27 00:00:00+00:00,4,manta_ray
-5.67181,54.84169,2010-04-01 00:00:00+00:00,4,manta_ray
5.571947,-52.857308,2017-10-02 00:00:00+00:00,10,manta_ray
6.022572,-53.736333,2017-10-06 00:00:00+00:00,10,manta_ray
5.985647,-53.409015,2017-10-05 00:00:00+00:00,10,manta_ray
5.45766,-51.99348,2008-10-08 00:00:00+00:00,10,manta_ray
5.857328,-53.349938,2017-10-01 00:00:00+00:00,10,manta_ray
-9.18301,-141.23961,2011-05-03 00:00:00+00:00,5,manta_ray
5.967112,-53.386245,2017-10-05 00:00:00+00:00,10,manta_ray
5.912998,-53.320407,2017-10-05 00:00:00+00:00,10,manta_ray
5.832942,-53.21997,2017-10-05 00:00:00+00:00,10,manta_ray
5.16295,-52.311243,2017-09-30 00:00:00+00:00,9,manta_ray
-7.4966,-140.4483,2011-04-26 00:00:00+00:00,4,manta_ray
5.869275,-53.266362,2017-10-05 00:00:00+00:00,10,manta_ray
-3.48,-80.56,2018-05-08 00:00:00+00:00,5,manta_ray
5.921602,-53.330887,2017-10-05 00:00:00+00:00,10,manta_ray
-23.981167,35.522817,2005-04-14 00:00:00+00:00,4,manta_ray
-3.72829,55.10604,2010-03-31 00:00:00+00:00,3,manta_ray
6.19767,-52.85077,2008-10-01 00:00:00+00:00,10,manta_ray
5.792602,-53.170112,2017-10-05 00:00:00+00:00,10,manta_ray
-9.5127,-140.02176,2011-05-03 00:00:00+00:00,5,manta_ray
5.833055,-53.188002,2017-10-05 00:00:00+00:00,10,manta_ray
-27.4857628427,32.614012181,2014-03-18 00:00:00+00:00,3,manta_ray
-20.01252,163.672967,2014-12-19 00:00:00+00:00,12,manta_ray
5.820427,-53.204475,2017-10-05 00:00:00+00:00,10,manta_ray
-20.11145,57.76734,2010-03-19 00:00:00+00:00,3,manta_ray
-9.67453,-139.34438,2011-04-09 00:00:00+00:00,4,manta_ray
-5.80584,53.29253,2010-03-31 00:00:00+00:00,3,manta_ray
-22.11565,167.94532,2014-10-29 00:00:00+00:00,10,manta_ray
-7.6996,-138.23555,2011-04-10 00:00:00+00:00,4,manta_ray
-19.92361,58.34838,2010-02-27 00:00:00+00:00,2,manta_ray
6.023663,-53.573345,2017-10-06 00:00:00+00:00,10,manta_ray
-36.3805854367,175.4912520509,2022-12-24 00:00:00+00:00,12,manta_ray
5.97239,-53.392617,2017-10-05 00:00:00+00:00,10,manta_ray
6.49394,-52.84894,2008-10-01 00:00:00+00:00,10,manta_ray
5.23667,-52.38752,2008-09-30 00:00:00+00:00,9,manta_ray
-13.42409,47.70811,2009-12-15 00:00:00+00:00,12,manta_ray
-9.80846,-139.01985,2011-04-20 00:00:00+00:00,4,manta_ray
-8.98524,-140.36833,2011-04-27 00:00:00+00:00,4,manta_ray
-16.36815,-152.24628,2011-01-25 00:00:00+00:00,1,manta_ray
-8.93811,-140.32101,2011-04-27 00:00:00+00:00,4,manta_ray
5.198347,-52.375057,2017-09-29 00:00:00+00:00,9,manta_ray
-17.6017,43.42233,2010-02-09 00:00:00+00:00,2,manta_ray
-8.69209,-141.52226,2011-04-26 00:00:00+00:00,4,manta_ray
7.088948,-52.842903,2017-09-30 00:00:00+00:00,9,manta_ray
5.87289,-51.88952,2008-10-02 00:00:00+00:00,10,manta_ray
6.14788,-52.85775,2008-10-01 00:00:00+00:00,10,manta_ray
-16.6628,-151.59232,2011-01-24 00:00:00+00:00,1,manta_ray
20.77664,-156.67199,2011-03-07 00:00:00+00:00,3,manta_ray
-11.44025,47.90958,2010-01-03 00:00:00+00:00,1,manta_ray
-9.96586,-140.3624,2011-04-29 00:00:00+00:00,4,manta_ray
5.919708,-53.088367,2017-10-05 00:00:00+00:00,10,manta_ray
-22.329693,166.396183,2014-11-28 00:00:00+00:00,11,manta_ray
7.4391083,-83.4398083,2021-03-21 00:00:00+00:00,3,manta_ray
5.778842,-53.153173,2017-10-05 00:00:00+00:00,10,manta_ray
-1.3187578861,-81.1935983103,2021-08-15 00:00:00+00:00,8,manta_ray
0.0,-91.22,2022-10-19 00:00:00+00:00,10,manta_ray
-9.81244,-139.00941,2011-04-20 00:00:00+00:00,4,manta_ray
5.49148,-52.686938,2017-10-05 00:00:00+00:00,10,manta_ray
-21.426515,166.016252,2014-11-11 00:00:00+00:00,11,manta_ray
-30.099,153.596,2017-06-05 00:00:00+00:00,6,manta_ray
-19.293045,162.05548,2014-11-17 00:00:00+00:00,11,manta_ray
-18.73007,42.70303,2010-02-06 00:00:00+00:00,2,manta_ray
-19.987443,163.65082,2014-12-11 00:00:00+00:00,12,manta_ray
-12.15332,96.8429,2017-04-27 00:00:00+00:00,4,manta_ray
5.822077,-53.206537,2017-10-05 00:00:00+00:00,10,manta_ray
6.063343,-52.984803,2017-10-06 00:00:00+00:00,10,manta_ray
5.10047,-52.210105,2017-10-04 00:00:00+00:00,10,manta_ray
-21.54021,43.23425,2010-01-27 00:00:00+00:00,1,manta_ray
-21.770395,165.739485,2014-11-02 00:00:00+00:00,11,manta_ray
-9.49196,-139.3634,2011-04-10 00:00:00+00:00,4,manta_ray
-9.91738,-140.18121,2011-04-09 00:00:00+00:00,4,manta_ray
-9.0479,-141.64622,2011-04-28 00:00:00+00:00,4,manta_ray
5.274085,-52.469653,2017-10-02 00:00:00+00:00,10,manta_ray
-23.55563,-149.59123,2011-03-04 00:00:00+00:00,3,manta_ray
-20.590513,165.036352,2014-11-13 00:00:00+00:00,11,manta_ray
-11.81176,43.75844,2009-12-16 00:00:00+00:00,12,manta_ray
-1.29029,-90.4989,2008-05-01 00:00:00+00:00,5,manta_ray
29.99833333333333,126.99166666666667,2001-10-15 00:00:00+00:00,10,manta_ray
-0.23645,-90.57447,2005-11-20 00:00:00+00:00,11,manta_ray
-17.46099,43.39272,2010-01-22 00:00:00+00:00,1,manta_ray
5.878373,-53.277732,2017-10-05 00:00:00+00:00,10,manta_ray
24.6381,-83.10345,2006-06-19 00:00:00+00:00,6,manta_ray
-21.321808,164.900742,2014-11-02 00:00:00+00:00,11,manta_ray
-12.20715,96.84333,2017-04-24 00:00:00+00:00,4,manta_ray
-17.25635,43.19403,2010-01-25 00:00:00+00:00,1,manta_ray
5.892795,-53.119525,2017-10-05 00:00:00+00:00,10,manta_ray
5.20271,-52.29365,2008-10-08 00:00:00+00:00,10,manta_ray
-18.53474,43.87132,2010-01-22 00:00:00+00:00,1,manta_ray
-9.54435,-140.09515,2011-05-03 00:00:00+00:00,5,manta_ray
5.490737,-52.681383,2017-10-05 00:00:00+00:00,10,manta_ray
-19.813815,163.494795,2014-12-16 00:00:00+00:00,12,manta_ray
-9.61175,-139.00258,2011-04-20 00:00:00+00:00,4,manta_ray
5.488967,-52.667908,2017-10-05 00:00:00+00:00,10,manta_ray
-9.49859,-141.62785,2011-04-28 00:00:00+00:00,4,manta_ray
-20.667677,165.21475,2014-12-13 00:00:00+00:00,12,manta_ray
-0.23551,-90.58061,2010-03-03 00:00:00+00:00,3,manta_ray
-16.91407,-151.39584,2011-01-24 00:00:00+00:00,1,manta_ray
-5.48415,57.5899,2010-03-29 00:00:00+00:00,3,manta_ray
-9.18893,-141.24321,2011-04-27 00:00:00+00:00,4,manta_ray
-11.95612,47.92469,2009-12-26 00:00:00+00:00,12,manta_ray
6.083202,-53.506605,2017-10-06 00:00:00+00:00,10,manta_ray
-23.9443353326,35.4654214365,2010-09-29 00:00:00+00:00,9,manta_ray
-10.80506,-140.27759,2011-04-28 00:00:00+00:00,4,manta_ray
5.799738,-53.178965,2017-10-05 00:00:00+00:00,10,manta_ray
-15.46933,-143.58379,2011-04-01 00:00:00+00:00,4,manta_ray
5.549612,-52.833032,2017-09-26 00:00:00+00:00,9,manta_ray
5.663613,-52.965307,2017-09-26 00:00:00+00:00,9,manta_ray
6.019442,-53.738118,2017-10-06 00:00:00+00:00,10,manta_ray
6.06465,-52.55193,2008-10-02 00:00:00+00:00,10,manta_ray
15.16679,-62.287427,2017-09-09 00:00:00+00:00,9,manta_ray
-9.79556,-141.51906,2011-04-28 00:00:00+00:00,4,manta_ray
-5.37669,57.28129,2010-04-02 00:00:00+00:00,4,manta_ray
5.860762,-53.15587,2017-10-05 00:00:00+00:00,10,manta_ray
-21.830597,165.748115,2014-11-28 00:00:00+00:00,11,manta_ray
5.192363,-52.382155,2017-09-29 00:00:00+00:00,9,manta_ray
6.020223,-53.73767,2017-10-06 00:00:00+00:00,10,manta_ray
5.498448,-52.774143,2017-09-26 00:00:00+00:00,9,manta_ray
6.44414,-52.89994,2008-10-01 00:00:00+00:00,10,manta_ray
5.811957,-53.212188,2017-10-05 00:00:00+00:00,10,manta_ray
5.492598,-52.696475,2017-10-05 00:00:00+00:00,10,manta_ray
-10.14554,-139.32411,2011-04-24 00:00:00+00:00,4,manta_ray
-23.76245,-151.0015,2011-03-01 00:00:00+00:00,3,manta_ray
6.46317,-52.88041,2008-10-01 00:00:00+00:00,10,manta_ray
5.16758,-52.07243,2008-10-02 00:00:00+00:00,10,manta_ray
-0.4218115722,-90.8331046483,2019-08-27 00:00:00+00:00,8,manta_ray
-37.2939148234,176.051508966,2019-02-02 00:00:00+00:00,2,manta_ray
5.905035,-53.310712,2017-10-05 00:00:00+00:00,10,manta_ray
-20.914727,167.09246,2014-11-17 00:00:00+00:00,11,manta_ray
5.200362,-52.3727,2017-09-29 00:00:00+00:00,9,manta_ray
5.810363,-53.19208,2017-10-05 00:00:00+00:00,10,manta_ray
6.78461,-52.77423,2008-10-04 00:00:00+00:00,10,manta_ray
5.999273,-53.644065,2017-10-02 00:00:00+00:00,10,manta_ray
5.925813,-53.336118,2017-10-05 00:00:00+00:00,10,manta_ray
5.55727,-52.65317,2008-10-02 00:00:00+00:00,10,manta_ray
-18.07371,58.75384,2010-03-19 00:00:00+00:00,3,manta_ray
-17.95037,43.07644,2010-02-08 00:00:00+00:00,2,manta_ray
5.533695,-52.814712,2017-09-26 00:00:00+00:00,9,manta_ray
-13.232823,-176.223058,2014-12-18 00:00:00+00:00,12,manta_ray
5.609732,-52.944958,2017-10-05 00:00:00+00:00,10,manta_ray
5.489207,-52.758567,2017-10-02 00:00:00+00:00,10,manta_ray
-0.7,-91.81666666666672,1925-06-09 00:00:00+00:00,6,manta_ray
6.082213,-52.974025,2017-10-06 00:00:00+00:00,10,manta_ray
6.267418,-53.722885,2017-10-02 00:00:00+00:00,10,manta_ray
-13.525418,-179.189982,2014-12-30 00:00:00+00:00,12,manta_ray
-35.5405171007,174.7131491891,2011-04-23 00:00:00+00:00,4,manta_ray
5.896877,-53.300715,2017-10-05 00:00:00+00:00,10,manta_ray
6.6591,-52.97522,2008-10-03 00:00:00+00:00,10,manta_ray
-9.61609,-140.25108,2011-05-03 00:00:00+00:00,5,manta_ray
5.819353,-53.203078,2017-10-05 00:00:00+00:00,10,manta_ray
19.0882565438,-111.8677294178,2015-01-01 00:00:00+00:00,1,manta_ray
6.15107,-52.85726,2008-10-01 00:00:00+00:00,10,manta_ray
24.60458,-82.95468,2000-06-09 00:00:00+00:00,6,manta_ray
6.40913,-52.81964,2008-10-01 00:00:00+00:00,10,manta_ray
5.037515,-52.146965,2017-10-04 00:00:00+00:00,10,manta_ray
-9.34423,-140.15773,2011-04-05 00:00:00+00:00,4,manta_ray
-16.01453,-146.05618,2011-04-01 00:00:00+00:00,4,manta_ray
6.09897,-52.54448,2008-10-02 00:00:00+00:00,10,manta_ray
-5.75324,53.28747,2010-03-30 00:00:00+00:00,3,manta_ray
5.278937,-52.468372,2017-09-26 00:00:00+00:00,9,manta_ray
-12.46464,46.23568,2009-12-21 00:00:00+00:00,12,manta_ray
5.867598,-53.264298,2017-10-05 00:00:00+00:00,10,manta_ray
-9.25683,-139.9933,2011-04-28 00:00:00+00:00,4,manta_ray
5.871827,-53.143293,2017-10-05 00:00:00+00:00,10,manta_ray
-9.45137,-141.25299,2011-04-27 00:00:00+00:00,4,manta_ray
24.638283,-83.103433,2006-06-19 00:00:00+00:00,6,manta_ray
6.3996,-52.58271,2008-10-06 00:00:00+00:00,10,manta_ray
-8.88918,-140.26996,2011-04-27 00:00:00+00:00,4,manta_ray
-4.13229,55.19546,2010-03-30 00:00:00+00:00,3,manta_ray
16.06654,-23.06434,2015-06-23 00:00:00+00:00,6,manta_ray
5.535502,-52.812127,2017-10-02 00:00:00+00:00,10,manta_ray
-9.81069,-139.0148,2011-04-20 00:00:00+00:00,4,manta_ray
-10.15128,-140.944,2011-04-29 00:00:00+00:00,4,manta_ray
-8.35865,-140.7923,2011-04-20 00:00:00+00:00,4,manta_ray
24.6361931213,-110.1942302278,2001-11-01 00:00:00+00:00,11,manta_ray
5.278712,-52.467048,2017-10-02 00:00:00+00:00,10,manta_ray
-14.636,-144.13577,2011-04-09 00:00:00+00:00,4,manta_ray
5.31796,-52.43769,2008-10-10 00:00:00+00:00,10,manta_ray
-34.9600241712,173.7903070222,2019-03-06 00:00:00+00:00,3,manta_ray
5.993295,-53.493938,2017-09-30 00:00:00+00:00,9,manta_ray
5.861192,-53.434308,2017-09-27 00:00:00+00:00,9,manta_ray
5.167957,-52.308408,2017-09-30 00:00:00+00:00,9,manta_ray
16.128602,-58.918737,2017-10-29 00:00:00+00:00,10,manta_ray
5.35671,-52.521188,2017-10-05 00:00:00+00:00,10,manta_ray
6.072738,-52.979438,2017-10-06 00:00:00+00:00,10,manta_ray
-9.16372,-140.38287,2011-05-03 00:00:00+00:00,5,manta_ray
5.495315,-52.715525,2017-10-05 00:00:00+00:00,10,manta_ray
5.040803,-52.145028,2017-10-04 00:00:00+00:00,10,manta_ray
-12.33694,46.46095,2009-12-21 00:00:00+00:00,12,manta_ray
-9.53123,-139.23752,2011-04-05 00:00:00+00:00,4,manta_ray
-26.6730199714,32.8448286779,2015-07-01 00:00:00+00:00,7,manta_ray
5.4684821522,-87.0291411586,2024-01-15 00:00:00+00:00,1,manta_ray
5.446902,-52.153588,2017-10-01 00:00:00+00:00,10,manta_ray
-22.61688,167.371552,2014-10-30 00:00:00+00:00,10,manta_ray
-22.590325,166.891678,2014-11-13 00:00:00+00:00,11,manta_ray
5.195773,-52.378117,2017-09-29 00:00:00+00:00,9,manta_ray
6.00967,-52.82492,2008-10-06 00:00:00+00:00,10,manta_ray
5.916687,-53.324993,2017-10-05 00:00:00+00:00,10,manta_ray
5.72035,-52.93222,2008-10-01 00:00:00+00:00,10,manta_ray
-22.032682,165.975943,2014-12-10 00:00:00+00:00,12,manta_ray
-18.61684,55.31565,2010-02-23 00:00:00+00:00,2,manta_ray
-22.396782,166.92309,2014-10-29 00:00:00+00:00,10,manta_ray
-19.887513,163.970247,2014-11-11 00:00:00+00:00,11,manta_ray
-17.90253,-149.16109,2011-03-12 00:00:00+00:00,3,manta_ray
-9.55049,-140.10965,2011-05-03 00:00:00+00:00,5,manta_ray
5.854038,-53.163513,2017-10-05 00:00:00+00:00,10,manta_ray
5.104765,-52.205123,2017-10-04 00:00:00+00:00,10,manta_ray
-24.65104,-150.54042,2011-02-12 00:00:00+00:00,2,manta_ray
5.873167,-53.271193,2017-10-05 00:00:00+00:00,10,manta_ray
6.18705,-52.85221,2008-10-01 00:00:00+00:00,10,manta_ray
20.48,-105.59,2013-07-23 00:00:00+00:00,7,manta_ray
-1.21718,-90.42328,2001-12-06 00:00:00+00:00,12,manta_ray
5.102178,-52.208122,2017-10-04 00:00:00+00:00,10,manta_ray
6.17017,-52.33821,2008-09-29 00:00:00+00:00,9,manta_ray
6.22314,-52.84732,2008-10-01 00:00:00+00:00,10,manta_ray
6.21354,-52.84869,2008-10-01 00:00:00+00:00,10,manta_ray
-10.11211,-140.90132,2011-04-08 00:00:00+00:00,4,manta_ray
5.57797,-52.64912,2008-10-02 00:00:00+00:00,10,manta_ray
-20.760338,165.2323,2014-12-13 00:00:00+00:00,12,manta_ray
-19.761883,163.410932,2014-12-19 00:00:00+00:00,12,manta_ray
-0.23645,-90.57447,2007-04-26 00:00:00+00:00,4,manta_ray
-22.05688,40.96335,2010-01-24 00:00:00+00:00,1,manta_ray
6.54944,-52.79162,2008-10-01 00:00:00+00:00,10,manta_ray
-16.75121,41.76484,2010-01-25 00:00:00+00:00,1,manta_ray
6.020697,-53.576977,2017-10-06 00:00:00+00:00,10,manta_ray
-13.00068,44.89058,2009-12-14 00:00:00+00:00,12,manta_ray
-19.06586,-140.67499,2011-03-20 00:00:00+00:00,3,manta_ray
-11.94193,48.02935,2009-12-26 00:00:00+00:00,12,manta_ray
6.47771,-52.80883,2008-10-01 00:00:00+00:00,10,manta_ray
6.58526,-52.93699,2008-10-04 00:00:00+00:00,10,manta_ray
6.012227,-53.587388,2017-10-06 00:00:00+00:00,10,manta_ray
6.69721,-52.88996,2008-10-04 00:00:00+00:00,10,manta_ray
5.934955,-53.347147,2017-10-05 00:00:00+00:00,10,manta_ray
6.008685,-53.591537,2017-10-06 00:00:00+00:00,10,manta_ray
5.80524,-53.21967,2017-10-05 00:00:00+00:00,10,manta_ray
6.96956,-52.15857,2008-10-02 00:00:00+00:00,10,manta_ray
-9.19063,-139.32062,2011-04-05 00:00:00+00:00,4,manta_ray
5.876737,-53.275658,2017-10-05 00:00:00+00:00,10,manta_ray
19.2897928478,-110.9065566492,2016-02-15 00:00:00+00:00,2,manta_ray
-36.1561110643,175.0872704343,2024-02-06 00:00:00+00:00,2,manta_ray
6.13624,-52.85948,2008-10-01 00:00:00+00:00,10,manta_ray
5.53817,-52.574357,2017-10-05 00:00:00+00:00,10,manta_ray
-19.799903,163.480248,2014-12-16 00:00:00+00:00,12,manta_ray
5.585968,-52.608792,2017-10-02 00:00:00+00:00,10,manta_ray
-16.74486,-151.50606,2011-01-23 00:00:00+00:00,1,manta_ray
6.15319,-52.26879,2008-10-10 00:00:00+00:00,10,manta_ray
-21.102945,164.765682,2014-11-16 00:00:00+00:00,11,manta_ray
5.5645,-52.865693,2017-10-02 00:00:00+00:00,10,manta_ray
5.527487,-52.802787,2017-10-02 00:00:00+00:00,10,manta_ray
-9.49261,-140.2249,2011-04-05 00:00:00+00:00,4,manta_ray
-34.7165,173.0777,2019-11-14 00:00:00+00:00,11,manta_ray
5.533663,-52.812147,2017-10-01 00:00:00+00:00,10,manta_ray
6.041413,-53.553007,2017-10-06 00:00:00+00:00,10,manta_ray
5.510982,-52.784058,2017-10-02 00:00:00+00:00,10,manta_ray
-16.96579,43.38933,2010-02-07 00:00:00+00:00,2,manta_ray
-12.68629,47.91245,2009-12-26 00:00:00+00:00,12,manta_ray
6.067072,-52.982663,2017-10-06 00:00:00+00:00,10,manta_ray
-7.40058,-140.48775,2011-04-20 00:00:00+00:00,4,manta_ray
6.77124,-52.56571,2008-10-10 00:00:00+00:00,10,manta_ray
-22.66721,40.60268,2010-01-22 00:00:00+00:00,1,manta_ray
-8.99515,-140.3779,2011-04-27 00:00:00+00:00,4,manta_ray
6.5381,-52.8012,2008-10-01 00:00:00+00:00,10,manta_ray
-7.82287,-140.01419,2011-04-26 00:00:00+00:00,4,manta_ray
6.06666,-53.669407,2017-10-02 00:00:00+00:00,10,manta_ray
-0.26461,-91.37553,2010-02-27 00:00:00+00:00,2,manta_ray
5.297793,-52.537188,2017-09-26 00:00:00+00:00,9,manta_ray
5.659457,-52.967645,2017-09-26 00:00:00+00:00,9,manta_ray
5.1959,-52.30199,2008-10-08 00:00:00+00:00,10,manta_ray
6.21249,-52.84883,2008-10-01 00:00:00+00:00,10,manta_ray
-11.77955,-140.66519,2011-04-26 00:00:00+00:00,4,manta_ray
5.59967,-52.64485,2008-10-02 00:00:00+00:00,10,manta_ray
-18.68499,-150.45445,2011-03-08 00:00:00+00:00,3,manta_ray
-9.81268,-139.00851,2011-04-20 00:00:00+00:00,4,manta_ray
5.640938,-52.979557,2017-10-02 00:00:00+00:00,10,manta_ray
8.38119,-51.444,2008-10-02 00:00:00+00:00,10,manta_ray
-17.63274,-149.95364,2011-01-18 00:00:00+00:00,1,manta_ray
5.81076,-53.21355,2017-10-05 00:00:00+00:00,10,manta_ray
-20.588855,165.035913,2014-11-13 00:00:00+00:00,11,manta_ray
6.20403,-52.84999,2008-10-01 00:00:00+00:00,10,manta_ray
5.84698,-53.355703,2017-10-01 00:00:00+00:00,10,manta_ray
-22.750388,166.68854,2014-11-19 00:00:00+00:00,11,manta_ray
-8.74918,-140.38867,2011-04-27 00:00:00+00:00,4,manta_ray
-0.27971,-90.54489,2005-09-26 00:00:00+00:00,9,manta_ray
5.07046,-52.09921,2008-10-02 00:00:00+00:00,10,manta_ray
-20.792872,165.265992,2014-11-13 00:00:00+00:00,11,manta_ray
-11.21328,-141.13205,2011-04-29 00:00:00+00:00,4,manta_ray
4.981245,-52.179713,2017-10-04 00:00:00+00:00,10,manta_ray
-9.83526,-139.03839,2011-04-20 00:00:00+00:00,4,manta_ray
6.064758,-53.507465,2017-10-05 00:00:00+00:00,10,manta_ray
20.5878537457,-105.4475109741,2014-08-07 00:00:00+00:00,8,manta_ray
-8.96124,-139.57797,2011-04-27 00:00:00+00:00,4,manta_ray
4.91709,-51.955318,2017-09-29 00:00:00+00:00,9,manta_ray
-10.12596,-139.00635,2011-04-09 00:00:00+00:00,4,manta_ray
-9.68355,-140.73564,2011-04-08 00:00:00+00:00,4,manta_ray
5.8357,-53.223428,2017-10-05 00:00:00+00:00,10,manta_ray
-19.749067,163.356202,2014-12-19 00:00:00+00:00,12,manta_ray
5.889345,-53.29152,2017-10-05 00:00:00+00:00,10,manta_ray
6.47663,-52.809,2008-10-01 00:00:00+00:00,10,manta_ray
-14.12806,47.76028,2009-12-27 00:00:00+00:00,12,manta_ray
-19.93686,164.252658,2014-11-11 00:00:00+00:00,11,manta_ray
5.81136,-53.212868,2017-10-05 00:00:00+00:00,10,manta_ray
-22.96242,167.041915,2014-10-19 00:00:00+00:00,10,manta_ray
6.024525,-53.735228,2017-10-06 00:00:00+00:00,10,manta_ray
-5.40145,57.8345,2010-04-04 00:00:00+00:00,4,manta_ray
5.909885,-53.316595,2017-10-05 00:00:00+00:00,10,manta_ray
-17.61515,-149.85905,2011-03-12 00:00:00+00:00,3,manta_ray
-12.67327,46.70348,2009-12-15 00:00:00+00:00,12,manta_ray
6.13125,-52.53719,2008-10-02 00:00:00+00:00,10,manta_ray
6.18175,-52.85292,2008-10-01 00:00:00+00:00,10,manta_ray
15.77458,-23.19567,2015-06-23 00:00:00+00:00,6,manta_ray
5.886922,-53.288383,2017-10-05 00:00:00+00:00,10,manta_ray
-5.28515,57.85882,2010-03-29 00:00:00+00:00,3,manta_ray
6.81178,-52.73771,2008-10-04 00:00:00+00:00,10,manta_ray
5.108565,-52.20086,2017-10-04 00:00:00+00:00,10,manta_ray
-1.3996794705,-90.456947326,2019-07-15 00:00:00+00:00,7,manta_ray
-5.08284,53.15509,2010-03-31 00:00:00+00:00,3,manta_ray
5.110032,-52.199217,2017-10-04 00:00:00+00:00,10,manta_ray
5.785115,-53.16095,2017-10-05 00:00:00+00:00,10,manta_ray
-3.54,-80.63,2018-07-19 00:00:00+00:00,7,manta_ray
20.6,-105.6,2014-08-11 00:00:00+00:00,8,manta_ray
5.64656,-51.77958,2008-10-08 00:00:00+00:00,10,manta_ray
-18.27637,42.51069,2010-02-07 00:00:00+00:00,2,manta_ray
-17.02874,-142.6396,2011-02-14 00:00:00+00:00,2,manta_ray
5.31387,-52.43844,2008-10-10 00:00:00+00:00,10,manta_ray
5.900843,-53.305492,2017-10-05 00:00:00+00:00,10,manta_ray
5.934158,-53.071878,2017-10-05 00:00:00+00:00,10,manta_ray
-9.3649,-141.3222,2011-04-27 00:00:00+00:00,4,manta_ray
-16.60964,-153.4765,2011-01-26 00:00:00+00:00,1,manta_ray
-10.55925,-137.9998,2011-04-27 00:00:00+00:00,4,manta_ray
6.53754,-52.80353,2008-10-01 00:00:00+00:00,10,manta_ray
5.54063,-52.818063,2017-10-02 00:00:00+00:00,10,manta_ray
18.930501457,-112.6638404263,2025-02-01 00:00:00+00:00,2,manta_ray
-20.0793,163.746182,2014-12-11 00:00:00+00:00,12,manta_ray
-9.23916,-141.26506,2011-04-27 00:00:00+00:00,4,manta_ray
-17.47013,43.34823,2010-01-21 00:00:00+00:00,1,manta_ray
6.48699,-52.8561,2008-10-01 00:00:00+00:00,10,manta_ray
-4.84944,53.86351,2010-03-31 00:00:00+00:00,3,manta_ray
6.19342,-52.85135,2008-10-01 00:00:00+00:00,10,manta_ray
5.558713,-52.843652,2017-09-26 00:00:00+00:00,9,manta_ray
-15.74112,-150.69487,2011-04-11 00:00:00+00:00,4,manta_ray
-16.94852,41.98445,2010-02-08 00:00:00+00:00,2,manta_ray
5.158292,-52.31385,2017-09-30 00:00:00+00:00,9,manta_ray
19.237261764,-110.9847780239,2011-01-11 00:00:00+00:00,1,manta_ray
6.36457,-52.29663,2008-10-02 00:00:00+00:00,10,manta_ray
5.808182,-53.189338,2017-10-05 00:00:00+00:00,10,manta_ray
6.22948,-52.84645,2008-10-01 00:00:00+00:00,10,manta_ray
-8.97532,-140.23483,2011-04-27 00:00:00+00:00,4,manta_ray
-22.49389,43.18931,2010-01-30 00:00:00+00:00,1,manta_ray
5.04007,-52.145453,2017-10-04 00:00:00+00:00,10,manta_ray
-19.16741,162.494885,2014-11-17 00:00:00+00:00,11,manta_ray
-9.92544,-140.21317,2011-04-29 00:00:00+00:00,4,manta_ray
5.423265,-52.444992,2017-10-05 00:00:00+00:00,10,manta_ray
5.354605,-52.605552,2017-09-26 00:00:00+00:00,9,manta_ray
6.50021,-52.84251,2008-10-01 00:00:00+00:00,10,manta_ray
-5.84714,53.65773,2010-03-30 00:00:00+00:00,3,manta_ray
5.932653,-53.344383,2017-10-05 00:00:00+00:00,10,manta_ray
-17.89031,-150.53737,2011-01-25 00:00:00+00:00,1,manta_ray
-0.05167,-91.5588,2010-03-02 00:00:00+00:00,3,manta_ray
5.80371,-53.183833,2017-10-05 00:00:00+00:00,10,manta_ray
-12.26063,123.14957,2019-06-17 00:00:00+00:00,6,manta_ray
-12.15275,96.90341,2017-05-01 00:00:00+00:00,5,manta_ray
5.853537,-53.352082,2017-10-01 00:00:00+00:00,10,manta_ray
-0.570434307,130.6207163513,2019-03-27 00:00:00+00:00,3,manta_ray
6.17501,-53.71073,2017-10-02 00:00:00+00:00,10,manta_ray
-18.25978,-151.80553,2011-01-17 00:00:00+00:00,1,manta_ray
5.317115,-52.560457,2017-09-26 00:00:00+00:00,9,manta_ray
24.642367,-83.10295,2006-06-19 00:00:00+00:00,6,manta_ray
5.52921,-52.809473,2017-09-26 00:00:00+00:00,9,manta_ray
6.17328,-52.85395,2008-10-01 00:00:00+00:00,10,manta_ray
6.26198,-52.39573,2008-10-02 00:00:00+00:00,10,manta_ray
6.036593,-53.558408,2017-10-06 00:00:00+00:00,10,manta_ray
-18.532198,164.220508,2014-11-08 00:00:00+00:00,11,manta_ray
5.916118,-53.32429,2017-10-05 00:00:00+00:00,10,manta_ray
5.50262,-52.767498,2017-10-05 00:00:00+00:00,10,manta_ray
6.018663,-53.738565,2017-10-06 00:00:00+00:00,10,manta_ray
5.887983,-53.289788,2017-10-05 00:00:00+00:00,10,manta_ray
6.54635,-52.80847,2008-10-01 00:00:00+00:00,10,manta_ray
-17.68868,-149.87845,2011-03-12 00:00:00+00:00,3,manta_ray
6.40806,-52.81981,2008-10-01 00:00:00+00:00,10,manta_ray
-17.27035,-152.6158,2011-01-26 00:00:00+00:00,1,manta_ray
6.10351,-52.86476,2008-10-01 00:00:00+00:00,10,manta_ray
-10.3831,-140.20982,2011-04-13 00:00:00+00:00,4,manta_ray
5.55133,-52.65432,2008-10-02 00:00:00+00:00,10,manta_ray
5.886268,-53.126827,2017-10-05 00:00:00+00:00,10,manta_ray
18.78,-110.91,2014-04-08 00:00:00+00:00,4,manta_ray
-22.908343,166.628668,2014-10-19 00:00:00+00:00,10,manta_ray
-4.7758,55.71822,2010-03-27 00:00:00+00:00,3,manta_ray
5.72878,-52.93056,2008-10-01 00:00:00+00:00,10,manta_ray
-8.91821,-141.46791,2011-04-28 00:00:00+00:00,4,manta_ray
6.221,-52.84762,2008-10-01 00:00:00+00:00,10,manta_ray
6.38449,-52.82339,2008-10-01 00:00:00+00:00,10,manta_ray
