decimalLatitude,decimalLongitude,eventDate,month,species,sst
12.88333,123.6,2005-05-24 12:00:00+00:00,5,whale_shark,28.494321621626398
12.9333,123.533,2009-03-10 12:00:00+00:00,3,whale_shark,28.51596874092765
-21.9013,113.9015,2005-04-15 12:00:00+00:00,4,whale_shark,25.675786608329787
21.8467732571,-105.8858531853,2019-03-10 18:59:00+00:00,3,whale_shark,27.450065191434188
-23.0322,113.715,2008-05-01 12:00:00+00:00,5,whale_shark,25.036788672847557
16.1392,-86.9041,2005-02-09 12:00:00+00:00,2,whale_shark,28.382852796658298
-21.9013,113.9015,2004-05-20 12:00:00+00:00,5,whale_shark,25.675786608329787
-21.9013,113.9015,2003-05-23 12:00:00+00:00,5,whale_shark,25.675786608329787
-11.7582527001,143.9447315658,2024-10-25 02:10:13+00:00,10,whale_shark,27.425196264680277
-23.9736,35.5122,2006-03-02 12:00:00+00:00,3,whale_shark,25.938334449139674
12.9333,123.533,2009-01-25 12:00:00+00:00,1,whale_shark,28.51596874092765
-21.9013,113.9015,2009-06-09 12:00:00+00:00,6,whale_shark,25.675786608329787
24.2333586535,-110.5121484966,2017-11-20 17:10:00+00:00,11,whale_shark,25.62419959108303
12.9333,123.533,2009-01-21 12:00:00+00:00,1,whale_shark,28.51596874092765
12.9333,123.533,2008-03-29 12:00:00+00:00,3,whale_shark,28.51596874092765
12.91667,123.53333,2009-04-02 12:00:00+00:00,4,whale_shark,28.51596874092765
12.91667,123.53333,2009-03-24 12:00:00+00:00,3,whale_shark,28.51596874092765
-21.9013,113.9015,2007-06-11 12:00:00+00:00,6,whale_shark,25.675786608329787
-23.0322,113.715,2008-02-04 12:00:00+00:00,2,whale_shark,25.036788672847557
9.5195359969,123.2527437044,2023-11-11 02:52:03+00:00,11,whale_shark,29.08466877570812
-21.9013,113.9015,2003-06-20 12:00:00+00:00,6,whale_shark,25.675786608329787
-21.9013,113.9015,2008-06-15 12:00:00+00:00,6,whale_shark,25.675786608329787
12.9333,123.533,2005-04-22 12:00:00+00:00,4,whale_shark,28.51596874092765
11.0,72.5,1928-07-02 00:00:00+00:00,7,whale_shark,29.056636180448404
-21.9013,113.9015,2002-06-25 12:00:00+00:00,6,whale_shark,25.675786608329787
-21.9013,113.9015,2007-05-09 12:00:00+00:00,5,whale_shark,25.675786608329787
-21.9013,113.9015,2009-04-08 12:00:00+00:00,4,whale_shark,25.675786608329787
-23.0322,113.715,1999-06-02 12:00:00+00:00,6,whale_shark,25.036788672847557
-23.9736,35.5122,2006-10-18 12:00:00+00:00,10,whale_shark,25.938334449139674
-23.9736,35.5122,2009-02-17 12:00:00+00:00,2,whale_shark,25.938334449139674
12.9333,123.533,2008-04-08 12:00:00+00:00,4,whale_shark,28.51596874092765
-23.0322,113.715,2003-04-06 12:00:00+00:00,4,whale_shark,25.036788672847557
3.475,72.8375,2008-05-08 12:00:00+00:00,5,whale_shark,29.31232507431667
-21.9013,113.9015,2009-05-27 12:00:00+00:00,5,whale_shark,25.675786608329787
-23.9736,35.5122,2008-10-24 12:00:00+00:00,10,whale_shark,25.938334449139674
12.9333,123.533,2009-03-26 12:00:00+00:00,3,whale_shark,28.51596874092765
-23.9736,35.5122,2008-11-26 12:00:00+00:00,11,whale_shark,25.938334449139674
-23.9736,35.5122,2007-05-18 12:00:00+00:00,5,whale_shark,25.938334449139674
-21.9013,113.9015,2008-04-23 12:00:00+00:00,4,whale_shark,25.675786608329787
12.9333,123.533,2009-04-07 12:00:00+00:00,4,whale_shark,28.51596874092765
9.35,98.01667,2007-12-17 12:00:00+00:00,12,whale_shark,29.395040714741963
16.1309,-86.9209,2006-04-05 12:00:00+00:00,4,whale_shark,28.395094048781985
-10.88333,122.8,1995-12-16 12:00:00+00:00,12,whale_shark,28.663949411022987
21.55,-86.63333,2009-07-31 12:00:00+00:00,7,whale_shark,26.948283835644304
-21.9013,113.9015,2004-04-13 12:00:00+00:00,4,whale_shark,25.675786608329787
12.9333,123.533,2007-04-24 12:00:00+00:00,4,whale_shark,28.51596874092765
21.2418092084,-86.7199750533,2019-09-15 15:01:00+00:00,9,whale_shark,26.847570810455274
-23.9736,35.5122,2005-05-06 12:00:00+00:00,5,whale_shark,25.938334449139674
12.91667,123.53333,2009-03-15 12:00:00+00:00,3,whale_shark,28.51596874092765
24.2321108297,-110.3661850836,2006-07-06 17:02:00+00:00,7,whale_shark,25.64930513049388
-23.9736,35.5122,2006-02-17 12:00:00+00:00,2,whale_shark,25.938334449139674
-23.0322,113.715,2009-05-01 12:00:00+00:00,5,whale_shark,25.036788672847557
12.9333,123.533,2008-03-15 12:00:00+00:00,3,whale_shark,28.51596874092765
-23.0322,113.715,2002-06-19 12:00:00+00:00,6,whale_shark,25.036788672847557
29.0299971667,-113.5534366667,2025-09-28 16:49:29+00:00,9,whale_shark,22.445996863886577
-21.9013,113.9015,2005-04-21 12:00:00+00:00,4,whale_shark,25.675786608329787
7.68333,-81.6,2010-01-16 12:00:00+00:00,1,whale_shark,28.506512983810733
-23.9736,35.5122,2007-04-16 12:00:00+00:00,4,whale_shark,25.938334449139674
-21.9013,113.9015,2008-05-29 12:00:00+00:00,5,whale_shark,25.675786608329787
-23.9736,35.5122,2005-10-28 12:00:00+00:00,10,whale_shark,25.938334449139674
-23.0322,113.715,2009-04-02 12:00:00+00:00,4,whale_shark,25.036788672847557
-21.9013,113.9015,2007-06-21 12:00:00+00:00,6,whale_shark,25.675786608329787
-21.9013,113.9015,2008-05-20 12:00:00+00:00,5,whale_shark,25.675786608329787
-21.9013,113.9015,2009-04-24 12:00:00+00:00,4,whale_shark,25.675786608329787
16.09108,-86.84148,2005-02-16 12:00:00+00:00,2,whale_shark,28.369911366048147
-21.9013,113.9015,2003-05-25 12:00:00+00:00,5,whale_shark,25.675786608329787
16.1392,-86.9041,2006-05-28 12:00:00+00:00,5,whale_shark,28.382852796658298
-23.9736,35.5122,2005-11-27 12:00:00+00:00,11,whale_shark,25.938334449139674
1.37944,-91.81111,2003-06-16 00:00:00+00:00,6,whale_shark,26.092115092365773
28.9951072624,-113.5094255581,2024-06-26 20:20:54+00:00,6,whale_shark,22.417894165196273
-21.88333,113.93333,2001-05-01 12:00:00+00:00,5,whale_shark,25.55689110491427
12.91667,123.51667,2009-04-23 12:00:00+00:00,4,whale_shark,28.513830209574582
23.8803538707,58.3572094204,2025-06-03 06:01:00+00:00,6,whale_shark,28.2309258157083
27.78333,34.21667,2007-11-22 12:00:00+00:00,11,whale_shark,26.09119066385313
12.9333,123.533,2010-02-10 12:00:00+00:00,2,whale_shark,28.51596874092765
-21.9013,113.9015,2003-06-14 12:00:00+00:00,6,whale_shark,25.675786608329787
12.9333,123.533,2009-04-03 12:00:00+00:00,4,whale_shark,28.51596874092765
-23.0322,113.715,2008-04-19 12:00:00+00:00,4,whale_shark,25.036788672847557
21.55,-86.63333,2009-09-03 12:00:00+00:00,9,whale_shark,26.948283835644304
-21.9013,113.9015,2008-05-22 12:00:00+00:00,5,whale_shark,25.675786608329787
12.91667,123.51667,2009-05-09 12:00:00+00:00,5,whale_shark,28.513830209574582
-12.8870611472,45.3207654027,2015-09-03 18:39:00+00:00,9,whale_shark,27.996398181242906
-21.9013,113.9015,2002-04-06 12:00:00+00:00,4,whale_shark,25.675786608329787
12.9333,123.533,2008-04-09 12:00:00+00:00,4,whale_shark,28.51596874092765
-23.0322,113.715,1999-05-30 12:00:00+00:00,5,whale_shark,25.036788672847557
16.06952,-87.00471,2009-01-11 12:00:00+00:00,1,whale_shark,28.413114332513047
12.9333,123.533,2008-04-21 12:00:00+00:00,4,whale_shark,28.51596874092765
21.71667,-87.05,2002-08-27 12:00:00+00:00,8,whale_shark,26.829835167260512
-10.592632431,105.5704040442,2019-12-25 02:48:00+00:00,12,whale_shark,28.06112139303335
-23.9736,35.5122,2009-02-25 12:00:00+00:00,2,whale_shark,25.938334449139674
-23.0322,113.715,2005-04-06 12:00:00+00:00,4,whale_shark,25.036788672847557
-21.9013,113.9015,2009-05-29 12:00:00+00:00,5,whale_shark,25.675786608329787
28.9456383333,-113.554795,2022-08-22 00:09:22+00:00,8,whale_shark,22.345893079586965
12.9333,123.533,2006-04-18 12:00:00+00:00,4,whale_shark,28.51596874092765
12.9333,123.533,2009-04-02 12:00:00+00:00,4,whale_shark,28.51596874092765
12.9,123.53333,2009-04-10 12:00:00+00:00,4,whale_shark,28.48981481942721
-23.9736,35.5122,2006-11-16 12:00:00+00:00,11,whale_shark,25.938334449139674
-21.9013,113.9015,1999-04-22 12:00:00+00:00,4,whale_shark,25.675786608329787
-21.9013,113.9015,2003-05-29 12:00:00+00:00,5,whale_shark,25.675786608329787
-15.9200695177,-5.6368674599,2016-01-10 19:54:00+00:00,1,whale_shark,22.408189787483785
-7.8234078785,39.6869478993,2014-11-20 07:18:00+00:00,11,whale_shark,27.73071319203005
12.9333,123.533,2009-02-23 12:00:00+00:00,2,whale_shark,28.51596874092765
12.91667,123.53333,2009-04-13 12:00:00+00:00,4,whale_shark,28.51596874092765
12.9333,123.533,2009-05-01 12:00:00+00:00,5,whale_shark,28.51596874092765
12.9333,123.533,2010-02-22 12:00:00+00:00,2,whale_shark,28.51596874092765
-23.9736,35.5122,2006-01-02 12:00:00+00:00,1,whale_shark,25.938334449139674
12.9333,123.533,2009-03-06 12:00:00+00:00,3,whale_shark,28.51596874092765
-21.9013,113.9015,2002-06-26 12:00:00+00:00,6,whale_shark,25.675786608329787
12.9333,123.533,2009-03-29 12:00:00+00:00,3,whale_shark,28.51596874092765
24.1856968027,-110.3446457982,2019-11-13 16:40:00+00:00,11,whale_shark,25.649328184524276
-23.9736,35.5122,2008-10-20 12:00:00+00:00,10,whale_shark,25.938334449139674
12.9333,123.533,2009-03-17 12:00:00+00:00,3,whale_shark,28.51596874092765
-23.0322,113.715,2009-04-29 12:00:00+00:00,4,whale_shark,25.036788672847557
-21.9013,113.9015,2007-04-27 12:00:00+00:00,4,whale_shark,25.675786608329787
-21.9013,113.9015,2003-04-10 12:00:00+00:00,4,whale_shark,25.675786608329787
12.9333,123.533,2010-02-07 12:00:00+00:00,2,whale_shark,28.51596874092765
-23.0322,113.715,2002-05-24 12:00:00+00:00,5,whale_shark,25.036788672847557
-21.9013,113.9015,2005-05-09 12:00:00+00:00,5,whale_shark,25.675786608329787
-23.0322,113.715,2009-06-01 12:00:00+00:00,6,whale_shark,25.036788672847557
-21.9013,113.9015,2005-06-24 12:00:00+00:00,6,whale_shark,25.675786608329787
-22.83628,113.6976,1999-04-28 12:00:00+00:00,4,whale_shark,25.064461092996922
-21.9013,113.9015,2007-06-04 12:00:00+00:00,6,whale_shark,25.675786608329787
-23.0322,113.715,2008-04-29 12:00:00+00:00,4,whale_shark,25.036788672847557
-21.9013,113.9015,2001-05-26 12:00:00+00:00,5,whale_shark,25.675786608329787
-21.9013,113.9015,2009-04-04 12:00:00+00:00,4,whale_shark,25.675786608329787
16.13507,-86.88602,2006-03-26 12:00:00+00:00,3,whale_shark,28.382852796658298
12.9333,123.533,2007-04-21 12:00:00+00:00,4,whale_shark,28.51596874092765
23.83861,57.96861,2008-10-04 12:00:00+00:00,10,whale_shark,28.32056280511011
-23.9736,35.5122,2005-11-23 12:00:00+00:00,11,whale_shark,25.938334449139674
-2.5570498433,135.4727617377,2012-07-14 12:16:00+00:00,7,whale_shark,29.740458751123903
-21.96667,113.9,2009-05-27 12:00:00+00:00,5,whale_shark,25.518224411162183
-21.9013,113.9015,2009-04-12 12:00:00+00:00,4,whale_shark,25.675786608329787
12.93028,123.54278,2007-05-04 12:00:00+00:00,5,whale_shark,28.51596874092765
30.38333,-87.23333,2008-08-01 12:00:00+00:00,8,whale_shark,23.126168567518576
3.9169256522,73.5071884625,2013-11-12 04:20:35+00:00,11,whale_shark,29.173079101735905
-21.9013,113.9015,2004-05-19 12:00:00+00:00,5,whale_shark,25.675786608329787
12.9333,123.533,2009-12-08 12:00:00+00:00,12,whale_shark,28.51596874092765
-21.9013,113.9015,2006-06-22 12:00:00+00:00,6,whale_shark,25.675786608329787
16.1392,-86.9041,2006-06-07 12:00:00+00:00,6,whale_shark,28.382852796658298
12.9333,123.533,2008-05-05 12:00:00+00:00,5,whale_shark,28.51596874092765
-8.2782336028,127.1115441418,2025-04-16 01:44:00+00:00,4,whale_shark,28.831730592625714
-21.9013,113.9015,2005-05-31 12:00:00+00:00,5,whale_shark,25.675786608329787
-23.9736,35.5122,2008-11-29 12:00:00+00:00,11,whale_shark,25.938334449139674
12.9333,123.533,2008-04-05 12:00:00+00:00,4,whale_shark,28.51596874092765
-23.9736,35.5122,2009-02-14 12:00:00+00:00,2,whale_shark,25.938334449139674
-23.9736,35.5122,2007-03-11 12:00:00+00:00,3,whale_shark,25.938334449139674
12.9333,123.533,2009-03-04 12:00:00+00:00,3,whale_shark,28.51596874092765
-21.9013,113.9015,2004-06-19 12:00:00+00:00,6,whale_shark,25.675786608329787
27.40243,-89.872,2008-07-22 12:00:00+00:00,7,whale_shark,26.093812128745398
-23.9736,35.5122,2007-01-31 12:00:00+00:00,1,whale_shark,25.938334449139674
-21.9013,113.9015,2005-04-11 12:00:00+00:00,4,whale_shark,25.675786608329787
12.9333,123.533,2009-04-06 12:00:00+00:00,4,whale_shark,28.51596874092765
-21.8964,113.93288,1996-04-05 12:00:00+00:00,4,whale_shark,25.55689110491427
24.2915402859,-110.5954859448,2017-01-16 01:09:00+00:00,1,whale_shark,25.56332790001602
12.9333,123.533,2008-03-24 12:00:00+00:00,3,whale_shark,28.51596874092765
-21.9013,113.9015,2005-06-26 12:00:00+00:00,6,whale_shark,25.675786608329787
12.9333,123.533,2007-04-20 12:00:00+00:00,4,whale_shark,28.51596874092765
-21.9013,113.9015,2004-06-25 12:00:00+00:00,6,whale_shark,25.675786608329787
-21.92462,113.91592,1996-03-28 12:00:00+00:00,3,whale_shark,25.49266998464337
20.0776942137,40.2414562927,2026-04-11 05:14:00+00:00,4,whale_shark,29.240728033644647
-21.9013,113.9015,2000-07-02 00:00:00+00:00,7,whale_shark,25.675786608329787
-21.9013,113.9015,2009-05-15 12:00:00+00:00,5,whale_shark,25.675786608329787
-21.9013,113.9015,2005-07-15 12:00:00+00:00,7,whale_shark,25.675786608329787
21.75,-87.13333,2005-07-10 12:00:00+00:00,7,whale_shark,26.646405665864318
21.3248845137,-86.7675066323,2018-07-08 14:16:51+00:00,7,whale_shark,26.907533951856312
25.30635,34.86325,2005-10-16 12:00:00+00:00,10,whale_shark,26.387317617111602
12.9333,123.533,2008-05-06 12:00:00+00:00,5,whale_shark,28.51596874092765
-23.9736,35.5122,2003-11-23 12:00:00+00:00,11,whale_shark,25.938334449139674
-23.86794,35.39028,2005-05-15 12:00:00+00:00,5,whale_shark,25.90361441849079
24.3259068129,-110.5674284945,2019-11-02 11:38:58+00:00,11,whale_shark,25.538658559153838
-21.9013,113.9015,2009-06-25 12:00:00+00:00,6,whale_shark,25.675786608329787
19.0119043,-112.0670123,2018-06-30 16:03:00+00:00,6,whale_shark,26.02291329894616
-21.9013,113.9015,2003-05-10 12:00:00+00:00,5,whale_shark,25.675786608329787
21.2374557747,-86.2346875371,2025-07-20 16:03:00+00:00,7,whale_shark,28.156893578866352
-21.9013,113.9015,2009-04-25 12:00:00+00:00,4,whale_shark,25.675786608329787
12.9333,123.533,2009-04-21 12:00:00+00:00,4,whale_shark,28.51596874092765
12.9333,123.533,2006-05-03 12:00:00+00:00,5,whale_shark,28.51596874092765
3.6998076536,9.3370340665,2020-10-23 12:44:00+00:00,10,whale_shark,28.173783992210506
-23.9736,35.5122,2007-04-24 12:00:00+00:00,4,whale_shark,25.938334449139674
-21.9013,113.9015,2006-04-29 12:00:00+00:00,4,whale_shark,25.675786608329787
12.9333,123.533,2006-04-16 00:00:00+00:00,4,whale_shark,28.51596874092765
-23.0322,113.715,2003-05-10 12:00:00+00:00,5,whale_shark,25.036788672847557
-22.8195720577,113.6942797707,2019-06-14 05:35:03+00:00,6,whale_shark,25.064461092996922
12.0,123.0,2009-04-10 12:00:00+00:00,4,whale_shark,28.77683328773736
16.153175188,-95.2145529538,2022-11-16 14:52:36+00:00,11,whale_shark,28.62657947948286
25.6676609039,-111.1693415368,2016-02-16 19:58:00+00:00,2,whale_shark,24.765922735889042
12.9333,123.533,2010-02-26 12:00:00+00:00,2,whale_shark,28.51596874092765
6.2119773496,-77.5804529815,2025-04-16 20:32:00+00:00,4,whale_shark,27.543526330161583
-23.9736,35.5122,2005-10-23 12:00:00+00:00,10,whale_shark,25.938334449139674
12.9,123.58334,2009-04-09 12:00:00+00:00,4,whale_shark,28.494321621626398
-21.9013,113.9015,2008-06-19 12:00:00+00:00,6,whale_shark,25.675786608329787
12.9333,123.533,2008-02-03 12:00:00+00:00,2,whale_shark,28.51596874092765
12.9333,123.533,2010-02-19 12:00:00+00:00,2,whale_shark,28.51596874092765
-21.9013,113.9015,2007-07-04 12:00:00+00:00,7,whale_shark,25.675786608329787
-23.0322,113.715,2007-04-02 12:00:00+00:00,4,whale_shark,25.036788672847557
12.9333,123.533,2008-03-10 12:00:00+00:00,3,whale_shark,28.51596874092765
-23.0322,113.715,2003-03-31 12:00:00+00:00,3,whale_shark,25.036788672847557
-23.9736,35.5122,2008-03-06 12:00:00+00:00,3,whale_shark,25.938334449139674
21.5249414381,-86.6193068248,2017-07-31 15:49:00+00:00,7,whale_shark,26.948283835644304
-21.9013,113.9015,2004-05-06 12:00:00+00:00,5,whale_shark,25.675786608329787
3.9519403291,72.8784001376,2022-11-16 11:21:00+00:00,11,whale_shark,29.354017174972203
-23.9736,35.5122,2008-10-27 12:00:00+00:00,10,whale_shark,25.938334449139674
-23.9736,35.5122,2007-06-17 12:00:00+00:00,6,whale_shark,25.938334449139674
-21.8458,113.96665,2007-04-27 12:00:00+00:00,4,whale_shark,25.432449616410796
12.92667,123.54222,2008-02-03 12:00:00+00:00,2,whale_shark,28.51596874092765
-23.9736,35.5122,2009-07-04 12:00:00+00:00,7,whale_shark,25.938334449139674
-23.9736,35.5122,2005-11-19 12:00:00+00:00,11,whale_shark,25.938334449139674
-19.30445,147.62222,2009-01-03 12:00:00+00:00,1,whale_shark,25.933149342408186
29.0420021234,-113.4349990136,2018-10-18 15:40:00+00:00,10,whale_shark,22.484357582666686
-21.9013,113.9015,2003-05-01 12:00:00+00:00,5,whale_shark,25.675786608329787
-21.9013,113.9015,2004-05-22 12:00:00+00:00,5,whale_shark,25.675786608329787
-21.9013,113.9015,2003-06-11 12:00:00+00:00,6,whale_shark,25.675786608329787
-21.9013,113.9015,2009-05-21 12:00:00+00:00,5,whale_shark,25.675786608329787
-4.3734053015,55.9061451659,2026-05-11 00:12:38+00:00,5,whale_shark,28.43384074056652
-21.9013,113.9015,2006-05-06 12:00:00+00:00,5,whale_shark,25.675786608329787
-21.6155430351,113.6708608951,2020-07-22 12:01:00+00:00,7,whale_shark,26.07804236023627
12.9333,123.533,2009-05-16 12:00:00+00:00,5,whale_shark,28.51596874092765
-21.9427973047,113.8954898384,2024-07-09 04:54:46+00:00,7,whale_shark,25.5942481337035
-21.9013,113.9015,2005-05-11 12:00:00+00:00,5,whale_shark,25.675786608329787
21.58333,-86.68333,2009-06-12 12:00:00+00:00,6,whale_shark,26.90678618430672
-21.9013,113.9015,2008-04-21 12:00:00+00:00,4,whale_shark,25.675786608329787
-21.96027,113.9108,2007-06-09 12:00:00+00:00,6,whale_shark,25.518224411162183
-21.9013,113.9015,2008-06-14 12:00:00+00:00,6,whale_shark,25.675786608329787
-21.9013,113.9015,2004-04-16 12:00:00+00:00,4,whale_shark,25.675786608329787
12.9333,123.533,2009-04-04 12:00:00+00:00,4,whale_shark,28.51596874092765
-21.9013,113.9015,2009-05-03 12:00:00+00:00,5,whale_shark,25.675786608329787
21.5727483424,-86.9009908399,2019-07-06 08:55:04+00:00,7,whale_shark,26.84802360428226
-21.9013,113.9015,2008-07-27 12:00:00+00:00,7,whale_shark,25.675786608329787
19.6162410853,-156.1509107069,2021-12-01 08:43:38+00:00,12,whale_shark,25.954425877466253
-21.9013,113.9015,2003-06-01 12:00:00+00:00,6,whale_shark,25.675786608329787
-21.9013,113.9015,2009-06-06 12:00:00+00:00,6,whale_shark,25.675786608329787
-23.9736,35.5122,2005-11-21 12:00:00+00:00,11,whale_shark,25.938334449139674
-21.9013,113.9015,2007-05-12 12:00:00+00:00,5,whale_shark,25.675786608329787
-21.9013,113.9015,2005-05-22 12:00:00+00:00,5,whale_shark,25.675786608329787
-21.9013,113.9015,2006-05-11 12:00:00+00:00,5,whale_shark,25.675786608329787
12.9333,123.533,2009-03-23 12:00:00+00:00,3,whale_shark,28.51596874092765
12.9333,123.533,2008-03-25 12:00:00+00:00,3,whale_shark,28.51596874092765
-23.9736,35.5122,2006-11-29 12:00:00+00:00,11,whale_shark,25.938334449139674
-21.9013,113.9015,2006-05-25 12:00:00+00:00,5,whale_shark,25.675786608329787
-23.0322,113.715,2007-05-29 12:00:00+00:00,5,whale_shark,25.036788672847557
16.5,-87.96667,2009-04-14 12:00:00+00:00,4,whale_shark,28.480470372025795
-21.9013,113.9015,2008-04-09 12:00:00+00:00,4,whale_shark,25.675786608329787
9.531595178,123.2562225787,2025-07-05 19:04:00+00:00,7,whale_shark,29.08466877570812
12.9333,123.533,2009-05-08 12:00:00+00:00,5,whale_shark,28.51596874092765
12.9333,123.533,2008-03-09 12:00:00+00:00,3,whale_shark,28.51596874092765
-4.7245492769,55.3127061843,2024-08-29 07:54:00+00:00,8,whale_shark,28.349992850151256
12.9333,123.533,2007-05-23 12:00:00+00:00,5,whale_shark,28.51596874092765
-22.84722,113.725,2008-04-16 12:00:00+00:00,4,whale_shark,24.81780414213138
3.49167,72.9,2008-04-24 12:00:00+00:00,4,whale_shark,29.29275481614929
-23.9736,35.5122,2006-02-16 12:00:00+00:00,2,whale_shark,25.938334449139674
-23.9736,35.5122,2005-12-17 12:00:00+00:00,12,whale_shark,25.938334449139674
-21.9013,113.9015,2009-04-21 12:00:00+00:00,4,whale_shark,25.675786608329787
9.93333,99.98333,2007-06-27 12:00:00+00:00,6,whale_shark,29.30902393925889
16.1392,-86.9041,2007-04-21 12:00:00+00:00,4,whale_shark,28.382852796658298
-21.7201096268,113.9634173497,2017-07-21 05:36:00+00:00,7,whale_shark,25.97264399232692
9.5196560765,124.0398795315,2022-08-11 12:09:33+00:00,8,whale_shark,28.91101353820437
24.1795222361,-110.355508109,2022-03-25 09:54:38+00:00,3,whale_shark,25.649328184524276
3.5282381713,72.8785422699,2021-07-27 05:22:00+00:00,7,whale_shark,29.303136836517922
16.13215,-86.86355,2005-04-11 12:00:00+00:00,4,whale_shark,28.382852796658298
-8.1679115869,118.7855706896,2020-11-10 22:07:50+00:00,11,whale_shark,28.827354172532672
-21.9013,113.9015,2009-06-16 00:00:00+00:00,6,whale_shark,25.675786608329787
-7.76667,113.26667,2010-02-10 12:00:00+00:00,2,whale_shark,29.228524423644483
-21.92377,113.9226,1996-04-28 12:00:00+00:00,4,whale_shark,25.49266998464337
-23.0322,113.715,2009-04-07 12:00:00+00:00,4,whale_shark,25.036788672847557
-22.00142,113.89848,1997-04-27 12:00:00+00:00,4,whale_shark,25.518224411162183
12.6528806595,121.6156155872,2024-08-24 10:01:27+00:00,8,whale_shark,28.824853443750772
21.73333,-87.08334,2004-08-11 12:00:00+00:00,8,whale_shark,26.694487773479374
-21.9614,113.90745,2005-07-01 12:00:00+00:00,7,whale_shark,25.518224411162183
12.9333,123.533,2008-04-06 12:00:00+00:00,4,whale_shark,28.51596874092765
12.9333,123.533,2006-04-10 12:00:00+00:00,4,whale_shark,28.51596874092765
-21.9013,113.9015,2003-05-06 12:00:00+00:00,5,whale_shark,25.675786608329787
-23.0322,113.715,2001-04-01 12:00:00+00:00,4,whale_shark,25.036788672847557
12.9333,123.533,2008-04-25 12:00:00+00:00,4,whale_shark,28.51596874092765
12.9333,123.533,2008-04-26 12:00:00+00:00,4,whale_shark,28.51596874092765
20.69306,-156.55083,2009-01-05 12:00:00+00:00,1,whale_shark,25.58516410882335
-21.9013,113.9015,2008-04-24 12:00:00+00:00,4,whale_shark,25.675786608329787
-23.0322,113.715,2009-04-21 12:00:00+00:00,4,whale_shark,25.036788672847557
-8.1331152455,117.594545538,2023-06-28 22:34:00+00:00,6,whale_shark,28.98127116471229
-23.9736,35.5122,2006-10-15 12:00:00+00:00,10,whale_shark,25.938334449139674
12.9333,123.533,2007-04-22 12:00:00+00:00,4,whale_shark,28.51596874092765
-23.0322,113.715,2009-04-06 12:00:00+00:00,4,whale_shark,25.036788672847557
12.9333,123.533,2008-04-10 12:00:00+00:00,4,whale_shark,28.51596874092765
-23.9736,35.5122,2008-02-27 12:00:00+00:00,2,whale_shark,25.938334449139674
-21.9013,113.9015,2008-04-07 12:00:00+00:00,4,whale_shark,25.675786608329787
-23.0322,113.715,2008-06-01 12:00:00+00:00,6,whale_shark,25.036788672847557
12.9333,123.533,2009-03-19 12:00:00+00:00,3,whale_shark,28.51596874092765
-21.9013,113.9015,2004-04-25 12:00:00+00:00,4,whale_shark,25.675786608329787
-28.015,-95.875,2006-06-10 12:00:00+00:00,6,whale_shark,21.102288277804654
-23.9736,35.5122,2008-09-23 12:00:00+00:00,9,whale_shark,25.938334449139674
-21.9013,113.9015,2005-05-14 12:00:00+00:00,5,whale_shark,25.675786608329787
21.4400116774,-86.8531434121,2017-08-01 15:58:00+00:00,8,whale_shark,27.019370899812337
-21.8362505848,113.8227944189,2016-07-20 05:20:00+00:00,7,whale_shark,25.84399745523028
-23.0322,113.715,2007-03-25 12:00:00+00:00,3,whale_shark,25.036788672847557
-23.0322,113.715,2008-04-13 12:00:00+00:00,4,whale_shark,25.036788672847557
12.92417,123.56277,2007-06-05 12:00:00+00:00,6,whale_shark,28.51596874092765
-21.9013,113.9015,2004-05-13 12:00:00+00:00,5,whale_shark,25.675786608329787
16.06355,-86.82037,2005-02-13 12:00:00+00:00,2,whale_shark,28.369911366048147
-21.9013,113.9015,2005-06-27 12:00:00+00:00,6,whale_shark,25.675786608329787
-21.9013,113.9015,2008-05-08 12:00:00+00:00,5,whale_shark,25.675786608329787
-21.9013,113.9015,2009-06-24 12:00:00+00:00,6,whale_shark,25.675786608329787
-21.9013,113.9015,2007-06-18 12:00:00+00:00,6,whale_shark,25.675786608329787
-21.9013,113.9015,2009-05-01 12:00:00+00:00,5,whale_shark,25.675786608329787
-21.9013,113.9015,2006-06-14 12:00:00+00:00,6,whale_shark,25.675786608329787
-21.9013,113.9015,2009-05-25 12:00:00+00:00,5,whale_shark,25.675786608329787
-23.9736,35.5122,2005-05-14 12:00:00+00:00,5,whale_shark,25.938334449139674
-21.9013,113.9015,2009-04-16 12:00:00+00:00,4,whale_shark,25.675786608329787
12.9333,123.533,2009-05-04 12:00:00+00:00,5,whale_shark,28.51596874092765
-23.9736,35.5122,2006-09-28 12:00:00+00:00,9,whale_shark,25.938334449139674
-21.9013,113.9015,2009-06-02 12:00:00+00:00,6,whale_shark,25.675786608329787
-23.9736,35.5122,2006-02-09 12:00:00+00:00,2,whale_shark,25.938334449139674
24.1769451349,-110.3776969869,2019-02-27 04:46:23+00:00,2,whale_shark,25.642381874033553
3.47272,72.79905,2006-04-21 12:00:00+00:00,4,whale_shark,29.319521372620514
-23.9736,35.5122,2005-12-03 12:00:00+00:00,12,whale_shark,25.938334449139674
-21.95,113.9,2009-05-15 12:00:00+00:00,5,whale_shark,25.5942481337035
12.9333,123.533,2007-05-09 12:00:00+00:00,5,whale_shark,28.51596874092765
16.6756913955,-87.9322332944,2013-05-27 21:27:00+00:00,5,whale_shark,28.405567697413886
-23.9736,35.5122,2007-06-05 12:00:00+00:00,6,whale_shark,25.938334449139674
-23.0322,113.715,2007-05-17 12:00:00+00:00,5,whale_shark,25.036788672847557
-21.96258,113.90678,2007-05-17 12:00:00+00:00,5,whale_shark,25.518224411162183
-23.9736,35.5122,2005-10-31 12:00:00+00:00,10,whale_shark,25.938334449139674
-23.0322,113.715,2009-04-12 12:00:00+00:00,4,whale_shark,25.036788672847557
-21.9013,113.9015,2000-05-08 12:00:00+00:00,5,whale_shark,25.675786608329787
-21.9013,113.9015,2006-05-02 12:00:00+00:00,5,whale_shark,25.675786608329787
-23.86889,35.55611,2008-09-11 12:00:00+00:00,9,whale_shark,26.01075613941009
-21.9013,113.9015,2006-06-07 12:00:00+00:00,6,whale_shark,25.675786608329787
21.46667,-86.71667,2009-01-16 12:00:00+00:00,1,whale_shark,26.88642940954923
-23.9736,35.5122,2008-04-10 12:00:00+00:00,4,whale_shark,25.938334449139674
-21.9013,113.9015,2001-05-18 12:00:00+00:00,5,whale_shark,25.675786608329787
12.91667,123.51667,2009-05-13 12:00:00+00:00,5,whale_shark,28.513830209574582
4.5048671886,118.9905312005,2023-06-15 11:11:00+00:00,6,whale_shark,29.38557488702476
12.92611,123.56223,2007-06-05 12:00:00+00:00,6,whale_shark,28.51596874092765
12.9333,123.533,2009-02-08 12:00:00+00:00,2,whale_shark,28.51596874092765
-21.91667,113.9,2001-05-09 12:00:00+00:00,5,whale_shark,25.5942481337035
12.91667,123.53333,2009-05-14 12:00:00+00:00,5,whale_shark,28.51596874092765
-21.9013,113.9015,2004-06-28 12:00:00+00:00,6,whale_shark,25.675786608329787
12.9333,123.533,2008-04-19 12:00:00+00:00,4,whale_shark,28.51596874092765
3.46667,72.81667,2005-07-22 12:00:00+00:00,7,whale_shark,29.31232507431667
-23.0322,113.715,2003-05-11 12:00:00+00:00,5,whale_shark,25.036788672847557
16.1392,-86.9041,2009-03-24 12:00:00+00:00,3,whale_shark,28.382852796658298
24.3104408126,-110.5074198652,2026-01-24 08:11:58+00:00,1,whale_shark,25.572283847612994
16.1392,-86.9041,2005-05-02 12:00:00+00:00,5,whale_shark,28.382852796658298
1.61667,-92.0,2007-07-10 12:00:00+00:00,7,whale_shark,26.355985263796597
-21.9013,113.9015,2008-06-21 12:00:00+00:00,6,whale_shark,25.675786608329787
26.9303818852,33.9578885806,2023-11-14 13:43:00+00:00,11,whale_shark,26.047167551345524
-21.9013,113.9015,1998-04-13 12:00:00+00:00,4,whale_shark,25.675786608329787
12.9333,123.533,2008-03-08 12:00:00+00:00,3,whale_shark,28.51596874092765
-21.9013,113.9015,2008-07-25 12:00:00+00:00,7,whale_shark,25.675786608329787
-21.9013,113.9015,2005-05-21 12:00:00+00:00,5,whale_shark,25.675786608329787
24.1773851485,-110.3624402952,2024-12-05 18:20:14+00:00,12,whale_shark,25.649328184524276
-22.00692,113.89989,2008-05-13 12:00:00+00:00,5,whale_shark,25.481995822091463
9.5222813998,123.5366850863,2023-07-06 07:27:00+00:00,7,whale_shark,29.023137972719766
-23.9736,35.5122,2006-02-12 12:00:00+00:00,2,whale_shark,25.938334449139674
-23.0322,113.715,2005-04-14 12:00:00+00:00,4,whale_shark,25.036788672847557
12.9333,123.533,2008-04-29 12:00:00+00:00,4,whale_shark,28.51596874092765
12.9333,123.533,2007-04-19 12:00:00+00:00,4,whale_shark,28.51596874092765
16.1392,-86.9041,2007-03-21 12:00:00+00:00,3,whale_shark,28.382852796658298
-21.96892,113.90822,1996-04-14 12:00:00+00:00,4,whale_shark,25.518224411162183
-21.9013,113.9015,2008-05-30 12:00:00+00:00,5,whale_shark,25.675786608329787
-22.91915,113.76072,2003-04-14 12:00:00+00:00,4,whale_shark,24.851474916771043
30.01667,-85.7,2009-08-08 12:00:00+00:00,8,whale_shark,23.39661907731211
21.7100493926,-87.2920956726,2025-09-11 17:51:31+00:00,9,whale_shark,26.56072185211341
-22.3,113.75,2009-05-05 12:00:00+00:00,5,whale_shark,25.553285345766433
9.3637,97.98362,2007-03-01 12:00:00+00:00,3,whale_shark,29.37400616602231
12.91667,123.53333,2009-03-29 12:00:00+00:00,3,whale_shark,28.51596874092765
-23.9736,35.5122,2006-12-28 12:00:00+00:00,12,whale_shark,25.938334449139674
3.46728,72.82143,2006-05-14 12:00:00+00:00,5,whale_shark,29.31232507431667
-21.9013,113.9015,2005-05-28 12:00:00+00:00,5,whale_shark,25.675786608329787
16.1392,-86.9041,2007-04-17 12:00:00+00:00,4,whale_shark,28.382852796658298
-21.9013,113.9015,2008-04-11 12:00:00+00:00,4,whale_shark,25.675786608329787
12.93333,123.53333,2009-03-21 12:00:00+00:00,3,whale_shark,28.51596874092765
-23.0322,113.715,2008-05-23 12:00:00+00:00,5,whale_shark,25.036788672847557
12.9333,123.533,2005-04-15 12:00:00+00:00,4,whale_shark,28.51596874092765
3.46678,72.81944,2007-04-30 12:00:00+00:00,4,whale_shark,29.31232507431667
-21.9013,113.9015,2009-04-14 12:00:00+00:00,4,whale_shark,25.675786608329787
-13.4135880212,48.0940352674,2025-10-12 13:23:18+00:00,10,whale_shark,28.39602024831581
12.9333,123.533,2009-03-01 12:00:00+00:00,3,whale_shark,28.51596874092765
12.9333,123.533,2008-05-01 12:00:00+00:00,5,whale_shark,28.51596874092765
-23.9736,35.5122,2009-04-27 12:00:00+00:00,4,whale_shark,25.938334449139674
12.9333,123.533,2008-05-19 12:00:00+00:00,5,whale_shark,28.51596874092765
12.9333,123.533,2008-05-08 12:00:00+00:00,5,whale_shark,28.51596874092765
12.91667,123.51667,2009-03-18 12:00:00+00:00,3,whale_shark,28.513830209574582
3.3476736835,73.2882058976,2008-09-16 06:13:00+00:00,9,whale_shark,29.284408623904117
12.9333,123.533,2008-03-22 12:00:00+00:00,3,whale_shark,28.51596874092765
-23.9736,35.5122,2006-02-11 12:00:00+00:00,2,whale_shark,25.938334449139674
25.12929458,-112.1791342212,2020-03-17 17:05:00+00:00,3,whale_shark,22.605255002402803
12.9333,123.533,2006-04-28 12:00:00+00:00,4,whale_shark,28.51596874092765
12.9333,123.533,2006-04-12 12:00:00+00:00,4,whale_shark,28.51596874092765
12.9333,123.533,2009-06-02 12:00:00+00:00,6,whale_shark,28.51596874092765
3.47152,72.79775,2006-05-12 12:00:00+00:00,5,whale_shark,29.319521372620514
-21.9013,113.9015,2002-05-28 12:00:00+00:00,5,whale_shark,25.675786608329787
-21.9013,113.9015,2003-04-30 12:00:00+00:00,4,whale_shark,25.675786608329787
12.9333,123.533,2009-04-05 12:00:00+00:00,4,whale_shark,28.51596874092765
-21.96802,113.90182,2007-06-13 12:00:00+00:00,6,whale_shark,25.518224411162183
16.0126864624,-86.9955374459,2006-11-14 14:58:30+00:00,11,whale_shark,28.375274766974822
16.1392,-86.9041,2009-03-20 12:00:00+00:00,3,whale_shark,28.382852796658298
9.99912,99.77917,2005-08-27 12:00:00+00:00,8,whale_shark,29.289152892863246
12.9333,123.533,2009-04-23 12:00:00+00:00,4,whale_shark,28.51596874092765
16.12828,-86.85315,2008-02-27 12:00:00+00:00,2,whale_shark,28.373788451165574
-21.9013,113.9015,2005-06-01 12:00:00+00:00,6,whale_shark,25.675786608329787
-21.89365,113.93072,2007-04-29 12:00:00+00:00,4,whale_shark,25.55689110491427
12.9333,123.533,2009-04-09 12:00:00+00:00,4,whale_shark,28.51596874092765
9.4075036587,123.2937547883,2024-07-25 09:06:00+00:00,7,whale_shark,29.074202022079895
24.1774533333,-110.3544166667,2018-02-20 21:24:00+00:00,2,whale_shark,25.649328184524276
12.9333,123.533,2006-04-01 12:00:00+00:00,4,whale_shark,28.51596874092765
-21.9013,113.9015,2004-05-16 12:00:00+00:00,5,whale_shark,25.675786608329787
21.7751676776,-86.7343315847,2023-06-20 20:19:18+00:00,6,whale_shark,26.96813721313976
12.9333,123.533,2009-06-01 12:00:00+00:00,6,whale_shark,28.51596874092765
-23.0322,113.715,2008-05-22 12:00:00+00:00,5,whale_shark,25.036788672847557
12.9333,123.533,2009-02-24 12:00:00+00:00,2,whale_shark,28.51596874092765
12.93333,123.53333,2009-04-10 12:00:00+00:00,4,whale_shark,28.51596874092765
12.9333,123.533,2008-04-14 12:00:00+00:00,4,whale_shark,28.51596874092765
-22.04888,113.88148,2008-06-19 12:00:00+00:00,6,whale_shark,25.481995822091463
7.7334767537,-81.6925417688,2019-02-03 05:34:31+00:00,2,whale_shark,28.583939753433878
16.1392,-86.9041,2004-02-14 12:00:00+00:00,2,whale_shark,28.382852796658298
-21.9013,113.9015,1992-04-16 00:00:00+00:00,4,whale_shark,25.675786608329787
12.9333,123.533,2008-03-21 12:00:00+00:00,3,whale_shark,28.51596874092765
-12.23333,122.86667,1996-12-12 12:00:00+00:00,12,whale_shark,28.82885036012112
16.1392,-86.9041,2005-04-27 12:00:00+00:00,4,whale_shark,28.382852796658298
3.47222,72.84084,2008-02-03 12:00:00+00:00,2,whale_shark,29.31232507431667
-21.90352,113.90993,2005-04-17 12:00:00+00:00,4,whale_shark,25.675786608329787
-21.9013,113.9015,2006-05-16 12:00:00+00:00,5,whale_shark,25.675786608329787
-23.9736,35.5122,2008-10-28 12:00:00+00:00,10,whale_shark,25.938334449139674
-23.0322,113.715,2008-05-29 12:00:00+00:00,5,whale_shark,25.036788672847557
-21.9013,113.9015,2006-04-18 12:00:00+00:00,4,whale_shark,25.675786608329787
-21.9753538992,113.9175982463,2012-07-23 14:22:00+00:00,7,whale_shark,25.442006821770466
16.13333,-86.93333,2009-03-16 12:00:00+00:00,3,whale_shark,28.395094048781985
21.6193658345,-87.28220803,2023-08-16 15:22:00+00:00,8,whale_shark,26.499654563582347
-0.22000397,-159.9204704762,2012-03-24 02:04:00+00:00,3,whale_shark,27.40411195131602
-23.9736,35.5122,2007-04-13 12:00:00+00:00,4,whale_shark,25.938334449139674
-23.0322,113.715,2008-05-10 12:00:00+00:00,5,whale_shark,25.036788672847557
-23.9736,35.5122,2006-12-01 12:00:00+00:00,12,whale_shark,25.938334449139674
12.9333,123.533,2008-04-18 12:00:00+00:00,4,whale_shark,28.51596874092765
12.9333,123.533,2006-04-19 12:00:00+00:00,4,whale_shark,28.51596874092765
-23.0322,113.715,2005-04-11 12:00:00+00:00,4,whale_shark,25.036788672847557
24.177780006,-110.3508133333,2024-11-28 17:27:00+00:00,11,whale_shark,25.649328184524276
-21.9013,113.9015,2006-06-15 12:00:00+00:00,6,whale_shark,25.675786608329787
39.4234985992,-71.9141742209,2023-08-14 15:53:00+00:00,8,whale_shark,17.847816841398302
16.1392,-86.9041,2009-09-16 12:00:00+00:00,9,whale_shark,28.382852796658298
-21.9013,113.9015,2005-06-25 12:00:00+00:00,6,whale_shark,25.675786608329787
-21.83508,113.88538,2007-05-19 12:00:00+00:00,5,whale_shark,25.758245833161038
-21.9013,113.9015,2004-03-16 12:00:00+00:00,3,whale_shark,25.675786608329787
-21.88333,113.94,1995-03-18 12:00:00+00:00,3,whale_shark,25.55689110491427
-23.0322,113.715,2003-06-11 12:00:00+00:00,6,whale_shark,25.036788672847557
-21.9013,113.9015,2002-05-15 12:00:00+00:00,5,whale_shark,25.675786608329787
-21.9852,113.90642,1996-04-08 12:00:00+00:00,4,whale_shark,25.518224411162183
3.475,72.825,2008-11-13 12:00:00+00:00,11,whale_shark,29.31232507431667
-23.9736,35.5122,2008-02-29 12:00:00+00:00,2,whale_shark,25.938334449139674
3.475,72.8375,2008-11-20 12:00:00+00:00,11,whale_shark,29.31232507431667
-21.9702,113.90105,2007-05-17 12:00:00+00:00,5,whale_shark,25.518224411162183
11.56667,42.76667,2008-12-21 12:00:00+00:00,12,whale_shark,28.86776234632084
12.9333,123.533,2009-03-31 12:00:00+00:00,3,whale_shark,28.51596874092765
20.29565237,38.4020688422,2016-06-18 03:13:00+00:00,6,whale_shark,29.299352948936416
-19.9,115.11667,2009-06-11 12:00:00+00:00,6,whale_shark,26.960709229951945
-21.9013,113.9015,2007-06-24 12:00:00+00:00,6,whale_shark,25.675786608329787
-23.9736,35.5122,2008-01-22 12:00:00+00:00,1,whale_shark,25.938334449139674
-23.0322,113.715,2004-04-16 00:00:00+00:00,4,whale_shark,25.036788672847557
12.9333,123.533,2009-05-19 12:00:00+00:00,5,whale_shark,28.51596874092765
12.9333,123.533,2008-03-06 12:00:00+00:00,3,whale_shark,28.51596874092765
-21.9013,113.9015,2009-06-20 12:00:00+00:00,6,whale_shark,25.675786608329787
21.36667,-86.63333,2009-07-31 12:00:00+00:00,7,whale_shark,26.92592494976721
12.9333,123.533,2007-04-13 12:00:00+00:00,4,whale_shark,28.51596874092765
-21.9013,113.9015,2009-05-24 12:00:00+00:00,5,whale_shark,25.675786608329787
-21.9013,113.9015,2007-06-22 12:00:00+00:00,6,whale_shark,25.675786608329787
-21.9013,113.9015,2005-06-02 12:00:00+00:00,6,whale_shark,25.675786608329787
10.11667,99.8,2009-05-09 12:00:00+00:00,5,whale_shark,29.246944974558758
-21.9013,113.9015,2009-04-07 12:00:00+00:00,4,whale_shark,25.675786608329787
-22.97667,113.75278,2008-04-19 12:00:00+00:00,4,whale_shark,24.843776092789113
8.8660617357,119.8567274472,2026-05-15 23:27:50+00:00,5,whale_shark,29.186468307312484
-23.08333,-40.995,2008-03-28 12:00:00+00:00,3,whale_shark,24.966391416452858
-21.9013,113.9015,2004-06-23 12:00:00+00:00,6,whale_shark,25.675786608329787
12.9333,123.533,2009-02-12 12:00:00+00:00,2,whale_shark,28.51596874092765
12.93722,123.55222,2007-05-04 12:00:00+00:00,5,whale_shark,28.51596874092765
12.9333,123.533,2006-04-05 12:00:00+00:00,4,whale_shark,28.51596874092765
-21.9013,113.9015,2008-06-11 12:00:00+00:00,6,whale_shark,25.675786608329787
12.9333,123.533,2009-04-28 12:00:00+00:00,4,whale_shark,28.51596874092765
16.1392,-86.9041,2006-06-22 12:00:00+00:00,6,whale_shark,28.382852796658298
-21.9013,113.9015,2008-04-08 12:00:00+00:00,4,whale_shark,25.675786608329787
12.9333,123.533,2008-02-01 12:00:00+00:00,2,whale_shark,28.51596874092765
-21.9013,113.9015,2004-06-08 12:00:00+00:00,6,whale_shark,25.675786608329787
-23.9736,35.5122,2005-01-23 12:00:00+00:00,1,whale_shark,25.938334449139674
1.675,-91.99861,2007-08-16 12:00:00+00:00,8,whale_shark,26.403910256059838
-21.9013,113.9015,2009-07-10 12:00:00+00:00,7,whale_shark,25.675786608329787
12.9333,123.533,2007-04-23 12:00:00+00:00,4,whale_shark,28.51596874092765
12.9333,123.533,2008-03-07 12:00:00+00:00,3,whale_shark,28.51596874092765
-23.0322,113.715,2007-04-14 12:00:00+00:00,4,whale_shark,25.036788672847557
21.3515723662,-86.6724411386,2018-07-08 12:52:38+00:00,7,whale_shark,26.865183803854535
24.1898850037,-110.406615884,2021-01-11 17:46:00+00:00,1,whale_shark,25.642381874033553
3.5557960717,72.9002097366,2023-03-18 09:12:00+00:00,3,whale_shark,29.341886884657903
-21.9013,113.9015,2006-06-16 12:00:00+00:00,6,whale_shark,25.675786608329787
16.1392,-86.9041,2007-02-20 12:00:00+00:00,2,whale_shark,28.382852796658298
-21.9013,113.9015,2009-05-19 12:00:00+00:00,5,whale_shark,25.675786608329787
-21.9013,113.9015,2007-04-04 12:00:00+00:00,4,whale_shark,25.675786608329787
12.9333,123.533,2009-04-20 12:00:00+00:00,4,whale_shark,28.51596874092765
-23.0322,113.715,2009-04-19 12:00:00+00:00,4,whale_shark,25.036788672847557
5.97778,116.00611,2005-03-22 12:00:00+00:00,3,whale_shark,29.34276846014017
-21.7567256541,114.0241790293,2025-05-13 05:42:00+00:00,5,whale_shark,25.626685451052435
-21.9013,113.9015,2002-06-10 12:00:00+00:00,6,whale_shark,25.675786608329787
-7.8681975903,39.6514566806,2020-10-03 10:33:00+00:00,10,whale_shark,27.72591229921225
16.1392,-86.9041,2007-11-04 12:00:00+00:00,11,whale_shark,28.382852796658298
12.9333,123.533,2009-04-22 12:00:00+00:00,4,whale_shark,28.51596874092765
-21.90382,113.9319,1995-03-16 12:00:00+00:00,3,whale_shark,25.55689110491427
1.6919464903,-92.1179757857,2024-06-19 13:29:13+00:00,6,whale_shark,26.404904989193202
-22.4955642637,113.6283761272,2021-06-25 11:10:22+00:00,6,whale_shark,25.441171093426927
12.9333,123.533,2009-04-17 12:00:00+00:00,4,whale_shark,28.51596874092765
-23.0322,113.715,1999-05-03 12:00:00+00:00,5,whale_shark,25.036788672847557
-21.9013,113.9015,2008-05-13 12:00:00+00:00,5,whale_shark,25.675786608329787
-21.9013,113.9015,2002-04-16 00:00:00+00:00,4,whale_shark,25.675786608329787
16.12198,-86.83418,2009-01-09 12:00:00+00:00,1,whale_shark,28.373788451165574
9.8380799291,125.3469591357,2025-12-19 05:40:00+00:00,12,whale_shark,28.992600863530413
-22.0358141222,113.4276677955,2024-06-13 04:56:00+00:00,6,whale_shark,25.849262784863882
-21.9013,113.9015,2009-05-13 12:00:00+00:00,5,whale_shark,25.675786608329787
-21.9013,113.9015,2003-04-21 12:00:00+00:00,4,whale_shark,25.675786608329787
12.9333,123.533,2008-04-04 12:00:00+00:00,4,whale_shark,28.51596874092765
-21.9013,113.9015,2009-06-30 12:00:00+00:00,6,whale_shark,25.675786608329787
-23.9736,35.5122,2006-11-21 12:00:00+00:00,11,whale_shark,25.938334449139674
12.9333,123.533,2008-03-28 12:00:00+00:00,3,whale_shark,28.51596874092765
20.1612596364,40.2167755555,2024-04-23 16:24:00+00:00,4,whale_shark,29.24402594735684
3.4459645426,72.9991537512,2024-05-11 12:17:32+00:00,5,whale_shark,29.277671627796508
-4.7158805468,55.570291473,2024-12-29 13:27:23+00:00,12,whale_shark,28.352815727626087
-22.0966578634,113.7231116626,2026-06-24 04:22:00+00:00,6,whale_shark,25.73422153496357
4.8,103.65,2009-07-13 12:00:00+00:00,7,whale_shark,29.09966684585281
-2.4641777249,135.5250946798,2012-07-14 12:42:00+00:00,7,whale_shark,29.73559650934667
-21.8003063207,113.9481707106,2023-06-14 03:20:00+00:00,6,whale_shark,25.85368884742561
-21.96617,113.8975,1996-04-23 12:00:00+00:00,4,whale_shark,25.518224411162183
21.48333,-86.6,2009-07-16 12:00:00+00:00,7,whale_shark,27.055811350005833
21.6113476257,-105.785846316,2022-03-04 17:02:00+00:00,3,whale_shark,27.541148717770294
-21.9013,113.9015,2001-07-08 12:00:00+00:00,7,whale_shark,25.675786608329787
-21.9013,113.9015,2009-04-19 12:00:00+00:00,4,whale_shark,25.675786608329787
16.1392,-86.9041,2006-10-24 12:00:00+00:00,10,whale_shark,28.382852796658298
-22.84483,113.6635,2008-04-14 12:00:00+00:00,4,whale_shark,25.183030286223104
12.9333,123.533,2008-04-11 12:00:00+00:00,4,whale_shark,28.51596874092765
-21.9013,113.9015,2007-04-17 12:00:00+00:00,4,whale_shark,25.675786608329787
-21.9013,113.9015,2007-07-18 12:00:00+00:00,7,whale_shark,25.675786608329787
-23.0322,113.715,2008-05-03 12:00:00+00:00,5,whale_shark,25.036788672847557
9.9462,97.86292,2006-03-29 12:00:00+00:00,3,whale_shark,29.24604652901581
12.93333,123.55,2009-02-28 12:00:00+00:00,2,whale_shark,28.51596874092765
-21.9013,113.9015,2003-05-22 12:00:00+00:00,5,whale_shark,25.675786608329787
12.9333,123.533,2008-04-27 12:00:00+00:00,4,whale_shark,28.51596874092765
28.91667,-113.53333,2008-08-26 12:00:00+00:00,8,whale_shark,22.345893079586965
-23.0322,113.715,2005-04-04 12:00:00+00:00,4,whale_shark,25.036788672847557
-21.9013,113.9015,2007-07-08 12:00:00+00:00,7,whale_shark,25.675786608329787
9.8446420999,119.0075087248,2025-04-15 03:09:37+00:00,4,whale_shark,29.14238744313022
12.9333,123.533,2008-02-06 12:00:00+00:00,2,whale_shark,28.51596874092765
12.9333,123.533,2008-05-10 12:00:00+00:00,5,whale_shark,28.51596874092765
-21.9013,113.9015,2008-05-28 12:00:00+00:00,5,whale_shark,25.675786608329787
-23.0322,113.715,2009-04-14 12:00:00+00:00,4,whale_shark,25.036788672847557
-21.9013,113.9015,2002-06-30 12:00:00+00:00,6,whale_shark,25.675786608329787
19.4105732788,-155.970534104,2025-10-21 19:00:00+00:00,10,whale_shark,25.862487381366858
-23.9736,35.5122,2004-02-19 12:00:00+00:00,2,whale_shark,25.938334449139674
-23.9736,35.5122,2005-05-05 12:00:00+00:00,5,whale_shark,25.938334449139674
-8.7976195734,115.5140316943,2024-10-22 06:13:00+00:00,10,whale_shark,28.53598114796553
-21.9013,113.9015,2004-05-31 12:00:00+00:00,5,whale_shark,25.675786608329787
-21.9013,113.9015,2003-04-16 12:00:00+00:00,4,whale_shark,25.675786608329787
-21.9013,113.9015,2009-04-02 12:00:00+00:00,4,whale_shark,25.675786608329787
12.9333,123.533,2010-02-12 12:00:00+00:00,2,whale_shark,28.51596874092765
12.9333,123.533,2009-03-30 12:00:00+00:00,3,whale_shark,28.51596874092765
-21.9013,113.9015,2005-07-23 12:00:00+00:00,7,whale_shark,25.675786608329787
-21.9013,113.9015,2007-07-14 12:00:00+00:00,7,whale_shark,25.675786608329787
16.10047,-86.85312,2008-12-31 12:00:00+00:00,12,whale_shark,28.369911366048147
16.1771808991,-86.9614074673,2020-09-15 07:43:48+00:00,9,whale_shark,28.398887034263968
12.9333,123.533,2008-04-15 12:00:00+00:00,4,whale_shark,28.51596874092765
16.1392,-86.9041,2005-06-26 12:00:00+00:00,6,whale_shark,28.382852796658298
-21.8304277494,113.8733467247,2012-07-23 12:58:00+00:00,7,whale_shark,25.758245833161038
-23.9736,35.5122,2003-11-22 12:00:00+00:00,11,whale_shark,25.938334449139674
12.93333,123.53333,2009-04-14 12:00:00+00:00,4,whale_shark,28.51596874092765
-30.6783008575,30.5116996765,1991-01-22 12:00:00+00:00,1,whale_shark,23.387011628574346
-21.9013,113.9015,2008-05-06 12:00:00+00:00,5,whale_shark,25.675786608329787
-23.0322,113.715,2007-04-21 12:00:00+00:00,4,whale_shark,25.036788672847557
-21.9013,113.9015,2006-06-05 12:00:00+00:00,6,whale_shark,25.675786608329787
-23.0322,113.715,2002-07-04 12:00:00+00:00,7,whale_shark,25.036788672847557
21.57195,-86.83305,2005-06-22 12:00:00+00:00,6,whale_shark,26.94546421921496
12.9333,123.533,2010-01-30 12:00:00+00:00,1,whale_shark,28.51596874092765
26.0797915124,-95.8272731087,2015-08-29 18:12:00+00:00,8,whale_shark,25.943526380975783
-21.95833,113.91033,1997-03-26 12:00:00+00:00,3,whale_shark,25.518224411162183
-23.0322,113.715,2008-05-18 12:00:00+00:00,5,whale_shark,25.036788672847557
12.9333,123.533,2010-02-25 12:00:00+00:00,2,whale_shark,28.51596874092765
3.46722,72.83639,2010-02-24 12:00:00+00:00,2,whale_shark,29.31232507431667
-21.9013,113.9015,2007-06-15 12:00:00+00:00,6,whale_shark,25.675786608329787
-21.9013,113.9015,2009-04-13 12:00:00+00:00,4,whale_shark,25.675786608329787
12.9333,123.533,2010-02-28 12:00:00+00:00,2,whale_shark,28.51596874092765
-21.9013,113.9015,2002-05-20 12:00:00+00:00,5,whale_shark,25.675786608329787
3.47185,72.797,2006-04-27 12:00:00+00:00,4,whale_shark,29.319521372620514
21.4378951983,-86.6797930255,2019-07-31 16:29:00+00:00,7,whale_shark,26.863278701277263
12.9333,123.533,2008-04-01 12:00:00+00:00,4,whale_shark,28.51596874092765
16.11707,-86.8612,2009-01-05 12:00:00+00:00,1,whale_shark,28.373788451165574
12.9333,123.533,2008-03-27 12:00:00+00:00,3,whale_shark,28.51596874092765
12.9333,123.533,2006-03-16 12:00:00+00:00,3,whale_shark,28.51596874092765
10.1,99.8,2008-04-29 12:00:00+00:00,4,whale_shark,29.255408332172905
21.63917,-87.1125,2008-07-17 12:00:00+00:00,7,whale_shark,26.57952401030355
-22.02333,113.89333,1995-07-01 12:00:00+00:00,7,whale_shark,25.481995822091463
10.16667,99.76667,2008-10-13 12:00:00+00:00,10,whale_shark,29.23951494190706
21.5649776315,-86.781173122,2019-08-03 16:03:00+00:00,8,whale_shark,26.89561992955048
3.46865,72.80872,2007-05-23 12:00:00+00:00,5,whale_shark,29.319521372620514
16.1312,-86.9135,2006-04-05 12:00:00+00:00,4,whale_shark,28.395094048781985
-21.9013,113.9015,2002-04-11 12:00:00+00:00,4,whale_shark,25.675786608329787
-23.0322,113.715,2009-04-22 12:00:00+00:00,4,whale_shark,25.036788672847557
-21.9013,113.9015,2004-05-14 12:00:00+00:00,5,whale_shark,25.675786608329787
28.41139,49.71083,2008-07-11 12:00:00+00:00,7,whale_shark,26.040662251502123
16.1392,-86.9041,2006-05-05 12:00:00+00:00,5,whale_shark,28.382852796658298
12.91667,123.51667,2009-04-02 12:00:00+00:00,4,whale_shark,28.513830209574582
-21.99312,113.89905,1995-06-13 12:00:00+00:00,6,whale_shark,25.518224411162183
12.9333,123.533,2009-04-29 12:00:00+00:00,4,whale_shark,28.51596874092765
-27.3805252715,153.5580700265,2008-01-26 22:31:00+00:00,1,whale_shark,23.894483714086327
-3.28333,134.98334,2009-11-14 12:00:00+00:00,11,whale_shark,29.678123802775147
12.9333,123.533,2010-02-17 12:00:00+00:00,2,whale_shark,28.51596874092765
-21.9013,113.9015,2007-05-07 12:00:00+00:00,5,whale_shark,25.675786608329787
-21.9013,113.9015,2006-06-24 12:00:00+00:00,6,whale_shark,25.675786608329787
16.1392,-86.9041,2008-09-03 12:00:00+00:00,9,whale_shark,28.382852796658298
-21.9013,113.9015,2005-06-06 12:00:00+00:00,6,whale_shark,25.675786608329787
31.95,-65.18333,1974-08-31 12:00:00+00:00,8,whale_shark,23.719839119809198
-21.99387,113.8989,2008-06-19 12:00:00+00:00,6,whale_shark,25.518224411162183
12.91667,123.55,2009-03-28 12:00:00+00:00,3,whale_shark,28.51596874092765
21.43333,-86.65,2009-07-08 12:00:00+00:00,7,whale_shark,26.918633843691392
21.73333,-87.00027,2007-08-27 12:00:00+00:00,8,whale_shark,26.86981912646505
12.9333,123.533,2008-04-30 12:00:00+00:00,4,whale_shark,28.51596874092765
-21.9013,113.9015,2006-05-01 12:00:00+00:00,5,whale_shark,25.675786608329787
-21.9013,113.9015,2004-06-02 12:00:00+00:00,6,whale_shark,25.675786608329787
16.1392,-86.9041,2006-03-17 12:00:00+00:00,3,whale_shark,28.382852796658298
12.9333,123.533,2008-01-20 12:00:00+00:00,1,whale_shark,28.51596874092765
-21.9013,113.9015,2009-05-06 12:00:00+00:00,5,whale_shark,25.675786608329787
12.9333,123.533,2008-05-09 12:00:00+00:00,5,whale_shark,28.51596874092765
12.9333,123.533,2009-03-25 12:00:00+00:00,3,whale_shark,28.51596874092765
27.78833,34.2575,2007-11-22 12:00:00+00:00,11,whale_shark,26.145254430502728
-22.96852,113.72935,1999-05-22 12:00:00+00:00,5,whale_shark,24.843776092789113
-23.0322,113.715,2008-05-24 12:00:00+00:00,5,whale_shark,25.036788672847557
16.1392,-86.9041,2007-01-25 12:00:00+00:00,1,whale_shark,28.382852796658298
-21.9013,113.9015,2003-06-23 12:00:00+00:00,6,whale_shark,25.675786608329787
-21.9013,113.9015,2004-06-17 12:00:00+00:00,6,whale_shark,25.675786608329787
12.9333,123.533,2006-04-02 12:00:00+00:00,4,whale_shark,28.51596874092765
-21.9013,113.9015,2009-06-17 12:00:00+00:00,6,whale_shark,25.675786608329787
-23.9736,35.5122,2005-03-25 12:00:00+00:00,3,whale_shark,25.938334449139674
-21.9013,113.9015,2003-05-27 12:00:00+00:00,5,whale_shark,25.675786608329787
-23.0322,113.715,2003-06-17 12:00:00+00:00,6,whale_shark,25.036788672847557
16.1392,-86.9041,2009-03-25 12:00:00+00:00,3,whale_shark,28.382852796658298
-21.9013,113.9015,2009-06-19 12:00:00+00:00,6,whale_shark,25.675786608329787
12.9333,123.533,2006-04-22 12:00:00+00:00,4,whale_shark,28.51596874092765
16.1392,-86.9041,2009-03-29 12:00:00+00:00,3,whale_shark,28.382852796658298
-15.979629049,-5.6220006063,2015-01-09 17:55:00+00:00,1,whale_shark,22.405530778993946
12.9333,123.533,2008-01-24 12:00:00+00:00,1,whale_shark,28.51596874092765
3.6,72.7,2004-01-28 12:00:00+00:00,1,whale_shark,29.290575931899763
21.46667,-86.63333,2009-07-13 12:00:00+00:00,7,whale_shark,26.936571837911696
22.6227875938,-86.8163253324,2010-08-01 15:45:00+00:00,8,whale_shark,27.572767295688983
16.1392,-86.9041,2007-04-11 12:00:00+00:00,4,whale_shark,28.382852796658298
12.9333,123.533,2009-05-27 12:00:00+00:00,5,whale_shark,28.51596874092765
-22.00277,113.89792,2007-06-05 12:00:00+00:00,6,whale_shark,25.518224411162183
12.9333,123.533,2006-05-06 12:00:00+00:00,5,whale_shark,28.51596874092765
9.5042121288,123.4735216439,2025-07-08 00:08:00+00:00,7,whale_shark,29.02920476761338
-23.0322,113.715,2002-05-27 12:00:00+00:00,5,whale_shark,25.036788672847557
26.3118,34.84408,2006-12-11 12:00:00+00:00,12,whale_shark,26.471342535713983
21.49972,-86.60222,2008-08-26 12:00:00+00:00,8,whale_shark,27.055811350005833
-4.2779639618,55.9256651297,2026-05-11 00:07:49+00:00,5,whale_shark,28.45313066941707
16.3123668306,-86.4279444994,2024-07-12 15:52:29+00:00,7,whale_shark,28.343980100397367
-21.9013,113.9015,2005-04-16 12:00:00+00:00,4,whale_shark,25.675786608329787
12.93333,123.54583,2008-02-02 12:00:00+00:00,2,whale_shark,28.51596874092765
3.46662,72.83514,2006-05-15 12:00:00+00:00,5,whale_shark,29.31232507431667
-23.9736,35.5122,2007-04-03 12:00:00+00:00,4,whale_shark,25.938334449139674
9.5237810542,123.3111509568,2024-12-08 23:35:00+00:00,12,whale_shark,29.075537638905118
12.91667,123.53333,2009-04-16 12:00:00+00:00,4,whale_shark,28.51596874092765
16.1392,-86.9041,2007-04-23 12:00:00+00:00,4,whale_shark,28.382852796658298
-23.0322,113.715,2003-06-14 12:00:00+00:00,6,whale_shark,25.036788672847557
-23.0322,113.715,2009-05-12 12:00:00+00:00,5,whale_shark,25.036788672847557
16.1392,-86.9041,2007-12-25 12:00:00+00:00,12,whale_shark,28.382852796658298
9.93333,99.98333,2007-10-11 12:00:00+00:00,10,whale_shark,29.30902393925889
12.9333,123.533,2009-04-10 12:00:00+00:00,4,whale_shark,28.51596874092765
-23.0322,113.715,2002-06-13 12:00:00+00:00,6,whale_shark,25.036788672847557
-21.98833,113.90334,1995-03-30 12:00:00+00:00,3,whale_shark,25.518224411162183
12.9333,123.533,2010-02-24 12:00:00+00:00,2,whale_shark,28.51596874092765
-23.9736,35.5122,2007-01-26 12:00:00+00:00,1,whale_shark,25.938334449139674
-23.0322,113.715,2001-04-04 12:00:00+00:00,4,whale_shark,25.036788672847557
-21.9013,113.9015,2003-07-06 12:00:00+00:00,7,whale_shark,25.675786608329787
-21.8656,113.93995,1997-04-14 12:00:00+00:00,4,whale_shark,25.55689110491427
-23.0322,113.715,2009-05-29 12:00:00+00:00,5,whale_shark,25.036788672847557
-21.92775,113.9184,1996-04-07 12:00:00+00:00,4,whale_shark,25.49266998464337
12.92028,123.54778,2007-04-03 12:00:00+00:00,4,whale_shark,28.51596874092765
-21.9013,113.9015,2005-06-22 12:00:00+00:00,6,whale_shark,25.675786608329787
12.93361,123.55222,2007-04-04 12:00:00+00:00,4,whale_shark,28.51596874092765
12.93333,123.51667,2009-03-27 12:00:00+00:00,3,whale_shark,28.513830209574582
-21.9013,113.9015,2009-04-06 12:00:00+00:00,4,whale_shark,25.675786608329787
-32.86666,152.60001,2009-03-07 12:00:00+00:00,3,whale_shark,22.42520476500417
24.1873583333,-110.3284833333,2015-02-15 02:32:04+00:00,2,whale_shark,25.649328184524276
24.1780638889,-110.4000388889,2022-03-21 18:27:00+00:00,3,whale_shark,25.642381874033553
12.9333,123.533,2009-02-26 12:00:00+00:00,2,whale_shark,28.51596874092765
24.3938929998,-110.5345446834,2020-01-01 12:21:00+00:00,1,whale_shark,25.529454650234605
-21.9013,113.9015,2009-06-07 12:00:00+00:00,6,whale_shark,25.675786608329787
-21.91667,113.86667,2001-05-19 12:00:00+00:00,5,whale_shark,25.5942481337035
-23.9736,35.5122,2007-10-10 12:00:00+00:00,10,whale_shark,25.938334449139674
21.61472,-86.89167,2008-06-09 12:00:00+00:00,6,whale_shark,26.85325617319686
-21.9013,113.9015,2005-06-10 12:00:00+00:00,6,whale_shark,25.675786608329787
-23.9736,35.5122,2007-04-15 12:00:00+00:00,4,whale_shark,25.938334449139674
9.3405007902,97.9499965629,2020-03-10 10:28:00+00:00,3,whale_shark,29.33918340085269
-21.9013,113.9015,1999-04-28 12:00:00+00:00,4,whale_shark,25.675786608329787
28.0519019222,34.9786344228,2024-08-16 18:24:45+00:00,8,whale_shark,25.8257488331788
21.6,-86.86667,2009-06-17 12:00:00+00:00,6,whale_shark,26.84802360428226
-21.89995,113.92625,2007-04-12 12:00:00+00:00,4,whale_shark,25.55689110491427
-21.9013,113.9015,2008-05-05 12:00:00+00:00,5,whale_shark,25.675786608329787
-21.9013,113.9015,2009-05-09 12:00:00+00:00,5,whale_shark,25.675786608329787
28.924179,-113.521118,2016-10-19 17:50:00+00:00,10,whale_shark,22.345893079586965
-23.0322,113.715,2009-04-18 12:00:00+00:00,4,whale_shark,25.036788672847557
-21.9013,113.9015,2008-04-13 12:00:00+00:00,4,whale_shark,25.675786608329787
-23.0322,113.715,2009-05-05 12:00:00+00:00,5,whale_shark,25.036788672847557
-23.0322,113.715,2008-05-07 12:00:00+00:00,5,whale_shark,25.036788672847557
21.5345395346,-86.9123399713,2017-07-17 14:09:00+00:00,7,whale_shark,26.780867088481507
3.46953,72.85727,2006-05-13 12:00:00+00:00,5,whale_shark,29.31232507431667
-21.9013,113.9015,2005-06-17 12:00:00+00:00,6,whale_shark,25.675786608329787
12.9333,123.533,2008-04-12 12:00:00+00:00,4,whale_shark,28.51596874092765
-21.9013,113.9015,1986-05-16 12:00:00+00:00,5,whale_shark,25.675786608329787
24.1934907612,-110.3541149681,2026-03-02 09:19:00+00:00,3,whale_shark,25.649328184524276
12.9333,123.533,2008-03-17 12:00:00+00:00,3,whale_shark,28.51596874092765
3.4733136257,73.0792109136,2024-11-12 08:17:00+00:00,11,whale_shark,29.27796093041268
0.4165487349,73.3814598038,2025-04-03 17:07:00+00:00,4,whale_shark,29.68855424775463
-21.9013,113.9015,2003-04-22 12:00:00+00:00,4,whale_shark,25.675786608329787
-21.9013,113.9015,2005-05-16 12:00:00+00:00,5,whale_shark,25.675786608329787
12.9333,123.533,2004-03-16 12:00:00+00:00,3,whale_shark,28.51596874092765
-21.9013,113.9015,2008-04-29 12:00:00+00:00,4,whale_shark,25.675786608329787
21.79167,-87.25361,2007-08-28 12:00:00+00:00,8,whale_shark,26.605827389986022
21.6,-86.56667,2009-06-11 12:00:00+00:00,6,whale_shark,27.066570363171817
-21.9013,113.9015,2009-04-18 12:00:00+00:00,4,whale_shark,25.675786608329787
21.4062980057,-86.7725622306,2025-08-11 17:00:00+00:00,8,whale_shark,26.929846524934284
-23.0322,113.715,2008-05-27 12:00:00+00:00,5,whale_shark,25.036788672847557
-22.1925,113.83361,2008-06-01 12:00:00+00:00,6,whale_shark,25.49777794813958
9.93333,99.98333,2008-07-24 12:00:00+00:00,7,whale_shark,29.30902393925889
-21.9013,113.9015,2005-06-13 12:00:00+00:00,6,whale_shark,25.675786608329787
-12.91667,100.76667,2008-11-14 12:00:00+00:00,11,whale_shark,27.74889113991652
-23.9736,35.5122,2007-03-06 12:00:00+00:00,3,whale_shark,25.938334449139674
-23.0322,113.715,2003-05-20 12:00:00+00:00,5,whale_shark,25.036788672847557
15.21556,-61.37056,2008-02-25 12:00:00+00:00,2,whale_shark,27.88724786013547
-13.300888438,48.1527602453,2019-10-03 06:48:18+00:00,10,whale_shark,28.400826338347084
-6.25,39.0666999817,1964-07-02 00:00:00+00:00,7,whale_shark,27.70355647641826
37.0810423066,-25.3711629385,2022-09-14 12:43:00+00:00,9,whale_shark,19.671556737148126
-23.9736,35.5122,2006-01-29 12:00:00+00:00,1,whale_shark,25.938334449139674
16.1392,-86.9041,2009-09-15 12:00:00+00:00,9,whale_shark,28.382852796658298
-21.9013,113.9015,2004-04-19 12:00:00+00:00,4,whale_shark,25.675786608329787
-22.08333,113.86667,2009-05-17 12:00:00+00:00,5,whale_shark,25.425493967720673
-23.9736,35.5122,2006-10-20 12:00:00+00:00,10,whale_shark,25.938334449139674
-21.9013,113.9015,2002-05-05 12:00:00+00:00,5,whale_shark,25.675786608329787
-23.9736,35.5122,2005-12-29 12:00:00+00:00,12,whale_shark,25.938334449139674
-21.9013,113.9015,2006-04-24 12:00:00+00:00,4,whale_shark,25.675786608329787
-23.0322,113.715,1999-05-16 12:00:00+00:00,5,whale_shark,25.036788672847557
25.66667,35.16667,2007-05-03 12:00:00+00:00,5,whale_shark,26.61691749676783
-21.9013,113.9015,2004-03-31 12:00:00+00:00,3,whale_shark,25.675786608329787
15.7187550107,-96.1603850874,2017-08-13 17:21:00+00:00,8,whale_shark,28.82493367282516
-22.95133,113.7485,2008-03-22 12:00:00+00:00,3,whale_shark,24.851474916771043
12.9333,123.533,2008-04-07 12:00:00+00:00,4,whale_shark,28.51596874092765
-21.91605,113.92342,1996-04-03 12:00:00+00:00,4,whale_shark,25.49266998464337
-21.9013,113.9015,2005-07-12 12:00:00+00:00,7,whale_shark,25.675786608329787
7.6544,98.7675,2008-01-31 12:00:00+00:00,1,whale_shark,29.732661488306615
10.16667,99.76667,2005-10-13 12:00:00+00:00,10,whale_shark,29.23951494190706
16.06952,-87.03805,2009-01-11 12:00:00+00:00,1,whale_shark,28.422897506401288
-21.9013,113.9015,2008-04-27 12:00:00+00:00,4,whale_shark,25.675786608329787
-21.9013,113.9015,2007-06-08 12:00:00+00:00,6,whale_shark,25.675786608329787
-22.091,113.87438,2007-05-08 12:00:00+00:00,5,whale_shark,25.425493967720673
-23.9736,35.5122,2008-12-06 12:00:00+00:00,12,whale_shark,25.938334449139674
-4.6,55.41667,2009-10-13 12:00:00+00:00,10,whale_shark,28.38791373845085
-23.0322,113.715,2007-05-27 12:00:00+00:00,5,whale_shark,25.036788672847557
12.9333,123.533,2010-02-23 12:00:00+00:00,2,whale_shark,28.51596874092765
23.85,58.05,2009-07-07 12:00:00+00:00,7,whale_shark,28.310654898090675
-23.9736,35.5122,2008-08-15 12:00:00+00:00,8,whale_shark,25.938334449139674
-23.9736,35.5122,2007-04-19 12:00:00+00:00,4,whale_shark,25.938334449139674
-21.9013,113.9015,2005-04-14 12:00:00+00:00,4,whale_shark,25.675786608329787
-23.0322,113.715,2009-05-06 12:00:00+00:00,5,whale_shark,25.036788672847557
16.1392,-86.9041,2007-04-18 12:00:00+00:00,4,whale_shark,28.382852796658298
-21.9013,113.9015,2008-04-14 12:00:00+00:00,4,whale_shark,25.675786608329787
-19.0,-92.0,1994-12-12 12:00:00+00:00,12,whale_shark,21.21606578705751
-21.91707,113.91904,1996-04-01 12:00:00+00:00,4,whale_shark,25.49266998464337
-23.9736,35.5122,2007-03-28 12:00:00+00:00,3,whale_shark,25.938334449139674
-21.9013,113.9015,2008-05-10 12:00:00+00:00,5,whale_shark,25.675786608329787
12.9,123.58334,2008-03-26 12:00:00+00:00,3,whale_shark,28.494321621626398
-22.1,113.86667,2006-05-02 12:00:00+00:00,5,whale_shark,25.425493967720673
-21.9013,113.9015,2005-07-05 12:00:00+00:00,7,whale_shark,25.675786608329787
21.75,-87.05,2004-08-12 12:00:00+00:00,8,whale_shark,26.829835167260512
12.93333,123.51667,2009-05-09 12:00:00+00:00,5,whale_shark,28.513830209574582
-23.0322,113.715,2008-04-25 12:00:00+00:00,4,whale_shark,25.036788672847557
-33.9700012207,25.2233009338,1993-05-07 12:00:00+00:00,5,whale_shark,18.098178115877253
12.9333,123.533,2008-05-18 12:00:00+00:00,5,whale_shark,28.51596874092765
-21.9013,113.9015,2009-05-20 12:00:00+00:00,5,whale_shark,25.675786608329787
22.6000003815,69.5,1828-07-02 00:00:00+00:00,7,whale_shark,27.104749898026565
-22.106217215,113.8359102859,2024-07-14 04:05:00+00:00,7,whale_shark,25.52243702167535
-21.9013,113.9015,2003-04-13 12:00:00+00:00,4,whale_shark,25.675786608329787
16.1392,-86.9041,2005-02-10 12:00:00+00:00,2,whale_shark,28.382852796658298
-22.11085,113.8687,2008-04-24 12:00:00+00:00,4,whale_shark,25.426679038863863
-22.0002937142,113.068734132,2015-07-06 05:31:00+00:00,7,whale_shark,25.663813705773627
-21.98833,113.90334,1995-03-21 12:00:00+00:00,3,whale_shark,25.518224411162183
-23.0322,113.715,2008-05-26 12:00:00+00:00,5,whale_shark,25.036788672847557
12.9333,123.533,2006-04-11 12:00:00+00:00,4,whale_shark,28.51596874092765
-21.9013,113.9015,2003-05-16 12:00:00+00:00,5,whale_shark,25.675786608329787
28.9522643331,-113.5485462865,2023-10-27 19:35:56+00:00,10,whale_shark,22.345893079586965
-21.899822781,113.8194444323,2009-04-27 07:05:39+00:00,4,whale_shark,25.764861044270425
26.3888853902,127.7646334483,2025-09-07 00:30:00+00:00,9,whale_shark,24.850822067768615
-21.9013,113.9015,2003-05-03 12:00:00+00:00,5,whale_shark,25.675786608329787
-21.9013,113.9015,2008-07-20 12:00:00+00:00,7,whale_shark,25.675786608329787
-21.9013,113.9015,2009-04-10 12:00:00+00:00,4,whale_shark,25.675786608329787
21.4285400317,-86.7135681531,2016-08-18 13:44:00+00:00,8,whale_shark,26.896463771264735
-21.9013,113.9015,2000-04-16 00:00:00+00:00,4,whale_shark,25.675786608329787
-23.9736,35.5122,2007-03-23 12:00:00+00:00,3,whale_shark,25.938334449139674
2.3,105.58334,2007-04-06 12:00:00+00:00,4,whale_shark,29.049154012101088
-23.9736,35.5122,2007-03-04 12:00:00+00:00,3,whale_shark,25.938334449139674
12.9333,123.533,2009-03-03 12:00:00+00:00,3,whale_shark,28.51596874092765
-21.9013,113.9015,2008-05-19 12:00:00+00:00,5,whale_shark,25.675786608329787
12.93056,123.53361,2007-04-17 12:00:00+00:00,4,whale_shark,28.51596874092765
-23.9736,35.5122,2007-05-15 12:00:00+00:00,5,whale_shark,25.938334449139674
12.9333,123.533,2005-04-18 12:00:00+00:00,4,whale_shark,28.51596874092765
12.9333,123.533,2009-01-22 12:00:00+00:00,1,whale_shark,28.51596874092765
24.4464855807,-110.5318020049,2019-04-03 17:43:00+00:00,4,whale_shark,25.497279840359575
12.9333,123.533,2006-04-24 12:00:00+00:00,4,whale_shark,28.51596874092765
21.4627488819,-86.4425521392,2023-07-24 17:00:00+00:00,7,whale_shark,27.651694510627294
21.2366414555,-86.7357804626,2025-09-01 14:32:27+00:00,9,whale_shark,26.847570810455274
-21.9013,113.9015,2003-06-03 12:00:00+00:00,6,whale_shark,25.675786608329787
12.9333,123.533,2008-03-26 12:00:00+00:00,3,whale_shark,28.51596874092765
-21.9013,113.9015,2007-04-06 12:00:00+00:00,4,whale_shark,25.675786608329787
12.9333,123.533,2007-04-18 12:00:00+00:00,4,whale_shark,28.51596874092765
-18.204072502,147.3126173556,2022-10-30 00:51:00+00:00,10,whale_shark,26.853524456522
12.9333,123.533,2010-02-03 12:00:00+00:00,2,whale_shark,28.51596874092765
-21.9013,113.9015,2009-06-03 12:00:00+00:00,6,whale_shark,25.675786608329787
-21.9013,113.9015,2003-07-10 12:00:00+00:00,7,whale_shark,25.675786608329787
-23.9736,35.5122,2007-10-06 12:00:00+00:00,10,whale_shark,25.938334449139674
19.94218,37.40747,2007-03-28 12:00:00+00:00,3,whale_shark,29.05901945492992
21.5335181086,-86.8040560534,2025-05-28 14:36:00+00:00,5,whale_shark,26.90157674276803
16.1392,-86.9041,2006-03-29 12:00:00+00:00,3,whale_shark,28.382852796658298
-21.9013,113.9015,1997-04-22 12:00:00+00:00,4,whale_shark,25.675786608329787
-21.83317,114.01442,2003-07-15 12:00:00+00:00,7,whale_shark,25.432449616410796
-22.06694,113.88,2008-06-21 12:00:00+00:00,6,whale_shark,25.425493967720673
21.75,-87.15,2006-08-25 12:00:00+00:00,8,whale_shark,26.646405665864318
-21.9013,113.9015,2005-04-17 12:00:00+00:00,4,whale_shark,25.675786608329787
-12.14111,123.12889,2009-09-15 12:00:00+00:00,9,whale_shark,28.77912768978334
-21.9013,113.9015,1999-05-12 12:00:00+00:00,5,whale_shark,25.675786608329787
-3.2041629519,135.1135300105,2018-06-17 23:03:00+00:00,6,whale_shark,29.657646488381555
-23.9736,35.5122,2006-11-18 12:00:00+00:00,11,whale_shark,25.938334449139674
-12.23333,122.96667,1997-11-16 12:00:00+00:00,11,whale_shark,28.79124442265847
-23.9736,35.5122,2007-05-07 12:00:00+00:00,5,whale_shark,25.938334449139674
-21.93927,113.90802,1996-04-02 12:00:00+00:00,4,whale_shark,25.5942481337035
-21.9013,113.9015,2005-04-27 12:00:00+00:00,4,whale_shark,25.675786608329787
-23.9736,35.5122,2007-03-13 12:00:00+00:00,3,whale_shark,25.938334449139674
-21.9013,113.9015,2003-07-08 12:00:00+00:00,7,whale_shark,25.675786608329787
21.5904774202,-86.2867814231,2019-08-16 14:19:00+00:00,8,whale_shark,27.962960049151903
12.91667,123.51667,2009-04-24 12:00:00+00:00,4,whale_shark,28.513830209574582
-21.9013,113.9015,2009-06-08 12:00:00+00:00,6,whale_shark,25.675786608329787
-21.9013,113.9015,2007-05-31 12:00:00+00:00,5,whale_shark,25.675786608329787
-23.9736,35.5122,2007-01-23 12:00:00+00:00,1,whale_shark,25.938334449139674
12.93694,123.53806,2007-04-25 12:00:00+00:00,4,whale_shark,28.51596874092765
-21.9013,113.9015,2004-05-23 12:00:00+00:00,5,whale_shark,25.675786608329787
12.9333,123.533,2009-04-16 12:00:00+00:00,4,whale_shark,28.51596874092765
3.68056,72.37833,2008-10-11 12:00:00+00:00,10,whale_shark,29.28065602108196
16.1392,-86.9041,2009-10-14 12:00:00+00:00,10,whale_shark,28.382852796658298
-21.9013,113.9015,2009-05-26 12:00:00+00:00,5,whale_shark,25.675786608329787
1.6863829381,-91.8976786897,2019-07-28 14:38:00+00:00,7,whale_shark,26.408627616032465
21.3124725972,-86.043786243,2025-07-11 14:41:00+00:00,7,whale_shark,28.227686024145
-23.9736,35.5122,2007-10-17 12:00:00+00:00,10,whale_shark,25.938334449139674
-23.9736,35.5122,2009-10-14 12:00:00+00:00,10,whale_shark,25.938334449139674
-21.85,113.95,2009-06-30 12:00:00+00:00,6,whale_shark,25.624680744981852
16.13782,-86.93559,2006-03-12 12:00:00+00:00,3,whale_shark,28.395094048781985
-19.41667,116.48333,2008-09-25 12:00:00+00:00,9,whale_shark,27.319096050214778
12.9333,123.533,2006-04-03 12:00:00+00:00,4,whale_shark,28.51596874092765
-23.0322,113.715,2009-04-30 12:00:00+00:00,4,whale_shark,25.036788672847557
-21.84262,113.97665,2007-04-30 12:00:00+00:00,4,whale_shark,25.432449616410796
21.68333,-87.03333,2009-08-14 12:00:00+00:00,8,whale_shark,26.80556980027669
9.4563568766,123.4845977515,2024-05-23 23:57:18+00:00,5,whale_shark,29.011050789028303
16.1929546714,-86.9049939783,2016-04-14 23:09:00+00:00,4,whale_shark,28.389415803943834
12.9333,123.533,2009-05-25 12:00:00+00:00,5,whale_shark,28.51596874092765
3.74198615,72.7361681835,2024-02-01 09:32:00+00:00,2,whale_shark,29.396524501835724
-23.9736,35.5122,2008-04-08 12:00:00+00:00,4,whale_shark,25.938334449139674
-23.9736,35.5122,2006-10-29 12:00:00+00:00,10,whale_shark,25.938334449139674
12.93333,123.53333,2009-03-23 12:00:00+00:00,3,whale_shark,28.51596874092765
24.1806939462,-110.3224085192,2022-12-23 15:57:00+00:00,12,whale_shark,25.649328184524276
16.1,-86.85,2009-04-02 12:00:00+00:00,4,whale_shark,28.369911366048147
-7.802448033,39.4024199622,2009-12-31 21:41:00+00:00,12,whale_shark,27.829460862801664
-21.9013,113.9015,2004-05-15 12:00:00+00:00,5,whale_shark,25.675786608329787
3.47889,72.78861,2008-02-07 12:00:00+00:00,2,whale_shark,29.319521372620514
-21.9013,113.9015,2002-07-07 12:00:00+00:00,7,whale_shark,25.675786608329787
16.10402,-86.96868,2009-01-05 12:00:00+00:00,1,whale_shark,28.413114332513047
27.72556,34.25889,2008-11-26 12:00:00+00:00,11,whale_shark,26.1640958571548
12.9333,123.533,2009-05-13 12:00:00+00:00,5,whale_shark,28.51596874092765
3.50027,72.898,2007-12-24 12:00:00+00:00,12,whale_shark,29.29275481614929
3.46698,72.83694,2006-05-15 12:00:00+00:00,5,whale_shark,29.31232507431667
9.93333,99.98333,2006-06-16 12:00:00+00:00,6,whale_shark,29.30902393925889
-23.9736,35.5122,2008-01-29 12:00:00+00:00,1,whale_shark,25.938334449139674
12.9333,123.533,2009-05-31 12:00:00+00:00,5,whale_shark,28.51596874092765
-21.9013,113.9015,2001-06-09 12:00:00+00:00,6,whale_shark,25.675786608329787
21.73333,-87.08334,2004-08-10 12:00:00+00:00,8,whale_shark,26.694487773479374
24.2376637344,-110.5326183029,2022-03-10 06:02:00+00:00,3,whale_shark,25.619301821957354
10.16667,99.76667,2007-04-29 12:00:00+00:00,4,whale_shark,29.23951494190706
39.4403373895,-71.8048123736,2023-08-14 14:54:32+00:00,8,whale_shark,18.056298757503853
-21.9736,113.88143,2007-04-28 12:00:00+00:00,4,whale_shark,25.518224411162183
-23.9736,35.5122,2007-05-28 12:00:00+00:00,5,whale_shark,25.938334449139674
-23.0322,113.715,2001-04-12 12:00:00+00:00,4,whale_shark,25.036788672847557
17.8416098124,-85.622213368,2018-01-25 00:13:34+00:00,1,whale_shark,28.336827952025857
-23.9736,35.5122,2005-11-25 12:00:00+00:00,11,whale_shark,25.938334449139674
-23.0322,113.715,2002-05-29 12:00:00+00:00,5,whale_shark,25.036788672847557
21.6909551315,-105.5419037762,2024-03-03 19:38:00+00:00,3,whale_shark,27.77492035579632
-33.8050003052,18.3633003235,1828-04-16 00:00:00+00:00,4,whale_shark,14.65733559475241
20.81667,-86.86667,2009-12-17 12:00:00+00:00,12,whale_shark,27.78689245389592
-21.9013,113.9015,2008-05-21 12:00:00+00:00,5,whale_shark,25.675786608329787
16.0936,-86.82816,2005-02-14 12:00:00+00:00,2,whale_shark,28.369911366048147
-21.9013,113.9015,2008-04-28 12:00:00+00:00,4,whale_shark,25.675786608329787
12.93194,123.53194,2008-02-11 12:00:00+00:00,2,whale_shark,28.51596874092765
21.5526381711,-86.7235335997,2017-07-31 15:39:00+00:00,7,whale_shark,26.887154472630098
-22.095,113.8635,2007-06-07 12:00:00+00:00,6,whale_shark,25.518232405008256
-23.9736,35.5122,2008-02-28 12:00:00+00:00,2,whale_shark,25.938334449139674
-21.9013,113.9015,2009-05-07 12:00:00+00:00,5,whale_shark,25.675786608329787
-21.9013,113.9015,2006-06-13 12:00:00+00:00,6,whale_shark,25.675786608329787
12.9333,123.533,2008-04-13 12:00:00+00:00,4,whale_shark,28.51596874092765
25.7957912465,-169.3849846544,2022-04-21 16:32:00+00:00,4,whale_shark,24.77164070242856
21.5925703029,-86.4014815416,2019-09-14 16:09:00+00:00,9,whale_shark,27.7373945447018
-22.08333,113.86667,2006-05-02 12:00:00+00:00,5,whale_shark,25.425493967720673
-21.9013,113.9015,2005-06-15 12:00:00+00:00,6,whale_shark,25.675786608329787
-19.65253,115.92923,2007-08-17 12:00:00+00:00,8,whale_shark,27.148022973739195
-21.9013,113.9015,2002-06-14 12:00:00+00:00,6,whale_shark,25.675786608329787
-23.9736,35.5122,2007-10-03 12:00:00+00:00,10,whale_shark,25.938334449139674
9.93333,99.98333,2009-04-30 12:00:00+00:00,4,whale_shark,29.30902393925889
-23.0322,113.715,2008-04-03 12:00:00+00:00,4,whale_shark,25.036788672847557
9.5640793713,124.0784777699,2023-02-27 09:54:54+00:00,2,whale_shark,28.905228423940567
-33.5682983398,27.0149993896,1984-05-16 12:00:00+00:00,5,whale_shark,18.870154363910476
-23.9736,35.5122,2006-02-28 12:00:00+00:00,2,whale_shark,25.938334449139674
8.6775,97.65417,2007-02-23 12:00:00+00:00,2,whale_shark,29.275918702822036
12.9333,123.533,2009-04-15 12:00:00+00:00,4,whale_shark,28.51596874092765
-21.9013,113.9015,2007-06-20 12:00:00+00:00,6,whale_shark,25.675786608329787
-21.9013,113.9015,2003-04-04 12:00:00+00:00,4,whale_shark,25.675786608329787
-21.9013,113.9015,2008-06-01 12:00:00+00:00,6,whale_shark,25.675786608329787
-21.9013,113.9015,1999-05-22 12:00:00+00:00,5,whale_shark,25.675786608329787
-21.9013,113.9015,2008-04-19 12:00:00+00:00,4,whale_shark,25.675786608329787
39.3813698064,-71.7609221009,2023-08-14 15:55:00+00:00,8,whale_shark,18.15077787457042
3.45,72.86667,2005-03-01 12:00:00+00:00,3,whale_shark,29.29317804362197
-23.0322,113.715,2002-06-16 12:00:00+00:00,6,whale_shark,25.036788672847557
-23.0322,113.715,1999-05-01 12:00:00+00:00,5,whale_shark,25.036788672847557
21.4559707213,-86.7474131212,2019-08-30 19:12:00+00:00,8,whale_shark,26.88642940954923
-21.9013,113.9015,2007-07-06 12:00:00+00:00,7,whale_shark,25.675786608329787
16.11485,-86.99783,2006-04-08 12:00:00+00:00,4,whale_shark,28.41879427520513
-2.4062189033,135.5837386031,2012-07-13 17:52:00+00:00,7,whale_shark,29.735241659871473
10.16667,99.76667,2009-10-30 12:00:00+00:00,10,whale_shark,29.23951494190706
24.1940463488,-110.35308382,2018-01-04 11:17:45+00:00,1,whale_shark,25.649328184524276
-17.7870978762,178.9975087442,2003-09-16 11:24:00+00:00,9,whale_shark,27.441926648945707
21.4558547803,-86.7810013243,2017-07-31 15:39:00+00:00,7,whale_shark,26.929846524934284
-21.98042,113.9075,2007-05-10 12:00:00+00:00,5,whale_shark,25.518224411162183
16.1392,-86.9041,2006-03-06 12:00:00+00:00,3,whale_shark,28.382852796658298
16.1392,-86.9041,2007-01-24 12:00:00+00:00,1,whale_shark,28.382852796658298
10.16667,99.76667,2009-08-14 12:00:00+00:00,8,whale_shark,29.23951494190706
-21.28383,113.8665,2006-05-15 12:00:00+00:00,5,whale_shark,26.146794257639538
-21.96067,113.88667,1998-04-17 12:00:00+00:00,4,whale_shark,25.518224411162183
-21.9013,113.9015,2003-04-23 12:00:00+00:00,4,whale_shark,25.675786608329787
24.1941476152,-110.33346082,2024-12-20 18:12:00+00:00,12,whale_shark,25.649328184524276
16.1392,-86.9041,2009-10-18 12:00:00+00:00,10,whale_shark,28.382852796658298
24.18755,-110.3317866667,2024-01-17 23:38:44+00:00,1,whale_shark,25.649328184524276
-21.9013,113.9015,2001-05-24 12:00:00+00:00,5,whale_shark,25.675786608329787
-23.0322,113.715,2002-06-18 12:00:00+00:00,6,whale_shark,25.036788672847557
12.9333,123.533,2008-03-13 12:00:00+00:00,3,whale_shark,28.51596874092765
-21.9013,113.9015,2005-06-12 12:00:00+00:00,6,whale_shark,25.675786608329787
16.1392,-86.9041,2001-03-16 12:00:00+00:00,3,whale_shark,28.382852796658298
39.4496140546,-71.884272868,2023-08-14 15:53:00+00:00,8,whale_shark,17.908115453338944
-21.9013,113.9015,2002-06-17 12:00:00+00:00,6,whale_shark,25.675786608329787
29.58333,-88.03333,2007-08-12 12:00:00+00:00,8,whale_shark,23.953367391687998
12.9333,123.533,2009-02-18 12:00:00+00:00,2,whale_shark,28.51596874092765
-23.9736,35.5122,2009-01-14 12:00:00+00:00,1,whale_shark,25.938334449139674
-21.9013,113.9015,2004-06-13 12:00:00+00:00,6,whale_shark,25.675786608329787
-23.9736,35.5122,2007-03-12 12:00:00+00:00,3,whale_shark,25.938334449139674
12.9333,123.533,2007-02-19 12:00:00+00:00,2,whale_shark,28.51596874092765
9.93333,99.98333,2009-04-01 12:00:00+00:00,4,whale_shark,29.30902393925889
27.97222,34.46028,2008-07-03 12:00:00+00:00,7,whale_shark,26.120383068225454
-23.0322,113.715,2009-04-11 12:00:00+00:00,4,whale_shark,25.036788672847557
10.16667,99.76667,2005-09-16 00:00:00+00:00,9,whale_shark,29.23951494190706
-5.6750143125,120.5458940947,2022-08-31 15:14:00+00:00,8,whale_shark,29.016848352035396
21.5534372082,-86.1559870706,2025-07-11 16:36:00+00:00,7,whale_shark,28.156051777688546
8.946719979,120.6891508919,2017-05-30 03:47:00+00:00,5,whale_shark,29.22847976530653
-21.86667,113.91666,2001-04-10 12:00:00+00:00,4,whale_shark,25.55689110491427
-21.8463113337,113.9681752505,2012-07-23 14:16:00+00:00,7,whale_shark,25.432449616410796
-23.0322,113.715,2003-06-08 12:00:00+00:00,6,whale_shark,25.036788672847557
-21.9013,113.9015,2007-06-01 12:00:00+00:00,6,whale_shark,25.675786608329787
11.5688,42.77747,2008-12-13 12:00:00+00:00,12,whale_shark,28.86776234632084
9.52679766,123.5944604599,2019-04-07 21:51:15+00:00,4,whale_shark,29.00209496063207
-21.9013,113.9015,2009-04-20 12:00:00+00:00,4,whale_shark,25.675786608329787
-23.97361,35.51222,2008-10-21 12:00:00+00:00,10,whale_shark,25.938334449139674
8.5414244485,97.6067992184,2014-02-23 03:48:23+00:00,2,whale_shark,29.279489905013353
-23.9736,35.5122,2008-10-21 12:00:00+00:00,10,whale_shark,25.938334449139674
-21.9013,113.9015,1998-05-04 12:00:00+00:00,5,whale_shark,25.675786608329787
-23.9736,35.5122,2005-10-22 12:00:00+00:00,10,whale_shark,25.938334449139674
-21.9013,113.9015,2005-05-23 12:00:00+00:00,5,whale_shark,25.675786608329787
21.76111,-87.10944,2007-08-26 12:00:00+00:00,8,whale_shark,26.731026951996075
-23.9736,35.5122,2008-10-15 12:00:00+00:00,10,whale_shark,25.938334449139674
12.9333,123.533,2008-03-31 12:00:00+00:00,3,whale_shark,28.51596874092765
12.9333,123.533,2007-03-07 12:00:00+00:00,3,whale_shark,28.51596874092765
-21.9013,113.9015,2002-06-06 12:00:00+00:00,6,whale_shark,25.675786608329787
12.92,123.54639,2007-05-04 12:00:00+00:00,5,whale_shark,28.51596874092765
-21.9013,113.9015,2001-06-01 12:00:00+00:00,6,whale_shark,25.675786608329787
16.15702,-86.90017,2009-01-07 12:00:00+00:00,1,whale_shark,28.389415803943834
12.91667,123.53333,2009-03-31 12:00:00+00:00,3,whale_shark,28.51596874092765
3.4796990431,72.828468716,2013-11-16 12:18:00+00:00,11,whale_shark,29.31232507431667
16.1392,-86.9041,2007-12-12 12:00:00+00:00,12,whale_shark,28.382852796658298
-21.9013,113.9015,2003-07-11 12:00:00+00:00,7,whale_shark,25.675786608329787
12.9333,123.533,2006-04-21 12:00:00+00:00,4,whale_shark,28.51596874092765
-21.9013,113.9015,2004-07-30 12:00:00+00:00,7,whale_shark,25.675786608329787
-21.9013,113.9015,1994-04-16 00:00:00+00:00,4,whale_shark,25.675786608329787
-21.9013,113.9015,2009-06-13 12:00:00+00:00,6,whale_shark,25.675786608329787
-21.8750895687,113.8557855454,2026-06-09 21:00:00+00:00,6,whale_shark,25.764861044270425
9.5170782614,123.3155118921,2026-04-14 21:55:00+00:00,4,whale_shark,29.075537638905118
-20.0,113.0,1997-04-10 12:00:00+00:00,4,whale_shark,26.24810178757877
9.972183273,123.2529532285,2022-09-08 07:37:00+00:00,9,whale_shark,29.067529972922138
16.1392,-86.9041,1999-01-16 12:00:00+00:00,1,whale_shark,28.382852796658298
-21.9013,113.9015,2009-06-11 12:00:00+00:00,6,whale_shark,25.675786608329787
16.1392,-86.9041,2005-03-16 12:00:00+00:00,3,whale_shark,28.382852796658298
-23.9736,35.5122,2005-11-01 12:00:00+00:00,11,whale_shark,25.938334449139674
-23.9736,35.5122,2007-10-13 12:00:00+00:00,10,whale_shark,25.938334449139674
11.38833,97.675,2007-01-13 12:00:00+00:00,1,whale_shark,29.193780669224708
10.16667,99.76667,2007-04-02 12:00:00+00:00,4,whale_shark,29.23951494190706
-23.9736,35.5122,2007-07-01 12:00:00+00:00,7,whale_shark,25.938334449139674
11.58333,42.8,2009-11-08 12:00:00+00:00,11,whale_shark,28.86776234632084
-23.0322,113.715,2008-04-30 12:00:00+00:00,4,whale_shark,25.036788672847557
-23.0322,113.715,2000-04-02 12:00:00+00:00,4,whale_shark,25.036788672847557
-21.9013,113.9015,2002-07-15 12:00:00+00:00,7,whale_shark,25.675786608329787
21.5549302771,-86.2169683352,2024-08-18 15:29:00+00:00,8,whale_shark,28.043147825854604
-5.3,150.10001,2006-09-08 12:00:00+00:00,9,whale_shark,29.658129226696765
3.4015992861,72.9994613454,2024-11-06 10:59:00+00:00,11,whale_shark,29.277671627796508
21.4820612109,-86.7405513202,2016-08-11 13:17:00+00:00,8,whale_shark,26.88642940954923
21.55598,-86.85194,2008-07-30 12:00:00+00:00,7,whale_shark,26.934895788047044
-23.9736,35.5122,2008-03-27 12:00:00+00:00,3,whale_shark,25.938334449139674
10.16667,99.76667,2009-05-13 12:00:00+00:00,5,whale_shark,29.23951494190706
12.9333,123.533,2009-01-15 12:00:00+00:00,1,whale_shark,28.51596874092765
-21.9013,113.9015,2007-06-10 12:00:00+00:00,6,whale_shark,25.675786608329787
12.9333,123.533,2008-04-20 12:00:00+00:00,4,whale_shark,28.51596874092765
12.91667,123.51667,2009-04-14 12:00:00+00:00,4,whale_shark,28.513830209574582
3.46997,72.80412,2006-05-10 12:00:00+00:00,5,whale_shark,29.319521372620514
16.1392,-86.9041,2008-03-15 12:00:00+00:00,3,whale_shark,28.382852796658298
12.9333,123.533,2009-05-28 12:00:00+00:00,5,whale_shark,28.51596874092765
-21.9013,113.9015,2005-04-05 12:00:00+00:00,4,whale_shark,25.675786608329787
-22.01667,113.9,2006-04-15 12:00:00+00:00,4,whale_shark,25.481995822091463
3.47015,72.8023,2007-06-04 12:00:00+00:00,6,whale_shark,29.319521372620514
-21.9013,113.9015,2008-06-10 12:00:00+00:00,6,whale_shark,25.675786608329787
21.71667,-87.1,2004-08-11 12:00:00+00:00,8,whale_shark,26.694487773479374
12.93333,123.51667,2009-03-22 12:00:00+00:00,3,whale_shark,28.513830209574582
-4.4894446603,55.4225685392,2024-08-10 07:37:00+00:00,8,whale_shark,28.405476682021884
-21.9013,113.9015,2004-07-09 12:00:00+00:00,7,whale_shark,25.675786608329787
-21.9013,113.9015,2006-04-21 12:00:00+00:00,4,whale_shark,25.675786608329787
-21.95007,113.9085,2005-05-14 12:00:00+00:00,5,whale_shark,25.5942481337035
-23.9736,35.5122,2005-11-29 12:00:00+00:00,11,whale_shark,25.938334449139674
-23.9736,35.5122,2007-05-22 12:00:00+00:00,5,whale_shark,25.938334449139674
-23.0322,113.715,2008-05-19 12:00:00+00:00,5,whale_shark,25.036788672847557
-21.9013,113.9015,2002-06-16 00:00:00+00:00,6,whale_shark,25.675786608329787
21.6182695879,-87.2236380998,2015-09-04 07:21:00+00:00,9,whale_shark,26.498496940451798
12.9333,123.533,2009-02-11 12:00:00+00:00,2,whale_shark,28.51596874092765
-21.9013,113.9015,2000-05-16 12:00:00+00:00,5,whale_shark,25.675786608329787
12.9333,123.533,2009-03-14 12:00:00+00:00,3,whale_shark,28.51596874092765
-21.9013,113.9015,2005-07-11 12:00:00+00:00,7,whale_shark,25.675786608329787
-21.9013,113.9015,2001-07-13 12:00:00+00:00,7,whale_shark,25.675786608329787
-21.9013,113.9015,2007-06-19 12:00:00+00:00,6,whale_shark,25.675786608329787
12.94,123.55139,2008-02-02 12:00:00+00:00,2,whale_shark,28.51596874092765
-21.9013,113.9015,2005-07-18 12:00:00+00:00,7,whale_shark,25.675786608329787
12.91667,123.53333,2009-03-26 12:00:00+00:00,3,whale_shark,28.51596874092765
21.3591209302,-86.3953951459,2022-08-29 06:35:00+00:00,8,whale_shark,27.796752698196318
16.1392,-86.9041,2007-04-04 12:00:00+00:00,4,whale_shark,28.382852796658298
27.88333,-94.86667,2008-07-17 12:00:00+00:00,7,whale_shark,25.33044529349063
-23.88222,35.55639,2008-10-24 12:00:00+00:00,10,whale_shark,26.01075613941009
12.91667,123.51667,2009-03-21 12:00:00+00:00,3,whale_shark,28.513830209574582
-21.9013,113.9015,2008-05-07 12:00:00+00:00,5,whale_shark,25.675786608329787
21.2983904412,-86.7131249885,2011-07-05 14:24:00+00:00,7,whale_shark,26.850902069439
16.1392,-86.9041,2005-05-25 12:00:00+00:00,5,whale_shark,28.382852796658298
27.86667,-83.18333,2009-07-24 12:00:00+00:00,7,whale_shark,24.612611518159916
-23.0322,113.715,2008-05-21 12:00:00+00:00,5,whale_shark,25.036788672847557
-21.98017,113.89787,2008-05-07 12:00:00+00:00,5,whale_shark,25.518224411162183
-23.9736,35.5122,2007-04-17 12:00:00+00:00,4,whale_shark,25.938334449139674
-21.9013,113.9015,2004-06-06 12:00:00+00:00,6,whale_shark,25.675786608329787
-12.43333,114.01667,2009-03-08 12:00:00+00:00,3,whale_shark,28.45656719140222
24.1940104101,-110.3172162958,2009-03-07 20:17:00+00:00,3,whale_shark,25.649328184524276
21.76667,-87.13333,2005-07-11 12:00:00+00:00,7,whale_shark,26.68769517891387
-21.91565,113.92419,2007-05-27 12:00:00+00:00,5,whale_shark,25.49266998464337
12.9333,123.533,2008-04-22 12:00:00+00:00,4,whale_shark,28.51596874092765
-21.0675,113.87805,2007-05-24 12:00:00+00:00,5,whale_shark,26.15184530938308
-21.89417,113.95338,2007-05-18 12:00:00+00:00,5,whale_shark,25.55689110491427
-23.0322,113.715,2009-05-28 12:00:00+00:00,5,whale_shark,25.036788672847557
-23.9736,35.5122,2005-10-19 12:00:00+00:00,10,whale_shark,25.938334449139674
-21.9013,113.9015,2005-05-18 12:00:00+00:00,5,whale_shark,25.675786608329787
-21.9013,113.9015,2005-04-03 12:00:00+00:00,4,whale_shark,25.675786608329787
-3.0475284773,135.0773952431,2012-09-18 17:40:00+00:00,9,whale_shark,29.68920897247643
-21.92743,113.89613,1997-04-17 12:00:00+00:00,4,whale_shark,25.5942481337035
22.13305,120.6925,2007-05-02 12:00:00+00:00,5,whale_shark,27.065116085795225
-21.8940961809,113.8441594002,2017-05-03 06:55:00+00:00,5,whale_shark,25.764861044270425
-21.9013,113.9015,2002-05-29 12:00:00+00:00,5,whale_shark,25.675786608329787
-21.9013,113.9015,2003-06-29 12:00:00+00:00,6,whale_shark,25.675786608329787
-23.0322,113.715,2003-06-09 12:00:00+00:00,6,whale_shark,25.036788672847557
21.345838633,-86.2669474352,2019-09-14 15:56:00+00:00,9,whale_shark,28.065172962919128
24.2856108052,-110.5926090888,2017-11-20 17:58:00+00:00,11,whale_shark,25.56332790001602
-21.9013,113.9015,2007-07-07 12:00:00+00:00,7,whale_shark,25.675786608329787
12.9333,123.533,2007-04-04 12:00:00+00:00,4,whale_shark,28.51596874092765
-21.9013,113.9015,2008-05-27 12:00:00+00:00,5,whale_shark,25.675786608329787
-21.9013,113.9015,2004-04-30 12:00:00+00:00,4,whale_shark,25.675786608329787
12.9333,123.533,2008-05-17 12:00:00+00:00,5,whale_shark,28.51596874092765
9.36293,98.02202,2005-03-04 12:00:00+00:00,3,whale_shark,29.390694645120377
-23.0322,113.715,2009-04-05 12:00:00+00:00,4,whale_shark,25.036788672847557
-23.9736,35.5122,2007-01-17 12:00:00+00:00,1,whale_shark,25.938334449139674
-23.14192,113.60641,2008-05-02 12:00:00+00:00,5,whale_shark,25.147122498613403
-23.0322,113.715,2000-03-31 12:00:00+00:00,3,whale_shark,25.036788672847557
9.5140436265,123.2462969205,2016-11-19 22:17:00+00:00,11,whale_shark,29.08466877570812
24.5258329888,-110.4165897487,2009-08-09 00:14:00+00:00,8,whale_shark,25.472354108898237
12.9333,123.533,2008-03-11 12:00:00+00:00,3,whale_shark,28.51596874092765
-21.9013,113.9015,2008-05-12 12:00:00+00:00,5,whale_shark,25.675786608329787
-28.16139,-90.71611,2007-11-08 12:00:00+00:00,11,whale_shark,20.399540124476363
-21.9013,113.9015,2009-07-08 12:00:00+00:00,7,whale_shark,25.675786608329787
12.9333,123.533,2008-12-18 12:00:00+00:00,12,whale_shark,28.51596874092765
-21.9013,113.9015,2004-04-18 12:00:00+00:00,4,whale_shark,25.675786608329787
-23.9736,35.5122,2007-09-12 12:00:00+00:00,9,whale_shark,25.938334449139674
12.93778,123.53806,2007-05-22 12:00:00+00:00,5,whale_shark,28.51596874092765
16.1392,-86.9041,2009-04-06 12:00:00+00:00,4,whale_shark,28.382852796658298
-21.9013,113.9015,2003-04-02 12:00:00+00:00,4,whale_shark,25.675786608329787
-21.9013,113.9015,2008-06-22 12:00:00+00:00,6,whale_shark,25.675786608329787
-21.9013,113.9015,2001-06-07 12:00:00+00:00,6,whale_shark,25.675786608329787
26.5242636233,34.1867173842,2016-08-04 07:45:00+00:00,8,whale_shark,26.130714730160804
-21.8167994493,113.985988694,2024-06-13 08:30:00+00:00,6,whale_shark,25.432449616410796
12.9333,123.533,2009-04-27 12:00:00+00:00,4,whale_shark,28.51596874092765
-21.9013,113.9015,2009-05-10 12:00:00+00:00,5,whale_shark,25.675786608329787
16.13218,-86.84927,2005-04-12 12:00:00+00:00,4,whale_shark,28.373788451165574
12.9333,123.533,2010-02-20 12:00:00+00:00,2,whale_shark,28.51596874092765
-23.9736,35.5122,2005-11-16 12:00:00+00:00,11,whale_shark,25.938334449139674
-21.9013,113.9015,2008-06-25 12:00:00+00:00,6,whale_shark,25.675786608329787
-21.9013,113.9015,2001-05-01 12:00:00+00:00,5,whale_shark,25.675786608329787
-7.91417,39.64433,2008-01-16 12:00:00+00:00,1,whale_shark,27.717842692552242
12.9333,123.533,2008-05-02 12:00:00+00:00,5,whale_shark,28.51596874092765
-23.0322,113.715,1999-05-10 12:00:00+00:00,5,whale_shark,25.036788672847557
32.3268231405,-64.8033330379,2022-05-03 11:46:00+00:00,5,whale_shark,23.54390021612446
16.1392,-86.9041,2008-06-18 12:00:00+00:00,6,whale_shark,28.382852796658298
-21.9013,113.9015,2009-07-07 12:00:00+00:00,7,whale_shark,25.675786608329787
-23.86794,35.39028,2005-05-06 12:00:00+00:00,5,whale_shark,25.90361441849079
12.91667,123.51667,2009-05-23 12:00:00+00:00,5,whale_shark,28.513830209574582
2.2696798196,73.3009368989,2022-02-17 09:50:04+00:00,2,whale_shark,29.394911159049585
-35.4878936869,174.7528083803,2024-02-05 22:32:00+00:00,2,whale_shark,18.350226517299905
-23.86794,35.39028,2005-05-09 12:00:00+00:00,5,whale_shark,25.90361441849079
-23.01433,35.92812,2008-02-01 12:00:00+00:00,2,whale_shark,26.341432230978512
28.9128539185,-113.5186582962,2016-09-17 12:29:00+00:00,9,whale_shark,22.345893079586965
-21.9013,113.9015,1997-04-17 12:00:00+00:00,4,whale_shark,25.675786608329787
12.9333,123.533,2008-03-19 12:00:00+00:00,3,whale_shark,28.51596874092765
-21.92913,113.91015,1997-04-17 12:00:00+00:00,4,whale_shark,25.5942481337035
1.8088812877,118.4135257284,2023-08-26 23:03:00+00:00,8,whale_shark,29.465383625580106
-23.9736,35.5122,2006-12-17 12:00:00+00:00,12,whale_shark,25.938334449139674
-10.4629170997,105.7169048678,1995-03-20 18:00:00+00:00,3,whale_shark,28.1122259083418
-21.9013,113.9015,2008-04-25 12:00:00+00:00,4,whale_shark,25.675786608329787
12.9333,123.533,2008-01-28 12:00:00+00:00,1,whale_shark,28.51596874092765
9.5776662385,123.4919642072,2023-08-09 01:37:00+00:00,8,whale_shark,29.06694167170459
16.10047,-86.85312,2009-01-05 12:00:00+00:00,1,whale_shark,28.369911366048147
38.4298236675,-73.5400758712,2023-09-10 18:01:49+00:00,9,whale_shark,16.91106369660812
12.9333,123.533,2009-02-22 12:00:00+00:00,2,whale_shark,28.51596874092765
12.9333,123.533,2010-02-09 12:00:00+00:00,2,whale_shark,28.51596874092765
-33.721698761,18.448299408,1989-10-16 12:00:00+00:00,10,whale_shark,14.619055552433432
-21.9013,113.9015,2004-07-01 12:00:00+00:00,7,whale_shark,25.675786608329787
12.9333,123.533,2009-03-18 12:00:00+00:00,3,whale_shark,28.51596874092765
-23.9736,35.5122,2006-12-07 12:00:00+00:00,12,whale_shark,25.938334449139674
27.792,34.2625,2007-07-21 12:00:00+00:00,7,whale_shark,26.145254430502728
-21.9013,113.9015,2009-05-12 12:00:00+00:00,5,whale_shark,25.675786608329787
-21.9013,113.9015,2006-05-20 12:00:00+00:00,5,whale_shark,25.675786608329787
-21.9013,113.9015,2001-07-02 12:00:00+00:00,7,whale_shark,25.675786608329787
-23.0322,113.715,2002-05-26 12:00:00+00:00,5,whale_shark,25.036788672847557
16.1392,-86.9041,2006-05-25 12:00:00+00:00,5,whale_shark,28.382852796658298
12.93333,123.51667,2009-04-08 12:00:00+00:00,4,whale_shark,28.513830209574582
16.1392,-86.9041,2007-03-30 12:00:00+00:00,3,whale_shark,28.382852796658298
28.2740162833,-90.2202865325,2024-12-30 15:51:58+00:00,12,whale_shark,25.22621366758807
21.59917,-86.725,2006-07-17 12:00:00+00:00,7,whale_shark,26.884646378172686
-21.96667,113.88333,2009-06-20 12:00:00+00:00,6,whale_shark,25.518224411162183
-21.9013,113.9015,2009-06-18 12:00:00+00:00,6,whale_shark,25.675786608329787
3.7069055158,72.7213537276,2023-10-24 15:55:30+00:00,10,whale_shark,29.396524501835724
12.91667,123.51667,2009-03-23 12:00:00+00:00,3,whale_shark,28.513830209574582
12.9333,123.533,2006-04-04 12:00:00+00:00,4,whale_shark,28.51596874092765
-21.9013,113.9015,2005-05-27 12:00:00+00:00,5,whale_shark,25.675786608329787
9.93333,99.98333,2009-09-26 12:00:00+00:00,9,whale_shark,29.30902393925889
16.1818379209,-86.986009007,2016-04-23 04:29:00+00:00,4,whale_shark,28.42221954388969
10.16667,99.76667,2007-05-10 12:00:00+00:00,5,whale_shark,29.23951494190706
-23.0322,113.715,2001-05-25 12:00:00+00:00,5,whale_shark,25.036788672847557
-23.0322,113.715,1999-05-21 12:00:00+00:00,5,whale_shark,25.036788672847557
-21.9013,113.9015,2008-05-09 12:00:00+00:00,5,whale_shark,25.675786608329787
-23.0322,113.715,2008-03-19 12:00:00+00:00,3,whale_shark,25.036788672847557
-21.9155374194,113.8350987029,2010-04-19 04:20:00+00:00,4,whale_shark,25.69438338380308
-21.9013,113.9015,2009-04-05 12:00:00+00:00,4,whale_shark,25.675786608329787
-23.9736,35.5122,2005-11-05 12:00:00+00:00,11,whale_shark,25.938334449139674
-22.1278,113.86888,2008-06-14 12:00:00+00:00,6,whale_shark,25.426679038863863
-23.00542,35.92732,2008-03-29 12:00:00+00:00,3,whale_shark,26.34721558867674
6.9525,117.01917,2007-08-16 12:00:00+00:00,8,whale_shark,29.289432652619162
9.5446779605,123.266128418,2023-07-14 23:39:00+00:00,7,whale_shark,29.08466877570812
-23.0322,113.715,2009-04-01 12:00:00+00:00,4,whale_shark,25.036788672847557
21.7664820695,-87.3792277674,2013-07-17 15:23:35+00:00,7,whale_shark,26.610759421377736
-21.9013,113.9015,2005-06-30 12:00:00+00:00,6,whale_shark,25.675786608329787
12.9,123.56667,2009-04-09 12:00:00+00:00,4,whale_shark,28.48981481942721
12.91667,123.53333,2009-03-27 12:00:00+00:00,3,whale_shark,28.51596874092765
12.9333,123.533,2009-05-26 12:00:00+00:00,5,whale_shark,28.51596874092765
-21.9013,113.9015,2005-04-12 12:00:00+00:00,4,whale_shark,25.675786608329787
3.8623594791,73.487624034,2023-11-10 09:45:00+00:00,11,whale_shark,29.17055691620687
12.9333,123.533,2009-05-14 12:00:00+00:00,5,whale_shark,28.51596874092765
21.9109603425,-87.1030330491,2016-03-25 23:19:00+00:00,3,whale_shark,26.68256460001927
16.1392,-86.9041,2008-02-06 12:00:00+00:00,2,whale_shark,28.382852796658298
-7.89733,39.66017,2008-02-24 12:00:00+00:00,2,whale_shark,27.724165549152488
24.2299162111,-110.4644381321,2018-11-11 05:24:00+00:00,11,whale_shark,25.63799539824695
-19.41667,116.48333,2008-09-11 12:00:00+00:00,9,whale_shark,27.319096050214778
-23.9736,35.5122,2007-05-10 12:00:00+00:00,5,whale_shark,25.938334449139674
12.91667,123.53333,2009-03-13 12:00:00+00:00,3,whale_shark,28.51596874092765
-21.9013,113.9015,2006-04-19 12:00:00+00:00,4,whale_shark,25.675786608329787
-23.9736,35.5122,2008-04-24 12:00:00+00:00,4,whale_shark,25.938334449139674
-13.3938179781,48.0037816846,2024-10-07 11:15:56+00:00,10,whale_shark,28.31868074305054
-21.9013,113.9015,1996-05-05 12:00:00+00:00,5,whale_shark,25.675786608329787
3.46892,72.80692,2007-06-08 12:00:00+00:00,6,whale_shark,29.319521372620514
-21.9013,113.9015,2001-06-03 12:00:00+00:00,6,whale_shark,25.675786608329787
12.9333,123.533,2010-01-22 12:00:00+00:00,1,whale_shark,28.51596874092765
21.7369316469,-86.5374720471,2013-06-21 20:54:00+00:00,6,whale_shark,27.410724776215485
4.5506803192,118.8391520975,2025-09-03 10:00:00+00:00,9,whale_shark,29.41936912270346
-23.9736,35.5122,2007-05-20 12:00:00+00:00,5,whale_shark,25.938334449139674
-21.93,113.917,1997-05-28 12:00:00+00:00,5,whale_shark,25.49266998464337
27.88242,34.32567,2008-05-19 12:00:00+00:00,5,whale_shark,26.15698449505285
7.708058849,98.2164698148,2014-02-09 23:04:00+00:00,2,whale_shark,29.57464035536242
-21.9013,113.9015,2009-05-16 12:00:00+00:00,5,whale_shark,25.675786608329787
20.1140555847,-86.4396391695,2021-07-29 09:51:16+00:00,7,whale_shark,28.28249551756562
-23.0322,113.715,2002-05-30 12:00:00+00:00,5,whale_shark,25.036788672847557
-7.89667,39.66267,2008-02-15 12:00:00+00:00,2,whale_shark,27.724165549152488
16.1392,-86.9041,2005-12-08 12:00:00+00:00,12,whale_shark,28.382852796658298
12.9333,123.533,2009-10-28 12:00:00+00:00,10,whale_shark,28.51596874092765
12.9333,123.533,2010-02-05 12:00:00+00:00,2,whale_shark,28.51596874092765
12.9333,123.533,2007-05-03 12:00:00+00:00,5,whale_shark,28.51596874092765
3.9005051766,72.8732541592,2010-11-16 15:58:00+00:00,11,whale_shark,29.360313373714124
21.47692,-86.62527,2008-08-26 12:00:00+00:00,8,whale_shark,26.936571837911696
24.3821805027,-110.5039997426,2016-04-12 03:06:56+00:00,4,whale_shark,25.538522285994272
23.792175,-106.881025,2021-04-11 13:23:05+00:00,4,whale_shark,26.49539175594605
9.480695601,123.4568209384,2024-08-13 00:43:56+00:00,8,whale_shark,29.012978309774862
16.1392,-86.9041,2008-01-16 12:00:00+00:00,1,whale_shark,28.382852796658298
12.9333,123.533,2009-03-24 12:00:00+00:00,3,whale_shark,28.51596874092765
12.93333,123.53333,2009-03-11 12:00:00+00:00,3,whale_shark,28.51596874092765
16.1392,-86.9041,2008-12-30 12:00:00+00:00,12,whale_shark,28.382852796658298
28.08333,-90.9,2009-06-11 12:00:00+00:00,6,whale_shark,25.559222952353917
3.2426862194,73.3089357709,2019-03-31 18:41:00+00:00,3,whale_shark,29.278804844824855
21.3606359653,-86.4477715049,2019-09-14 15:56:00+00:00,9,whale_shark,27.696166806353038
-21.9013,113.9015,2009-04-26 12:00:00+00:00,4,whale_shark,25.675786608329787
21.7428584279,-86.4931531278,2023-06-28 15:34:00+00:00,6,whale_shark,27.517890780892536
-21.9013,113.9015,2006-06-08 12:00:00+00:00,6,whale_shark,25.675786608329787
-21.9013,113.9015,1999-04-14 12:00:00+00:00,4,whale_shark,25.675786608329787
24.1783116667,-110.3761966667,2026-04-22 15:53:38+00:00,4,whale_shark,25.642381874033553
-22.9004,113.72683,1999-04-27 12:00:00+00:00,4,whale_shark,24.868293509957187
-23.9736,35.5122,2006-12-27 12:00:00+00:00,12,whale_shark,25.938334449139674
-23.0322,113.715,2003-05-29 12:00:00+00:00,5,whale_shark,25.036788672847557
-22.0,113.88333,2009-05-09 12:00:00+00:00,5,whale_shark,25.518224411162183
-23.0322,113.715,2008-05-25 12:00:00+00:00,5,whale_shark,25.036788672847557
-21.9013,113.9015,2003-04-19 12:00:00+00:00,4,whale_shark,25.675786608329787
-23.9736,35.5122,2009-02-27 12:00:00+00:00,2,whale_shark,25.938334449139674
-21.9013,113.9015,2005-06-18 12:00:00+00:00,6,whale_shark,25.675786608329787
-3.0722396062,134.9205829028,2025-09-19 12:52:55+00:00,9,whale_shark,29.662964046709337
-23.0322,113.715,2002-04-13 12:00:00+00:00,4,whale_shark,25.036788672847557
-23.8498741002,35.4311500248,2023-07-02 09:53:00+00:00,7,whale_shark,25.891407733524524
28.91667,-113.53333,2008-09-02 12:00:00+00:00,9,whale_shark,22.345893079586965
24.2198852205,-110.4034673037,2018-12-01 18:21:21+00:00,12,whale_shark,25.64930513049388
-23.0322,113.715,2005-04-08 12:00:00+00:00,4,whale_shark,25.036788672847557
-21.9013,113.9015,2009-04-17 12:00:00+00:00,4,whale_shark,25.675786608329787
-23.0322,113.715,2009-05-20 12:00:00+00:00,5,whale_shark,25.036788672847557
-21.91192,113.92495,1996-04-05 12:00:00+00:00,4,whale_shark,25.49266998464337
24.1795443744,-110.3849420433,2025-11-15 18:05:00+00:00,11,whale_shark,25.642381874033553
12.92083,123.56583,2007-05-30 12:00:00+00:00,5,whale_shark,28.51596874092765
-21.93287,113.90722,2008-05-08 12:00:00+00:00,5,whale_shark,25.5942481337035
-21.9013,113.9015,2005-06-04 12:00:00+00:00,6,whale_shark,25.675786608329787
16.1392,-86.9041,2009-03-28 12:00:00+00:00,3,whale_shark,28.382852796658298
12.9333,123.533,2006-05-07 12:00:00+00:00,5,whale_shark,28.51596874092765
12.9333,123.533,2010-02-13 12:00:00+00:00,2,whale_shark,28.51596874092765
3.4665,72.83916,2007-05-04 12:00:00+00:00,5,whale_shark,29.31232507431667
-21.9013,113.9015,2004-04-21 12:00:00+00:00,4,whale_shark,25.675786608329787
-22.4959559495,113.636610623,2026-06-15 06:56:00+00:00,6,whale_shark,25.441171093426927
-22.13262,113.85792,1995-05-18 12:00:00+00:00,5,whale_shark,25.52243702167535
1.9447140357,118.5647146247,2023-08-26 22:56:00+00:00,8,whale_shark,29.405917672201916
24.337693192,-110.4309398833,2024-04-15 22:49:00+00:00,4,whale_shark,25.58713123265964
9.5349768646,123.86753456,2024-06-26 22:37:54+00:00,6,whale_shark,28.933089245317426
-21.9013,113.9015,2009-06-27 12:00:00+00:00,6,whale_shark,25.675786608329787
-23.0322,113.715,1999-04-03 12:00:00+00:00,4,whale_shark,25.036788672847557
28.9588731429,-113.5472726457,2018-08-21 22:55:00+00:00,8,whale_shark,22.409499974247236
-23.0322,113.715,2005-05-20 12:00:00+00:00,5,whale_shark,25.036788672847557
-21.9013,113.9015,2006-04-22 12:00:00+00:00,4,whale_shark,25.675786608329787
-23.9736,35.5122,2006-01-10 12:00:00+00:00,1,whale_shark,25.938334449139674
12.9333,123.533,2007-04-03 12:00:00+00:00,4,whale_shark,28.51596874092765
28.6442010841,-118.3920246977,2022-06-26 19:42:00+00:00,6,whale_shark,18.81459634801609
12.9333,123.533,2007-02-25 12:00:00+00:00,2,whale_shark,28.51596874092765
-23.86667,35.5,2009-07-07 12:00:00+00:00,7,whale_shark,25.94660499947767
12.93694,123.54556,2007-04-04 12:00:00+00:00,4,whale_shark,28.51596874092765
16.15667,-86.87867,2005-12-28 12:00:00+00:00,12,whale_shark,28.389415803943834
-21.9013,113.9015,2009-04-30 12:00:00+00:00,4,whale_shark,25.675786608329787
-21.9013,113.9015,2006-04-17 12:00:00+00:00,4,whale_shark,25.675786608329787
-22.23412,113.82457,2008-05-15 12:00:00+00:00,5,whale_shark,25.417469780405906
-21.98333,113.88333,2009-05-09 12:00:00+00:00,5,whale_shark,25.518224411162183
-23.0322,113.715,2008-06-16 12:00:00+00:00,6,whale_shark,25.036788672847557
-23.9736,35.5122,2006-11-25 12:00:00+00:00,11,whale_shark,25.938334449139674
-23.53333,35.55,2009-09-10 12:00:00+00:00,9,whale_shark,25.937634768490046
9.5984035358,123.5054214471,2019-10-21 00:00:00+00:00,10,whale_shark,29.06694167170459
16.1392,-86.9041,2008-08-05 12:00:00+00:00,8,whale_shark,28.382852796658298
-17.65,178.95,2003-08-15 12:00:00+00:00,8,whale_shark,27.504226430235217
-22.1,113.86667,2009-05-24 12:00:00+00:00,5,whale_shark,25.425493967720673
1.6250708548,-92.1358493132,2004-07-01 19:31:00+00:00,7,whale_shark,26.354854668686038
21.4074194596,-86.4038968826,2025-09-15 16:00:00+00:00,9,whale_shark,27.771677589033164
12.9333,123.533,2008-05-03 12:00:00+00:00,5,whale_shark,28.51596874092765
-23.0322,113.715,2005-05-11 12:00:00+00:00,5,whale_shark,25.036788672847557
-21.9013,113.9015,1999-06-01 12:00:00+00:00,6,whale_shark,25.675786608329787
16.1392,-86.9041,2005-04-09 12:00:00+00:00,4,whale_shark,28.382852796658298
-21.9013,113.9015,2003-04-28 12:00:00+00:00,4,whale_shark,25.675786608329787
-23.9736,35.5122,2007-04-26 12:00:00+00:00,4,whale_shark,25.938334449139674
3.1310097641,73.2107375818,2024-03-14 04:31:19+00:00,3,whale_shark,29.281829364561414
-21.9013,113.9015,1997-04-30 12:00:00+00:00,4,whale_shark,25.675786608329787
12.93333,123.53333,2009-03-14 12:00:00+00:00,3,whale_shark,28.51596874092765
-23.0322,113.715,2007-05-30 12:00:00+00:00,5,whale_shark,25.036788672847557
12.9333,123.533,2008-05-11 12:00:00+00:00,5,whale_shark,28.51596874092765
-23.0322,113.715,2003-06-10 12:00:00+00:00,6,whale_shark,25.036788672847557
21.6,-86.7,2009-06-12 12:00:00+00:00,6,whale_shark,26.90678618430672
-21.95843,113.91187,2007-05-12 12:00:00+00:00,5,whale_shark,25.518224411162183
16.1392,-86.9041,2008-12-24 12:00:00+00:00,12,whale_shark,28.382852796658298
-21.9013,113.9015,2003-07-09 12:00:00+00:00,7,whale_shark,25.675786608329787
12.91667,123.51667,2009-04-21 12:00:00+00:00,4,whale_shark,28.513830209574582
-21.96843,113.90601,2007-05-17 12:00:00+00:00,5,whale_shark,25.518224411162183
-23.0322,113.715,2000-04-01 12:00:00+00:00,4,whale_shark,25.036788672847557
12.9333,123.533,2009-04-19 12:00:00+00:00,4,whale_shark,28.51596874092765
16.1392,-86.9041,2005-04-19 12:00:00+00:00,4,whale_shark,28.382852796658298
21.73333,-87.05,2006-08-17 12:00:00+00:00,8,whale_shark,26.829835167260512
16.1392,-86.9041,2008-02-18 12:00:00+00:00,2,whale_shark,28.382852796658298
-21.9013,113.9015,2009-06-23 12:00:00+00:00,6,whale_shark,25.675786608329787
-23.9736,35.5122,2006-10-19 12:00:00+00:00,10,whale_shark,25.938334449139674
-21.9013,113.9015,1999-06-02 12:00:00+00:00,6,whale_shark,25.675786608329787
-23.0322,113.715,2002-05-08 12:00:00+00:00,5,whale_shark,25.036788672847557
-23.9736,35.5122,2008-04-12 12:00:00+00:00,4,whale_shark,25.938334449139674
-21.9013,113.9015,2001-04-29 12:00:00+00:00,4,whale_shark,25.675786608329787
21.2439991654,-86.707299803,2018-06-23 10:00:00+00:00,6,whale_shark,26.94161545357842
-23.9736,35.5122,2009-01-08 12:00:00+00:00,1,whale_shark,25.938334449139674
21.4665926083,-86.7771979439,2023-09-12 15:56:28+00:00,9,whale_shark,26.912021259157047
-23.9736,35.5122,2005-11-20 12:00:00+00:00,11,whale_shark,25.938334449139674
-7.7830285783,39.6565050654,2017-11-12 19:57:00+00:00,11,whale_shark,27.740865988003687
-21.877203912,113.9719041956,2025-04-07 04:57:01+00:00,4,whale_shark,25.436806894039485
-21.9013,113.9015,2007-05-11 12:00:00+00:00,5,whale_shark,25.675786608329787
-21.9013,113.9015,2004-06-30 12:00:00+00:00,6,whale_shark,25.675786608329787
-21.9013,113.9015,2005-04-13 12:00:00+00:00,4,whale_shark,25.675786608329787
16.1392,-86.9041,2005-05-04 12:00:00+00:00,5,whale_shark,28.382852796658298
-23.9736,35.5122,2006-02-03 12:00:00+00:00,2,whale_shark,25.938334449139674
12.9333,123.533,2009-02-27 12:00:00+00:00,2,whale_shark,28.51596874092765
-23.0322,113.715,2009-04-28 12:00:00+00:00,4,whale_shark,25.036788672847557
12.9333,123.533,2009-01-06 12:00:00+00:00,1,whale_shark,28.51596874092765
-22.95592,113.73145,1999-04-20 12:00:00+00:00,4,whale_shark,24.851474916771043
3.406390446,72.6274427271,2024-12-03 15:21:00+00:00,12,whale_shark,29.27682800422219
-21.9013,113.9015,2009-05-14 12:00:00+00:00,5,whale_shark,25.675786608329787
-21.9013,113.9015,2003-05-30 12:00:00+00:00,5,whale_shark,25.675786608329787
-23.0322,113.715,2006-05-04 12:00:00+00:00,5,whale_shark,25.036788672847557
-21.8202258918,113.4005279326,2025-05-03 03:26:22+00:00,5,whale_shark,25.877501679472697
-21.9013,113.9015,1999-05-31 12:00:00+00:00,5,whale_shark,25.675786608329787
-23.0322,113.715,2006-07-02 12:00:00+00:00,7,whale_shark,25.036788672847557
-23.0322,113.715,2009-04-24 12:00:00+00:00,4,whale_shark,25.036788672847557
-23.0322,113.715,1999-04-18 12:00:00+00:00,4,whale_shark,25.036788672847557
24.1783466348,-110.3732533582,2024-03-08 18:30:00+00:00,3,whale_shark,25.642381874033553
12.9333,123.533,2009-03-27 12:00:00+00:00,3,whale_shark,28.51596874092765
-22.1,113.85,2006-04-22 12:00:00+00:00,4,whale_shark,25.518232405008256
-21.9005,113.9284,1996-03-28 12:00:00+00:00,3,whale_shark,25.55689110491427
-21.9013,113.9015,2009-07-02 12:00:00+00:00,7,whale_shark,25.675786608329787
12.9333,123.533,2009-02-25 12:00:00+00:00,2,whale_shark,28.51596874092765
-23.0322,113.715,2008-03-22 12:00:00+00:00,3,whale_shark,25.036788672847557
4.26667,73.0,2004-04-20 12:00:00+00:00,4,whale_shark,29.234238038828373
12.9333,123.533,2009-05-15 12:00:00+00:00,5,whale_shark,28.51596874092765
-23.0322,113.715,2002-06-25 12:00:00+00:00,6,whale_shark,25.036788672847557
9.4459111026,123.4343868851,2013-06-27 00:06:00+00:00,6,whale_shark,28.99500528168117
12.93333,123.53333,2009-04-13 12:00:00+00:00,4,whale_shark,28.51596874092765
24.1792079118,-110.37705458,2019-10-23 04:29:00+00:00,10,whale_shark,25.642381874033553
28.52722,-91.88416,2006-10-14 12:00:00+00:00,10,whale_shark,24.80108200599434
12.9333,123.533,2009-02-14 12:00:00+00:00,2,whale_shark,28.51596874092765
-21.90117,113.97553,2005-04-05 12:00:00+00:00,4,whale_shark,25.436806894039485
10.11667,99.8,2008-05-08 12:00:00+00:00,5,whale_shark,29.246944974558758
-23.0322,113.715,2009-04-16 12:00:00+00:00,4,whale_shark,25.036788672847557
-14.35,121.65,2009-04-07 12:00:00+00:00,4,whale_shark,28.96079614566507
22.0,38.0,2003-05-30 12:00:00+00:00,5,whale_shark,28.6284751568811
-21.9013,113.9015,2003-07-15 12:00:00+00:00,7,whale_shark,25.675786608329787
-13.3151309091,48.0391253225,2019-10-25 05:25:00+00:00,10,whale_shark,28.328662454210637
-21.9013,113.9015,2009-06-29 12:00:00+00:00,6,whale_shark,25.675786608329787
-21.98178,113.909,1996-04-14 12:00:00+00:00,4,whale_shark,25.518224411162183
10.16667,99.76667,2009-05-07 12:00:00+00:00,5,whale_shark,29.23951494190706
9.4539662921,123.2702070147,2016-06-14 02:01:00+00:00,6,whale_shark,29.076548209234847
-21.9013,113.9015,2005-05-03 12:00:00+00:00,5,whale_shark,25.675786608329787
12.9333,123.533,2009-04-12 12:00:00+00:00,4,whale_shark,28.51596874092765
3.475,72.82083,2008-11-19 12:00:00+00:00,11,whale_shark,29.31232507431667
-23.9736,35.5122,2008-03-01 12:00:00+00:00,3,whale_shark,25.938334449139674
-21.92225,113.91973,1996-04-04 12:00:00+00:00,4,whale_shark,25.49266998464337
-22.01903,113.8897,2007-06-26 12:00:00+00:00,6,whale_shark,25.481995822091463
-23.0322,113.715,2006-04-30 12:00:00+00:00,4,whale_shark,25.036788672847557
3.45147,72.81364,2006-04-26 12:00:00+00:00,4,whale_shark,29.31232507431667
-22.6385196086,113.5131988375,2010-04-01 17:49:00+00:00,4,whale_shark,25.56224736750679
-22.04543,113.88915,2005-05-15 12:00:00+00:00,5,whale_shark,25.481995822091463
-22.99168,113.72967,2008-05-26 12:00:00+00:00,5,whale_shark,24.843776092789113
25.6595257246,-80.1734273172,2025-11-19 17:30:00+00:00,11,whale_shark,26.855901368162478
-21.8866348072,113.8630643925,2024-06-13 08:30:00+00:00,6,whale_shark,25.764861044270425
-23.9736,35.5122,2007-02-07 12:00:00+00:00,2,whale_shark,25.938334449139674
-23.9736,35.5122,2006-11-20 12:00:00+00:00,11,whale_shark,25.938334449139674
10.123852205,99.7435304449,2026-01-21 14:49:51+00:00,1,whale_shark,29.250343051904995
-23.0322,113.715,2003-05-27 12:00:00+00:00,5,whale_shark,25.036788672847557
21.75028,-87.15583,2006-08-25 12:00:00+00:00,8,whale_shark,26.646405665864318
-23.9736,35.5122,2007-06-15 12:00:00+00:00,6,whale_shark,25.938334449139674
16.1392,-86.9041,2005-04-23 12:00:00+00:00,4,whale_shark,28.382852796658298
-22.18298,113.84164,1996-03-20 12:00:00+00:00,3,whale_shark,25.49777794813958
-23.0322,113.715,2008-06-13 12:00:00+00:00,6,whale_shark,25.036788672847557
-35.4795141863,174.815668682,2024-01-05 20:52:00+00:00,1,whale_shark,18.388782340705298
-23.02548,113.63937,2008-04-30 12:00:00+00:00,4,whale_shark,25.155845813810565
-23.9736,35.5122,2006-02-15 00:00:00+00:00,2,whale_shark,25.938334449139674
21.59103,-86.85975,2007-05-15 12:00:00+00:00,5,whale_shark,26.94546421921496
-23.9736,35.5122,2006-10-17 12:00:00+00:00,10,whale_shark,25.938334449139674
24.178319846,-110.3831005712,2022-12-13 22:44:00+00:00,12,whale_shark,25.642381874033553
-21.96667,113.9,2009-05-28 12:00:00+00:00,5,whale_shark,25.518224411162183
-23.9736,35.5122,2006-12-08 12:00:00+00:00,12,whale_shark,25.938334449139674
-23.0322,113.715,2002-04-22 12:00:00+00:00,4,whale_shark,25.036788672847557
21.73333,-87.13333,2004-08-10 12:00:00+00:00,8,whale_shark,26.646405665864318
24.110928,-109.780074,2023-05-23 02:30:00+00:00,5,whale_shark,25.754122514900782
27.518611565,-83.3614370223,2020-06-30 15:32:32+00:00,6,whale_shark,24.961826808607558
-23.9736,35.5122,2008-03-23 12:00:00+00:00,3,whale_shark,25.938334449139674
-21.9013,113.9015,2003-05-31 12:00:00+00:00,5,whale_shark,25.675786608329787
-21.9013,113.9015,2008-07-12 12:00:00+00:00,7,whale_shark,25.675786608329787
12.9333,123.533,2008-03-23 12:00:00+00:00,3,whale_shark,28.51596874092765
16.1392,-86.9041,2004-07-05 12:00:00+00:00,7,whale_shark,28.382852796658298
-23.0322,113.715,2002-06-22 12:00:00+00:00,6,whale_shark,25.036788672847557
10.16667,99.76667,2008-10-15 12:00:00+00:00,10,whale_shark,29.23951494190706
-21.9013,113.9015,2009-04-27 12:00:00+00:00,4,whale_shark,25.675786608329787
-21.9013,113.9015,2003-06-15 12:00:00+00:00,6,whale_shark,25.675786608329787
-22.98732,113.68677,2008-04-19 12:00:00+00:00,4,whale_shark,25.06824494177274
-21.97305,113.91444,2007-06-13 12:00:00+00:00,6,whale_shark,25.518224411162183
16.1392,-86.9041,2007-04-06 12:00:00+00:00,4,whale_shark,28.382852796658298
-22.04465,113.88544,2008-05-09 12:00:00+00:00,5,whale_shark,25.481995822091463
-21.83713,113.99625,2007-05-06 12:00:00+00:00,5,whale_shark,25.432449616410796
24.94972,35.99667,2006-02-12 12:00:00+00:00,2,whale_shark,27.278996267696
-22.9706,113.7296,1999-05-21 12:00:00+00:00,5,whale_shark,24.843776092789113
-23.0322,113.715,2001-06-08 12:00:00+00:00,6,whale_shark,25.036788672847557
-23.0322,113.715,2005-04-15 12:00:00+00:00,4,whale_shark,25.036788672847557
1.67333,-91.98972,2007-11-23 12:00:00+00:00,11,whale_shark,26.403910256059838
12.91667,123.53333,2009-04-15 12:00:00+00:00,4,whale_shark,28.51596874092765
-21.9013,113.9015,2009-06-12 12:00:00+00:00,6,whale_shark,25.675786608329787
27.18333,33.95,2009-03-01 12:00:00+00:00,3,whale_shark,25.886473587552604
5.81917,103.00584,2004-08-21 12:00:00+00:00,8,whale_shark,29.455829046866096
12.91667,123.51667,2009-04-20 12:00:00+00:00,4,whale_shark,28.513830209574582
16.1392,-86.9041,2007-01-23 12:00:00+00:00,1,whale_shark,28.382852796658298
-22.0760915639,113.7458014891,2016-07-12 02:52:00+00:00,7,whale_shark,25.73422153496357
-23.0322,113.715,2009-04-25 12:00:00+00:00,4,whale_shark,25.036788672847557
1.67278,-91.99084,2007-09-29 12:00:00+00:00,9,whale_shark,26.403910256059838
-22.95,113.7,2008-03-21 12:00:00+00:00,3,whale_shark,25.12831310915802
-21.9013,113.9015,2001-05-16 12:00:00+00:00,5,whale_shark,25.675786608329787
-21.9013,113.9015,2002-06-23 12:00:00+00:00,6,whale_shark,25.675786608329787
10.6245824809,-67.1417658996,2026-01-30 15:50:16+00:00,1,whale_shark,26.443505252933114
-23.9736,35.5122,2007-06-01 12:00:00+00:00,6,whale_shark,25.938334449139674
12.91667,123.53333,2009-03-23 12:00:00+00:00,3,whale_shark,28.51596874092765
-19.90195,115.34306,2008-06-17 12:00:00+00:00,6,whale_shark,26.920819553426398
-21.9013,113.9015,2003-06-28 12:00:00+00:00,6,whale_shark,25.675786608329787
-23.9736,35.5122,2007-02-19 12:00:00+00:00,2,whale_shark,25.938334449139674
-23.8118158025,35.4662260926,2016-07-25 19:49:00+00:00,7,whale_shark,25.93030106124057
-21.9013,113.9015,2002-07-08 12:00:00+00:00,7,whale_shark,25.675786608329787
-21.9013,113.9015,2001-06-06 12:00:00+00:00,6,whale_shark,25.675786608329787
-23.0322,113.715,2008-06-02 12:00:00+00:00,6,whale_shark,25.036788672847557
12.9333,123.533,2009-04-01 12:00:00+00:00,4,whale_shark,28.51596874092765
12.93444,123.53445,2007-05-09 12:00:00+00:00,5,whale_shark,28.51596874092765
-22.03333,113.86667,2009-05-18 12:00:00+00:00,5,whale_shark,25.481995822091463
-20.9568399523,113.5749204681,2023-08-30 10:04:06+00:00,8,whale_shark,26.065851587055786
12.9333,123.533,2006-04-27 12:00:00+00:00,4,whale_shark,28.51596874092765
-4.58277797699,55.6666679382,1928-07-02 00:00:00+00:00,7,whale_shark,28.353524725409308
21.585,-86.87583,2007-06-16 12:00:00+00:00,6,whale_shark,26.84802360428226
-23.0322,113.715,1999-05-07 12:00:00+00:00,5,whale_shark,25.036788672847557
12.9333,123.533,2009-02-13 12:00:00+00:00,2,whale_shark,28.51596874092765
3.475,72.8375,2008-05-22 12:00:00+00:00,5,whale_shark,29.31232507431667
-33.7167015076,18.4333000183,1989-10-16 12:00:00+00:00,10,whale_shark,14.619055552433432
-23.9736,35.5122,2009-01-11 12:00:00+00:00,1,whale_shark,25.938334449139674
-21.9013,113.9015,2009-04-22 12:00:00+00:00,4,whale_shark,25.675786608329787
-21.9013,113.9015,2003-07-13 12:00:00+00:00,7,whale_shark,25.675786608329787
-7.76667,113.26667,2010-02-13 12:00:00+00:00,2,whale_shark,29.228524423644483
39.4343643245,-72.083499475,2023-08-14 16:03:00+00:00,8,whale_shark,17.49275622630298
12.9333,123.533,2007-04-25 12:00:00+00:00,4,whale_shark,28.51596874092765
-21.9013,113.9015,2009-04-29 12:00:00+00:00,4,whale_shark,25.675786608329787
-21.9013,113.9015,2005-06-19 12:00:00+00:00,6,whale_shark,25.675786608329787
12.9333,123.533,2009-03-28 12:00:00+00:00,3,whale_shark,28.51596874092765
-21.94178,113.91455,2005-04-15 12:00:00+00:00,4,whale_shark,25.5942481337035
21.51667,-86.6,2009-07-16 12:00:00+00:00,7,whale_shark,27.065668167823777
12.91667,123.51667,2009-04-12 12:00:00+00:00,4,whale_shark,28.513830209574582
-21.9013,113.9015,2006-06-12 12:00:00+00:00,6,whale_shark,25.675786608329787
-21.96507,113.91109,2007-06-17 12:00:00+00:00,6,whale_shark,25.518224411162183
16.1392,-86.9041,2006-10-26 12:00:00+00:00,10,whale_shark,28.382852796658298
24.2113687606,-110.5403552308,2025-11-28 07:54:00+00:00,11,whale_shark,25.619301821957354
16.1392,-86.9041,2008-08-04 12:00:00+00:00,8,whale_shark,28.382852796658298
-23.9736,35.5122,2006-10-16 12:00:00+00:00,10,whale_shark,25.938334449139674
9.4673943216,123.2240483399,2026-04-14 21:56:00+00:00,4,whale_shark,29.084359524444295
-23.9736,35.5122,2007-01-29 12:00:00+00:00,1,whale_shark,25.938334449139674
-23.0322,113.715,1999-04-13 12:00:00+00:00,4,whale_shark,25.036788672847557
-21.9013,113.9015,2002-06-07 12:00:00+00:00,6,whale_shark,25.675786608329787
25.79707,-111.3080833333,2024-04-30 20:46:57+00:00,4,whale_shark,24.74909036773338
-14.05,121.76667,1995-07-16 12:00:00+00:00,7,whale_shark,28.898749056564068
-21.9013,113.9015,2009-06-16 12:00:00+00:00,6,whale_shark,25.675786608329787
-3.7469578553,133.6969111811,2024-11-18 22:57:00+00:00,11,whale_shark,29.094216060422124
-22.81278,113.65916,2008-04-01 12:00:00+00:00,4,whale_shark,25.183030286223104
-21.9013,113.9015,2005-05-17 12:00:00+00:00,5,whale_shark,25.675786608329787
12.91667,123.55,2009-03-07 12:00:00+00:00,3,whale_shark,28.51596874092765
-23.0322,113.715,2002-06-26 12:00:00+00:00,6,whale_shark,25.036788672847557
10.1846875048,99.6920808033,2026-01-30 06:30:00+00:00,1,whale_shark,29.254751218816015
-21.9013,113.9015,2008-04-15 12:00:00+00:00,4,whale_shark,25.675786608329787
-22.99153,113.72618,1999-04-21 12:00:00+00:00,4,whale_shark,24.843776092789113
9.93333,99.98333,2009-08-22 12:00:00+00:00,8,whale_shark,29.30902393925889
24.2088599871,-110.3909073709,2018-03-26 19:35:00+00:00,3,whale_shark,25.64930513049388
9.5163701847,123.4896497614,2018-11-03 00:23:00+00:00,11,whale_shark,29.02920476761338
-15.9682606975,-5.7669362177,2018-01-29 19:01:56+00:00,1,whale_shark,22.414741366900817
-23.9736,35.5122,2006-02-23 12:00:00+00:00,2,whale_shark,25.938334449139674
-21.9013,113.9015,2007-06-07 12:00:00+00:00,6,whale_shark,25.675786608329787
12.9333,123.533,2009-03-09 12:00:00+00:00,3,whale_shark,28.51596874092765
-21.9013,113.9015,2004-06-20 12:00:00+00:00,6,whale_shark,25.675786608329787
3.5140656791,72.8901190856,2023-10-07 05:41:22+00:00,10,whale_shark,29.303136836517922
3.50093,72.89973,2007-11-17 12:00:00+00:00,11,whale_shark,29.29275481614929
16.12245,-86.99695,2007-04-23 12:00:00+00:00,4,whale_shark,28.41879427520513
-21.9013,113.9015,2002-04-20 12:00:00+00:00,4,whale_shark,25.675786608329787
-23.0322,113.715,2000-04-26 12:00:00+00:00,4,whale_shark,25.036788672847557
9.36293,98.02202,2006-03-31 12:00:00+00:00,3,whale_shark,29.390694645120377
10.16667,99.76667,2009-05-08 12:00:00+00:00,5,whale_shark,29.23951494190706
-7.9508319772,39.611952129,2024-09-28 06:17:52+00:00,9,whale_shark,27.717842692552242
21.6082595844,-86.5367664159,2023-08-25 16:25:00+00:00,8,whale_shark,27.37932668750108
-21.9013,113.9015,2006-04-28 12:00:00+00:00,4,whale_shark,25.675786608329787
-21.9013,113.9015,2009-05-08 12:00:00+00:00,5,whale_shark,25.675786608329787
12.9333,123.533,2009-05-07 12:00:00+00:00,5,whale_shark,28.51596874092765
-21.9013,113.9015,2006-04-27 12:00:00+00:00,4,whale_shark,25.675786608329787
-21.9013,113.9015,2006-04-20 12:00:00+00:00,4,whale_shark,25.675786608329787
-22.09068,113.71363,2008-05-30 12:00:00+00:00,5,whale_shark,25.80389752454472
-21.9013,113.9015,2001-04-28 12:00:00+00:00,4,whale_shark,25.675786608329787
-22.961,113.73333,2008-03-31 12:00:00+00:00,3,whale_shark,24.843776092789113
-23.9736,35.5122,2008-10-12 12:00:00+00:00,10,whale_shark,25.938334449139674
-21.9013,113.9015,2009-07-05 12:00:00+00:00,7,whale_shark,25.675786608329787
12.9333,123.533,2009-02-05 12:00:00+00:00,2,whale_shark,28.51596874092765
21.71667,-87.0,2009-08-07 12:00:00+00:00,8,whale_shark,26.86981912646505
-21.9013,113.9015,2008-04-26 12:00:00+00:00,4,whale_shark,25.675786608329787
-21.9013,113.9015,2003-04-24 12:00:00+00:00,4,whale_shark,25.675786608329787
-21.93313,113.9154,1996-04-03 12:00:00+00:00,4,whale_shark,25.5942481337035
-21.9013,113.9015,2002-04-23 12:00:00+00:00,4,whale_shark,25.675786608329787
-23.0322,113.715,2009-06-08 12:00:00+00:00,6,whale_shark,25.036788672847557
-23.0322,113.715,2001-04-06 12:00:00+00:00,4,whale_shark,25.036788672847557
-21.857057044,113.9552721307,2024-05-10 01:59:00+00:00,5,whale_shark,25.55689110491427
-15.9375046372,-5.7297116748,2015-01-25 18:23:00+00:00,1,whale_shark,22.41675321160663
-4.63860736,55.2933381781,2024-09-29 08:30:02+00:00,9,whale_shark,28.394991877076134
-21.95212,113.88242,2005-04-13 12:00:00+00:00,4,whale_shark,25.5942481337035
-21.9013,113.9015,2003-06-08 12:00:00+00:00,6,whale_shark,25.675786608329787
12.91667,123.55,2009-05-16 12:00:00+00:00,5,whale_shark,28.51596874092765
-3.1603031092,135.1555016349,2012-09-18 17:18:00+00:00,9,whale_shark,29.66222241704387
-7.90889,39.63445,2008-01-18 12:00:00+00:00,1,whale_shark,27.717842692552242
-21.9013,113.9015,2009-07-04 12:00:00+00:00,7,whale_shark,25.675786608329787
49.33333,-123.25,2004-06-15 12:00:00+00:00,6,whale_shark,10.574409179770768
21.4856884318,-86.7195096278,2021-06-13 13:41:07+00:00,6,whale_shark,26.88642940954923
-21.9013,113.9015,2009-04-03 12:00:00+00:00,4,whale_shark,25.675786608329787
-21.9013,113.9015,2002-05-14 12:00:00+00:00,5,whale_shark,25.675786608329787
-23.9736,35.5122,2008-05-24 12:00:00+00:00,5,whale_shark,25.938334449139674
-21.9013,113.9015,2003-07-01 12:00:00+00:00,7,whale_shark,25.675786608329787
12.9333,123.533,2009-05-20 12:00:00+00:00,5,whale_shark,28.51596874092765
-23.9736,35.5122,2008-04-18 12:00:00+00:00,4,whale_shark,25.938334449139674
24.266141787,-110.5442962563,2016-12-18 00:41:00+00:00,12,whale_shark,25.60246097181879
16.1489044696,-95.2141818709,2023-05-11 04:56:00+00:00,5,whale_shark,28.62657947948286
-21.9013,113.9015,2008-07-21 12:00:00+00:00,7,whale_shark,25.675786608329787
24.179763083,-110.3260746787,2024-02-26 17:40:00+00:00,2,whale_shark,25.649328184524276
8.82194,97.80444,2007-01-31 12:00:00+00:00,1,whale_shark,29.294708771544258
21.75,-87.13333,2006-08-05 12:00:00+00:00,8,whale_shark,26.646405665864318
12.9333,123.533,2007-04-01 12:00:00+00:00,4,whale_shark,28.51596874092765
-15.9705608294,-5.6440615885,2015-01-23 16:50:00+00:00,1,whale_shark,22.405530778993946
16.1392,-86.9041,2007-04-22 12:00:00+00:00,4,whale_shark,28.382852796658298
-23.0322,113.715,2000-06-01 12:00:00+00:00,6,whale_shark,25.036788672847557
12.9333,123.533,2009-04-30 12:00:00+00:00,4,whale_shark,28.51596874092765
-21.9013,113.9015,2009-05-11 12:00:00+00:00,5,whale_shark,25.675786608329787
10.1874486074,99.7919190073,2024-08-25 01:22:04+00:00,8,whale_shark,29.23951494190706
-23.0322,113.715,2002-05-22 12:00:00+00:00,5,whale_shark,25.036788672847557
12.9333,123.533,2009-01-10 12:00:00+00:00,1,whale_shark,28.51596874092765
-21.89298,113.93568,2006-06-05 12:00:00+00:00,6,whale_shark,25.55689110491427
24.4154252196,-110.3061616838,2019-11-03 07:22:22+00:00,11,whale_shark,25.532067751602877
-23.0322,113.715,2003-05-17 12:00:00+00:00,5,whale_shark,25.036788672847557
12.9333,123.533,2009-04-26 12:00:00+00:00,4,whale_shark,28.51596874092765
21.735729266,-87.2113790901,2023-08-16 21:04:26+00:00,8,whale_shark,26.62608727925108
16.1392,-86.9041,2007-03-19 12:00:00+00:00,3,whale_shark,28.382852796658298
-21.9013,113.9015,1998-04-17 12:00:00+00:00,4,whale_shark,25.675786608329787
-23.9736,35.5122,2007-03-27 12:00:00+00:00,3,whale_shark,25.938334449139674
16.1392,-86.9041,2006-06-30 12:00:00+00:00,6,whale_shark,28.382852796658298
-21.9013,113.9015,2009-05-23 12:00:00+00:00,5,whale_shark,25.675786608329787
-21.9013,113.9015,2005-05-24 12:00:00+00:00,5,whale_shark,25.675786608329787
-22.07,113.88722,2007-07-17 12:00:00+00:00,7,whale_shark,25.425493967720673
-22.98492,113.70609,2008-04-21 12:00:00+00:00,4,whale_shark,25.06824494177274
-21.6796101576,114.3606756349,2024-08-24 05:00:01+00:00,8,whale_shark,25.710631630747542
-22.01667,113.88333,2009-05-16 12:00:00+00:00,5,whale_shark,25.481995822091463
-22.98611,113.75555,2007-04-11 12:00:00+00:00,4,whale_shark,24.843776092789113
1.8703596138,118.1158671356,2018-04-21 08:33:25+00:00,4,whale_shark,29.79688160682833
-21.9013,113.9015,2007-07-15 12:00:00+00:00,7,whale_shark,25.675786608329787
16.09362,-86.84502,2008-08-26 12:00:00+00:00,8,whale_shark,28.369911366048147
-26.75,-32.9,2009-05-28 12:00:00+00:00,5,whale_shark,23.53295445069956
24.1958612413,-110.3734304853,2024-12-26 22:57:17+00:00,12,whale_shark,25.642381874033553
-21.8647342453,113.911871393,2017-04-22 03:25:41+00:00,4,whale_shark,25.675786608329787
41.4988129881,-66.610270781,2014-08-23 20:56:00+00:00,8,whale_shark,11.625467470083624
3.6662823609,72.982843578,2022-11-23 07:14:00+00:00,11,whale_shark,29.302584501335676
16.1392,-86.9041,2008-11-19 12:00:00+00:00,11,whale_shark,28.382852796658298
11.38833,97.675,2007-02-04 12:00:00+00:00,2,whale_shark,29.193780669224708
-23.9736,35.5122,2007-04-30 12:00:00+00:00,4,whale_shark,25.938334449139674
31.37028,-114.10014,2008-06-29 12:00:00+00:00,6,whale_shark,21.570842751871858
-21.9013,113.9015,2004-06-01 12:00:00+00:00,6,whale_shark,25.675786608329787
-22.00652,113.89512,2008-05-06 12:00:00+00:00,5,whale_shark,25.481995822091463
-23.0322,113.715,2009-05-08 12:00:00+00:00,5,whale_shark,25.036788672847557
16.1392,-86.9041,2005-05-03 12:00:00+00:00,5,whale_shark,28.382852796658298
-21.8575057834,114.3091385055,2013-03-26 06:14:00+00:00,3,whale_shark,25.12040280953489
-23.0322,113.715,2002-06-29 12:00:00+00:00,6,whale_shark,25.036788672847557
16.4158154375,-88.3208903733,2018-05-07 01:44:48+00:00,5,whale_shark,28.609411858495157
-23.0322,113.715,2009-03-22 12:00:00+00:00,3,whale_shark,25.036788672847557
12.9333,123.533,2010-02-04 12:00:00+00:00,2,whale_shark,28.51596874092765
27.2807267325,33.9220051289,2021-03-08 09:07:00+00:00,3,whale_shark,25.910272962085664
-23.0322,113.715,2000-05-01 12:00:00+00:00,5,whale_shark,25.036788672847557
40.1367985936,-68.508978989,2016-09-24 20:30:00+00:00,9,whale_shark,16.667138822402944
23.284290953,119.7682294671,2023-06-29 10:15:47+00:00,6,whale_shark,26.699654237695054
12.9333,123.533,2009-05-03 12:00:00+00:00,5,whale_shark,28.51596874092765
-23.0322,113.715,1999-05-29 12:00:00+00:00,5,whale_shark,25.036788672847557
-21.9013,113.9015,2007-05-27 12:00:00+00:00,5,whale_shark,25.675786608329787
12.9333,123.533,2006-09-02 12:00:00+00:00,9,whale_shark,28.51596874092765
-13.4889755273,48.2671443558,2019-10-20 14:04:00+00:00,10,whale_shark,28.45566857680461
-21.9013,113.9015,2002-07-03 12:00:00+00:00,7,whale_shark,25.675786608329787
-23.0322,113.715,2009-05-19 12:00:00+00:00,5,whale_shark,25.036788672847557
-21.9013,113.9015,2009-05-04 12:00:00+00:00,5,whale_shark,25.675786608329787
-21.9975,113.879,2006-04-11 12:00:00+00:00,4,whale_shark,25.518224411162183
21.2121690718,-86.6475231315,2026-06-05 14:59:09+00:00,6,whale_shark,27.0679785290122
-22.2,113.83334,2001-04-19 12:00:00+00:00,4,whale_shark,25.49777794813958
-23.9736,35.5122,2007-04-25 12:00:00+00:00,4,whale_shark,25.938334449139674
-23.0322,113.715,2006-05-15 12:00:00+00:00,5,whale_shark,25.036788672847557
38.5875424139,-73.4479202913,2023-09-10 17:01:52+00:00,9,whale_shark,16.258527059693783
-21.9013,113.9015,2004-04-15 12:00:00+00:00,4,whale_shark,25.675786608329787
-21.9013,113.9015,2009-06-21 12:00:00+00:00,6,whale_shark,25.675786608329787
-21.99137,113.902,2006-06-05 12:00:00+00:00,6,whale_shark,25.518224411162183
27.85,34.31833,2008-06-03 12:00:00+00:00,6,whale_shark,26.179127224022174
28.25,-93.36667,2009-07-12 12:00:00+00:00,7,whale_shark,25.004642914216245
-21.9013,113.9015,2009-06-22 12:00:00+00:00,6,whale_shark,25.675786608329787
-23.0322,113.715,2003-05-16 12:00:00+00:00,5,whale_shark,25.036788672847557
-1.1031204069,130.5446338114,2019-09-23 09:30:00+00:00,9,whale_shark,29.495058798355135
-21.9013,113.9015,2007-05-10 12:00:00+00:00,5,whale_shark,25.675786608329787
-22.79565,113.63342,2008-04-02 12:00:00+00:00,4,whale_shark,25.147861975715266
-21.9253,113.91837,1996-03-29 12:00:00+00:00,3,whale_shark,25.49266998464337
-23.0322,113.715,2006-05-08 12:00:00+00:00,5,whale_shark,25.036788672847557
12.9333,123.533,2008-05-07 12:00:00+00:00,5,whale_shark,28.51596874092765
19.0209031085,-112.0796482974,2024-11-26 16:05:29+00:00,11,whale_shark,26.02291329894616
-21.9013,113.9015,2005-06-09 12:00:00+00:00,6,whale_shark,25.675786608329787
6.3015468909,99.3095800522,2021-10-24 02:17:00+00:00,10,whale_shark,29.95355812298128
-23.0322,113.715,2006-05-20 12:00:00+00:00,5,whale_shark,25.036788672847557
12.9333,123.533,2009-05-18 12:00:00+00:00,5,whale_shark,28.51596874092765
1.6210311687,-91.9379796472,2018-06-15 04:54:00+00:00,6,whale_shark,26.35801050633852
16.1392,-86.9041,2006-06-25 12:00:00+00:00,6,whale_shark,28.382852796658298
21.4159752156,-86.481885895,2025-07-16 16:51:00+00:00,7,whale_shark,27.576986989560904
-23.0322,113.715,1999-05-17 12:00:00+00:00,5,whale_shark,25.036788672847557
9.4665832693,123.4873233596,2016-05-23 00:31:00+00:00,5,whale_shark,29.011050789028303
-21.9013,113.9015,2005-05-19 12:00:00+00:00,5,whale_shark,25.675786608329787
-21.9013,113.9015,2001-04-30 12:00:00+00:00,4,whale_shark,25.675786608329787
21.46667,-86.55,2009-09-05 12:00:00+00:00,9,whale_shark,27.39605655555075
-21.9013,113.9015,2009-06-04 12:00:00+00:00,6,whale_shark,25.675786608329787
-21.9013,113.9015,2005-05-25 12:00:00+00:00,5,whale_shark,25.675786608329787
-22.3110523309,166.0741970429,2023-04-02 16:00:00+00:00,4,whale_shark,24.894114368081965
-21.9013,113.9015,2006-06-10 12:00:00+00:00,6,whale_shark,25.675786608329787
3.2209929607,73.34254656,2022-11-13 15:32:00+00:00,11,whale_shark,29.26819140693997
-23.85,-35.55,2010-02-18 12:00:00+00:00,2,whale_shark,24.937427442021328
11.66667,43.83333,2007-06-08 12:00:00+00:00,6,whale_shark,28.733496404813387
21.3985906201,-86.3710622239,2016-09-05 16:22:00+00:00,9,whale_shark,27.796752698196318
12.93,123.55583,2007-05-22 12:00:00+00:00,5,whale_shark,28.51596874092765
-21.92642,113.92087,1996-03-30 12:00:00+00:00,3,whale_shark,25.49266998464337
16.1392,-86.9041,2005-04-07 12:00:00+00:00,4,whale_shark,28.382852796658298
-21.8752632226,113.8488580007,2025-06-18 04:20:00+00:00,6,whale_shark,25.764861044270425
24.2408007042,-110.375354092,2016-11-19 18:25:15+00:00,11,whale_shark,25.64930513049388
-21.95265,113.91344,2007-05-18 12:00:00+00:00,5,whale_shark,25.5942481337035
3.2495405155,73.1460652016,2025-12-17 05:55:45+00:00,12,whale_shark,29.29047735714352
21.8504720533,-87.4988531792,2010-08-06 14:51:00+00:00,8,whale_shark,26.59299054188777
16.11583,-86.85778,2007-03-27 12:00:00+00:00,3,whale_shark,28.373788451165574
-23.0322,113.715,2005-05-10 12:00:00+00:00,5,whale_shark,25.036788672847557
24.183075,-110.34474167,2019-10-27 14:05:16+00:00,10,whale_shark,25.649328184524276
12.92778,123.54611,2007-05-04 12:00:00+00:00,5,whale_shark,28.51596874092765
-23.95722,35.53194,2008-10-27 12:00:00+00:00,10,whale_shark,25.938334449139674
-23.9736,35.5122,2007-07-12 12:00:00+00:00,7,whale_shark,25.938334449139674
-2.5999071545,135.5534630739,2012-07-13 17:55:00+00:00,7,whale_shark,29.742268792902227
21.4588930866,-86.4593039143,2026-06-26 06:00:00+00:00,6,whale_shark,27.651694510627294
-21.9013,113.9015,2005-06-11 12:00:00+00:00,6,whale_shark,25.675786608329787
29.0344968526,-113.5440661884,2012-07-28 04:16:00+00:00,7,whale_shark,22.445996863886577
-21.9632806757,114.2011417707,2015-04-14 13:47:00+00:00,4,whale_shark,24.88655019391065
24.2184918279,-110.3867913185,2016-04-10 15:31:00+00:00,4,whale_shark,25.64930513049388
16.15,-86.93333,2009-05-25 12:00:00+00:00,5,whale_shark,28.395094048781985
12.94472,123.54222,2007-04-20 12:00:00+00:00,4,whale_shark,28.51596874092765
21.5670299228,-86.0099062712,2017-08-16 09:25:00+00:00,8,whale_shark,28.19563230538392
-21.9013,113.9015,2008-06-16 12:00:00+00:00,6,whale_shark,25.675786608329787
-21.9013,113.9015,2005-07-07 12:00:00+00:00,7,whale_shark,25.675786608329787
3.5018,72.89973,2007-11-19 12:00:00+00:00,11,whale_shark,29.303136836517922
-13.4866858454,48.0148061397,2025-10-09 04:34:00+00:00,10,whale_shark,28.33992821305436
16.5,-87.95,2009-04-12 12:00:00+00:00,4,whale_shark,28.44578429086307
9.2744411615,-84.1716493645,2021-06-17 01:08:24+00:00,6,whale_shark,28.842500079973075
29.76667,-87.03333,2004-10-01 12:00:00+00:00,10,whale_shark,24.550140686727108
-2.562095608,135.3017217953,2023-10-18 09:28:00+00:00,10,whale_shark,29.722370211327164
-23.0322,113.715,2005-03-25 12:00:00+00:00,3,whale_shark,25.036788672847557
0.4615733789,123.1089600158,2023-11-06 20:08:00+00:00,11,whale_shark,29.819971956741185
-23.9736,35.5122,2009-10-03 12:00:00+00:00,10,whale_shark,25.938334449139674
-21.9013,113.9015,1998-06-03 12:00:00+00:00,6,whale_shark,25.675786608329787
-21.9013,113.9015,2004-06-03 12:00:00+00:00,6,whale_shark,25.675786608329787
-22.14227,113.8511,2007-06-29 12:00:00+00:00,6,whale_shark,25.52243702167535
12.9333,123.533,2007-05-16 12:00:00+00:00,5,whale_shark,28.51596874092765
-21.9013,113.9015,2002-05-12 12:00:00+00:00,5,whale_shark,25.675786608329787
-23.0322,113.715,2001-04-14 12:00:00+00:00,4,whale_shark,25.036788672847557
-21.9013,113.9015,2003-05-07 12:00:00+00:00,5,whale_shark,25.675786608329787
-23.0322,113.715,2008-04-01 12:00:00+00:00,4,whale_shark,25.036788672847557
-21.9013,113.9015,2009-05-17 12:00:00+00:00,5,whale_shark,25.675786608329787
12.93333,123.53333,2009-04-15 12:00:00+00:00,4,whale_shark,28.51596874092765
-19.41667,116.48333,2008-09-17 12:00:00+00:00,9,whale_shark,27.319096050214778
21.270183265,-86.7883716392,2018-08-19 16:03:40+00:00,8,whale_shark,26.85310399691033
16.0125339344,-86.8970233604,2012-04-12 16:57:00+00:00,4,whale_shark,28.342487094782655
-23.9736,35.5122,2008-08-14 12:00:00+00:00,8,whale_shark,25.938334449139674
-21.9013,113.9015,2006-05-03 12:00:00+00:00,5,whale_shark,25.675786608329787
12.9333,123.533,2007-03-06 12:00:00+00:00,3,whale_shark,28.51596874092765
-21.9013,113.9015,2007-07-03 12:00:00+00:00,7,whale_shark,25.675786608329787
16.13312,-86.88023,2009-01-07 12:00:00+00:00,1,whale_shark,28.382852796658298
-21.9013,113.9015,2006-04-25 12:00:00+00:00,4,whale_shark,25.675786608329787
7.7445223896,-81.6719773757,2023-03-09 19:56:30+00:00,3,whale_shark,28.583939753433878
-21.9013,113.9015,2005-05-15 12:00:00+00:00,5,whale_shark,25.675786608329787
12.9333,123.533,2007-03-14 12:00:00+00:00,3,whale_shark,28.51596874092765
-21.91667,113.88333,2009-05-26 12:00:00+00:00,5,whale_shark,25.5942481337035
-23.0322,113.715,2005-03-26 12:00:00+00:00,3,whale_shark,25.036788672847557
-22.954,113.73016,1999-05-06 12:00:00+00:00,5,whale_shark,24.851474916771043
-21.9013,113.9015,2008-07-15 12:00:00+00:00,7,whale_shark,25.675786608329787
30.18333,-87.51667,2009-08-10 12:00:00+00:00,8,whale_shark,23.193554355082384
-21.9013,113.9015,2007-07-17 12:00:00+00:00,7,whale_shark,25.675786608329787
1.7123073138,118.4126155559,2023-08-26 23:30:00+00:00,8,whale_shark,29.478637914596145
-21.89425,113.94342,1996-03-29 12:00:00+00:00,3,whale_shark,25.55689110491427
-21.85833,113.96667,1996-03-25 12:00:00+00:00,3,whale_shark,25.436806894039485
24.2042013559,-110.3710207059,2025-12-07 16:22:50+00:00,12,whale_shark,25.642381874033553
6.33142,99.31934,2008-06-15 12:00:00+00:00,6,whale_shark,29.98246835507994
12.9333,123.533,2010-03-01 12:00:00+00:00,3,whale_shark,28.51596874092765
12.93333,123.5,2009-05-24 12:00:00+00:00,5,whale_shark,28.513830209574582
-21.9013,113.9015,2008-06-06 12:00:00+00:00,6,whale_shark,25.675786608329787
12.91667,123.55,2009-03-14 12:00:00+00:00,3,whale_shark,28.51596874092765
-23.9736,35.5122,2006-02-25 12:00:00+00:00,2,whale_shark,25.938334449139674
21.6,-86.93333,2009-09-04 12:00:00+00:00,9,whale_shark,26.73518285116322
-21.9013,113.9015,2008-04-22 12:00:00+00:00,4,whale_shark,25.675786608329787
-23.0322,113.715,2006-05-14 12:00:00+00:00,5,whale_shark,25.036788672847557
-21.9013,113.9015,2008-07-01 12:00:00+00:00,7,whale_shark,25.675786608329787
9.4291588147,123.6707677367,2024-12-28 08:52:00+00:00,12,whale_shark,28.945210827248548
-21.9013,113.9015,2000-06-07 12:00:00+00:00,6,whale_shark,25.675786608329787
16.14822,-86.86433,2005-04-11 12:00:00+00:00,4,whale_shark,28.382852796658298
16.16667,-86.83334,2006-10-02 12:00:00+00:00,10,whale_shark,28.383812429411286
-23.9736,35.5122,2005-11-26 12:00:00+00:00,11,whale_shark,25.938334449139674
9.495793475,123.2447835522,2024-07-25 09:06:00+00:00,7,whale_shark,29.084359524444295
-22.4661406742,113.7521758935,2026-06-11 02:38:24+00:00,6,whale_shark,25.213289236081636
-22.11667,113.85,2009-07-05 12:00:00+00:00,7,whale_shark,25.52243702167535
-21.9013,113.9015,1998-05-08 12:00:00+00:00,5,whale_shark,25.675786608329787
-22.01667,113.88333,2009-05-07 12:00:00+00:00,5,whale_shark,25.481995822091463
-23.0322,113.715,2002-06-15 12:00:00+00:00,6,whale_shark,25.036788672847557
24.2681948221,-110.5030780203,2017-11-21 05:43:00+00:00,11,whale_shark,25.614647949761274
21.75,-87.18333,2007-07-19 12:00:00+00:00,7,whale_shark,26.62608727925108
12.93333,123.55,2009-03-06 12:00:00+00:00,3,whale_shark,28.51596874092765
-23.0322,113.715,2006-04-21 12:00:00+00:00,4,whale_shark,25.036788672847557
-23.0322,113.715,2003-05-18 12:00:00+00:00,5,whale_shark,25.036788672847557
-21.9013,113.9015,1998-05-09 12:00:00+00:00,5,whale_shark,25.675786608329787
-23.0322,113.715,1999-06-06 12:00:00+00:00,6,whale_shark,25.036788672847557
10.1,99.8,2010-01-27 12:00:00+00:00,1,whale_shark,29.255408332172905
-23.9736,35.5122,2007-03-07 12:00:00+00:00,3,whale_shark,25.938334449139674
-23.0322,113.715,2009-05-13 12:00:00+00:00,5,whale_shark,25.036788672847557
-23.0322,113.715,2006-05-26 12:00:00+00:00,5,whale_shark,25.036788672847557
3.46667,72.83334,2009-01-23 12:00:00+00:00,1,whale_shark,29.31232507431667
15.6372190492,-96.5594670434,2022-02-26 02:50:00+00:00,2,whale_shark,29.004597425126768
21.5,-86.65,2009-07-21 12:00:00+00:00,7,whale_shark,26.936571837911696
-34.1349983215,18.3099994659,1934-04-02 12:00:00+00:00,4,whale_shark,15.414082420543878
-22.0,113.9,2009-06-20 12:00:00+00:00,6,whale_shark,25.518224411162183
-23.0322,113.715,2006-04-16 00:00:00+00:00,4,whale_shark,25.036788672847557
-21.9013,113.9015,2008-04-10 12:00:00+00:00,4,whale_shark,25.675786608329787
-23.9736,35.5122,2005-05-10 12:00:00+00:00,5,whale_shark,25.938334449139674
-23.9736,35.5122,2009-05-29 12:00:00+00:00,5,whale_shark,25.938334449139674
-22.10812,113.86632,1995-06-12 12:00:00+00:00,6,whale_shark,25.426679038863863
3.5089627748,72.8236994021,2024-08-10 05:51:37+00:00,8,whale_shark,29.336825293085887
-23.9736,35.5122,2007-05-03 12:00:00+00:00,5,whale_shark,25.938334449139674
-21.9013,113.9015,2002-07-12 12:00:00+00:00,7,whale_shark,25.675786608329787
-22.9625,113.6505,2008-04-22 12:00:00+00:00,4,whale_shark,25.17752049530689
-22.0878,113.8752,1996-05-01 12:00:00+00:00,5,whale_shark,25.425493967720673
3.2929235327,73.2241735504,2022-01-18 13:22:48+00:00,1,whale_shark,29.282983737558947
-21.9013,113.9015,2005-06-08 12:00:00+00:00,6,whale_shark,25.675786608329787
-22.86135,113.69627,2006-06-04 12:00:00+00:00,6,whale_shark,25.069633957651806
-21.9013,113.9015,2004-04-04 12:00:00+00:00,4,whale_shark,25.675786608329787
21.5190533853,-86.6547495356,2022-06-09 15:37:00+00:00,6,whale_shark,26.948283835644304
12.9333,123.533,2005-04-23 12:00:00+00:00,4,whale_shark,28.51596874092765
-21.9013,113.9015,2003-05-24 12:00:00+00:00,5,whale_shark,25.675786608329787
21.3513640473,-86.7632736073,2018-09-19 18:44:00+00:00,9,whale_shark,26.907533951856312
-23.0322,113.715,2009-05-11 12:00:00+00:00,5,whale_shark,25.036788672847557
-22.0611905634,113.6934781222,2017-06-24 03:26:00+00:00,6,whale_shark,25.80389752454472
12.91667,123.51667,2009-04-29 12:00:00+00:00,4,whale_shark,28.513830209574582
-21.9013,113.9015,2003-06-13 12:00:00+00:00,6,whale_shark,25.675786608329787
-21.9013,113.9015,2002-06-29 12:00:00+00:00,6,whale_shark,25.675786608329787
-21.88365,113.93649,2005-04-15 12:00:00+00:00,4,whale_shark,25.55689110491427
-21.9013,113.9015,2009-05-28 12:00:00+00:00,5,whale_shark,25.675786608329787
21.4576221152,-86.2444394328,2012-08-26 02:23:00+00:00,8,whale_shark,28.055935341630033
27.9232,34.37048,2008-06-04 12:00:00+00:00,6,whale_shark,26.14933106864043
-21.9013,113.9015,2007-05-16 12:00:00+00:00,5,whale_shark,25.675786608329787
24.1854960931,-110.3720089795,2024-11-06 16:57:46+00:00,11,whale_shark,25.642381874033553
-23.9279100946,35.5972465004,2009-07-08 07:00:00+00:00,7,whale_shark,26.011195677592436
12.9333,123.533,2008-03-20 12:00:00+00:00,3,whale_shark,28.51596874092765
28.35,-89.3,2008-06-19 12:00:00+00:00,6,whale_shark,25.554704047438232
12.9333,123.533,2009-04-14 12:00:00+00:00,4,whale_shark,28.51596874092765
12.9314873306,123.4039861631,2024-03-28 14:55:00+00:00,3,whale_shark,28.54223493509376
16.12082,-86.81831,2009-01-09 12:00:00+00:00,1,whale_shark,28.373788451165574
-21.9013,113.9015,2001-06-04 12:00:00+00:00,6,whale_shark,25.675786608329787
24.1810777778,-110.4093166667,2025-01-02 17:02:00+00:00,1,whale_shark,25.642381874033553
-21.9013,113.9015,2003-04-27 12:00:00+00:00,4,whale_shark,25.675786608329787
12.9333,123.533,2007-03-31 12:00:00+00:00,3,whale_shark,28.51596874092765
-33.4000015259,18.0900001526,1993-11-16 00:00:00+00:00,11,whale_shark,14.999110672854048
-23.01568,35.92852,2008-02-01 12:00:00+00:00,2,whale_shark,26.341432230978512
-21.9013,113.9015,2008-04-12 12:00:00+00:00,4,whale_shark,25.675786608329787
-23.0322,113.715,2008-06-15 12:00:00+00:00,6,whale_shark,25.036788672847557
-21.91347,113.92112,1996-03-26 12:00:00+00:00,3,whale_shark,25.49266998464337
6.3564042352,-77.4875339507,2026-05-01 13:31:20+00:00,5,whale_shark,27.505470143920707
-23.9736,35.5122,2007-10-08 12:00:00+00:00,10,whale_shark,25.938334449139674
-13.4993296196,48.126628137,2023-10-27 07:05:00+00:00,10,whale_shark,28.39915140522983
-23.9736,35.5122,2006-10-23 12:00:00+00:00,10,whale_shark,25.938334449139674
-21.9013,113.9015,2007-05-22 12:00:00+00:00,5,whale_shark,25.675786608329787
16.1392,-86.9041,2005-04-16 00:00:00+00:00,4,whale_shark,28.382852796658298
-21.9013,113.9015,2002-05-16 12:00:00+00:00,5,whale_shark,25.675786608329787
-21.9013,113.9015,2002-07-13 12:00:00+00:00,7,whale_shark,25.675786608329787
12.9333,123.533,2009-03-20 12:00:00+00:00,3,whale_shark,28.51596874092765
-7.91056,39.64,2008-02-27 12:00:00+00:00,2,whale_shark,27.717842692552242
21.57361,-86.82889,2005-06-22 12:00:00+00:00,6,whale_shark,26.94546421921496
-21.9013,113.9015,2006-05-23 12:00:00+00:00,5,whale_shark,25.675786608329787
-21.9013,113.9015,2003-06-17 12:00:00+00:00,6,whale_shark,25.675786608329787
24.1323730408,-110.3888205137,2022-02-02 20:32:00+00:00,2,whale_shark,25.63678355853285
-21.9013,113.9015,2008-05-02 12:00:00+00:00,5,whale_shark,25.675786608329787
-21.9013,113.9015,2003-06-05 12:00:00+00:00,6,whale_shark,25.675786608329787
16.1392,-86.9041,2005-05-11 12:00:00+00:00,5,whale_shark,28.382852796658298
-21.9013,113.9015,2002-05-19 12:00:00+00:00,5,whale_shark,25.675786608329787
3.47415,72.79283,2007-05-23 12:00:00+00:00,5,whale_shark,29.319521372620514
12.9333,123.533,2007-06-02 12:00:00+00:00,6,whale_shark,28.51596874092765
16.1392,-86.9041,2005-04-13 12:00:00+00:00,4,whale_shark,28.382852796658298
-21.9013,113.9015,2008-06-08 12:00:00+00:00,6,whale_shark,25.675786608329787
3.49167,72.90417,2008-11-27 12:00:00+00:00,11,whale_shark,29.29275481614929
21.4325827526,-86.4892375753,2017-07-21 09:04:03+00:00,7,whale_shark,27.576986989560904
-23.9736,35.5122,2007-04-14 12:00:00+00:00,4,whale_shark,25.938334449139674
-10.35,150.73334,2006-06-03 12:00:00+00:00,6,whale_shark,28.274689646588964
12.9333,123.533,2010-02-11 12:00:00+00:00,2,whale_shark,28.51596874092765
-21.9013,113.9015,1998-06-02 12:00:00+00:00,6,whale_shark,25.675786608329787
-23.9736,35.5122,2006-12-15 12:00:00+00:00,12,whale_shark,25.938334449139674
12.9333,123.533,2009-03-22 12:00:00+00:00,3,whale_shark,28.51596874092765
-23.0322,113.715,2002-04-14 12:00:00+00:00,4,whale_shark,25.036788672847557
8.490168406,-83.2123655559,2024-02-10 18:19:42+00:00,2,whale_shark,28.9025882915876
-22.05008,113.88065,1995-06-26 12:00:00+00:00,6,whale_shark,25.481995822091463
-23.0322,113.715,2005-05-25 12:00:00+00:00,5,whale_shark,25.036788672847557
12.9333,123.533,2008-05-04 12:00:00+00:00,5,whale_shark,28.51596874092765
34.02,-120.49,1994-09-24 15:03:00+00:00,9,blue_whale,15.57402363176885
37.7,-122.98,1993-09-26 15:15:00+00:00,9,blue_whale,12.637615925344928
10.22,-98.35,1989-10-22 13:20:00+00:00,10,blue_whale,28.39460360195082
34.14,-119.79,1995-08-28 14:27:00+00:00,8,blue_whale,15.935680274900976
24.68,-112.3,1988-04-02 09:00:00+00:00,4,blue_whale,22.38044432368253
36.63,-122.06,2000-09-04 10:57:00+00:00,9,blue_whale,13.462519673338019
36.59,-122.01,2001-10-18 11:55:00+00:00,10,blue_whale,13.452987297223
36.99,-122.35,1993-08-26 09:01:00+00:00,8,blue_whale,12.96652195105856
38.31,-123.22,1992-09-14 11:02:00+00:00,9,blue_whale,11.992376493922762
36.79,-122.1,2001-09-20 11:46:00+00:00,9,blue_whale,13.3188116630322
36.8,-122.15,2000-09-10 15:12:00+00:00,9,blue_whale,13.400755751916892
38.32,-123.26,1990-09-22 17:16:00+00:00,9,blue_whale,11.857778313195324
37.65741667,-25.4733,2018-04-27 10:55:00+00:00,4,blue_whale,19.214651540542626
-15.89,-4.63,1970-05-09 09:00:00+00:00,5,blue_whale,22.39092436909115
34.12,-120.18,2002-07-24 10:02:00+00:00,7,blue_whale,15.600059258558433
34.13,-120.62,2001-07-26 10:11:00+00:00,7,blue_whale,15.521027272222629
-64.479833,-61.7075,2024-02-25 18:14:00+00:00,2,blue_whale,0.029555452672791395
34.03,-120.55,2001-07-25 10:42:00+00:00,7,blue_whale,15.587840018603073
38.16,-123.28,2003-10-26 16:36:00+00:00,10,blue_whale,12.33134489348685
29.67,-115.88,2000-07-30 00:00:00+00:00,7,blue_whale,17.717358667662094
37.73735,-25.78518333,2018-05-25 14:30:00+00:00,5,blue_whale,19.233753622989646
36.68,-122.0,2000-10-07 11:18:00+00:00,10,blue_whale,13.353572626718712
25.890519,-111.073151,2022-12-21 11:52:00+00:00,12,blue_whale,24.70362430781222
37.71,-123.15,2004-08-02 12:15:00+00:00,8,blue_whale,12.951106781330253
34.15,-120.61,2004-10-23 10:05:00+00:00,10,blue_whale,15.485008329763245
34.14,-119.93,1999-06-27 12:45:00+00:00,6,blue_whale,15.796331124221135
38.27,-123.44,1990-09-24 16:51:00+00:00,9,blue_whale,12.547205771477099
43.57,-124.41,2001-09-21 17:35:00+00:00,9,blue_whale,11.79679148924544
34.11,-120.16,1996-08-12 16:04:00+00:00,8,blue_whale,15.626783724385671
36.7,-121.99,2000-10-07 11:48:00+00:00,10,blue_whale,13.353572626718712
36.76,-121.96,2003-09-29 13:49:00+00:00,9,blue_whale,13.212194359424265
38.38,-123.45,1987-10-11 12:28:00+00:00,10,blue_whale,12.303677016070631
37.84,-123.03,1986-08-17 09:45:00+00:00,8,blue_whale,12.316248713774574
38.4,-123.28,1990-09-21 13:14:00+00:00,9,blue_whale,11.82542597317938
-54.0198,-38.081703,2024-02-12 20:21:00+00:00,2,blue_whale,1.9553449954411448
34.29,-119.92,2003-07-20 08:00:00+00:00,7,blue_whale,15.567836749701643
27.61,-112.23,1988-04-04 11:39:00+00:00,4,blue_whale,23.410798967980348
37.91,-123.45,1989-09-13 15:15:00+00:00,9,blue_whale,13.062785385585421
36.89,-122.22,2000-08-30 14:02:00+00:00,8,blue_whale,13.198012921518558
37.02,-122.41,1993-08-28 16:00:00+00:00,8,blue_whale,12.985864975667475
34.17,-119.77,1992-07-06 13:05:00+00:00,7,blue_whale,15.907374318733316
38.09,-123.45,1991-10-11 14:00:00+00:00,10,blue_whale,12.796191658309963
37.64,-123.03,1987-07-11 12:54:00+00:00,7,blue_whale,12.821400393906153
36.69,-121.94,1999-07-16 00:00:00+00:00,7,blue_whale,13.316103639099651
41.86,-124.4,1998-10-06 14:02:00+00:00,10,blue_whale,11.230885990066843
36.79,-121.94,2002-09-03 10:45:00+00:00,9,blue_whale,13.150723979779805
34.12,-120.04,1995-08-25 12:55:00+00:00,8,blue_whale,15.721707239334904
38.2,-123.26,1990-09-26 11:54:00+00:00,9,blue_whale,12.185140696833447
37.55,-122.96,1998-08-12 16:04:00+00:00,8,blue_whale,12.929373857878177
34.1,-120.18,1998-07-08 12:03:00+00:00,7,blue_whale,15.654975823522737
34.12,-120.18,1997-07-12 09:11:00+00:00,7,blue_whale,15.600059258558433
32.907013,-117.407271,2006-07-08 18:08:00+00:00,7,blue_whale,16.973088221758108
32.65,-119.31,1995-08-16 15:25:00+00:00,8,blue_whale,16.779305666040493
34.13,-119.92,1999-06-27 18:00:00+00:00,6,blue_whale,15.796331124221135
36.7,-121.98,2000-10-03 11:05:00+00:00,10,blue_whale,13.353572626718712
38.39,-123.21,1990-09-20 14:05:00+00:00,9,blue_whale,11.50502714022337
34.12,-119.81,1992-07-09 09:03:00+00:00,7,blue_whale,15.935680274900976
34.19,-120.55,1995-10-05 14:00:00+00:00,10,blue_whale,15.383529101781452
33.33,-119.83,1995-08-23 10:05:00+00:00,8,blue_whale,16.46552040792897
34.15,-120.23,1997-08-13 11:32:00+00:00,8,blue_whale,15.545103912642837
36.8,-122.07,2000-08-18 10:05:00+00:00,8,blue_whale,13.3188116630322
34.57,-120.81,2003-08-31 14:39:00+00:00,8,blue_whale,14.386917629983873
38.13,-123.4,1989-10-25 12:39:00+00:00,10,blue_whale,12.623576073432234
36.8,-121.9,1987-08-19 00:00:00+00:00,8,blue_whale,13.17253455013172
65.686491,-18.065402,2025-09-12 13:37:00+00:00,9,blue_whale,5.949889580538982
36.88,-122.21,2000-08-25 11:54:00+00:00,8,blue_whale,13.06529614072736
38.27,-123.4,2003-10-26 15:25:00+00:00,10,blue_whale,12.420535688118724
37.81,-123.0,2002-07-21 16:33:00+00:00,7,blue_whale,12.43034569468001
34.06,-120.57,1993-08-03 11:55:00+00:00,8,blue_whale,15.540589768873337
34.13,-120.0,1995-08-24 11:32:00+00:00,8,blue_whale,15.74121915340888
34.08,-120.59,2004-09-23 11:51:00+00:00,9,blue_whale,15.540589768873337
38.56,-123.66,1992-10-06 14:41:00+00:00,10,blue_whale,12.516548079330077
36.62,-122.0,1998-10-17 00:00:00+00:00,10,blue_whale,13.420066324385266
39.14,-123.9,1992-11-12 09:52:00+00:00,11,blue_whale,11.787240227036213
39.46,-123.97,1992-10-22 11:02:00+00:00,10,blue_whale,12.166628830479828
34.12,-120.62,2001-07-26 12:04:00+00:00,7,blue_whale,15.521027272222629
34.1,-120.03,1994-09-09 12:15:00+00:00,9,blue_whale,15.736511918037541
38.4,-123.46,2003-10-26 12:16:00+00:00,10,blue_whale,12.303677016070631
33.77,-120.16,2001-08-23 12:45:00+00:00,8,blue_whale,16.038674199359598
37.67,-123.12,2000-11-17 11:12:00+00:00,11,blue_whale,12.951106781330253
34.02,-120.51,1995-08-20 08:49:00+00:00,8,blue_whale,15.57402363176885
34.14,-120.09,2004-07-18 14:06:00+00:00,7,blue_whale,15.67778120682874
38.16,-123.15,1996-08-17 12:49:00+00:00,8,blue_whale,11.905876817153676
37.0,-122.4,1998-08-10 11:01:00+00:00,8,blue_whale,13.079940500733654
36.81,-122.07,1993-08-17 11:02:00+00:00,8,blue_whale,13.3188116630322
39.45,-123.96,1992-10-23 08:07:00+00:00,10,blue_whale,11.837259162913465
36.79,-122.07,2002-09-20 10:22:00+00:00,9,blue_whale,13.3188116630322
36.8,-121.9,1986-10-13 00:00:00+00:00,10,blue_whale,13.17253455013172
32.2,-120.0,1989-06-06 22:00:00+00:00,6,blue_whale,16.578194392790405
34.13,-119.98,2004-07-23 12:07:00+00:00,7,blue_whale,15.74121915340888
33.33,-119.83,1995-08-23 10:04:00+00:00,8,blue_whale,16.46552040792897
38.2,-123.19,1988-10-01 14:55:00+00:00,10,blue_whale,11.956240201358305
32.78,-117.38,1998-06-07 14:51:00+00:00,6,blue_whale,17.005414470495513
36.59,-122.02,2001-10-18 11:35:00+00:00,10,blue_whale,13.501692449947614
38.2833,-123.2016,1981-09-09 14:39:00+00:00,9,blue_whale,11.761022824385702
34.15,-119.81,1992-06-20 14:03:00+00:00,6,blue_whale,15.935680274900976
38.27,-123.27,1999-09-17 14:22:00+00:00,9,blue_whale,12.104579036587863
33.14,-117.5,2015-07-23 14:56:00+00:00,7,blue_whale,16.868865525688307
34.11,-120.13,1998-08-04 11:45:00+00:00,8,blue_whale,15.626783724385671
38.07,-123.37,1990-10-30 10:04:00+00:00,10,blue_whale,12.686037098382121
34.14,-119.89,1999-06-25 12:03:00+00:00,6,blue_whale,15.840842263975366
33.6811,-118.3454,2016-09-20 17:10:00+00:00,9,blue_whale,16.1421424150443
34.12,-120.02,2002-10-31 12:28:00+00:00,10,blue_whale,15.721707239334904
34.4,-120.47,1992-06-06 10:12:00+00:00,6,blue_whale,14.741222259919091
25.36,-116.01,2003-12-06 00:00:00+00:00,12,blue_whale,20.390559525781086
37.95,-123.39,1996-11-01 11:31:00+00:00,11,blue_whale,12.873224230189512
34.14,-120.0,1995-08-24 11:04:00+00:00,8,blue_whale,15.74121915340888
38.04,-123.51,1990-11-13 13:25:00+00:00,11,blue_whale,12.986511628910023
34.11,-120.05,1998-07-23 13:28:00+00:00,7,blue_whale,15.721707239334904
34.87,-120.84,2002-10-04 14:18:00+00:00,10,blue_whale,14.15932530591819
36.7,-122.0,1992-08-24 14:03:00+00:00,8,blue_whale,13.353572626718712
34.13,-119.93,1999-06-27 17:42:00+00:00,6,blue_whale,15.796331124221135
38.03,-123.52,1990-11-13 13:17:00+00:00,11,blue_whale,13.04867113373397
34.07,-120.58,2004-09-22 16:30:00+00:00,9,blue_whale,15.540589768873337
34.13,-120.12,1995-07-05 13:05:00+00:00,7,blue_whale,15.626783724385671
34.11,-120.61,2001-07-25 13:44:00+00:00,7,blue_whale,15.485008329763245
38.32,-123.1,2002-09-28 18:18:00+00:00,9,blue_whale,11.446806312788889
34.21,-120.46,1998-07-30 12:15:00+00:00,7,blue_whale,15.266581360209013
32.8864,-119.1256,2023-07-24 09:34:00+00:00,7,blue_whale,16.947664771442188
37.72,-123.07,2000-08-27 16:00:00+00:00,8,blue_whale,12.66418305337786
36.8,-121.9,1986-10-25 00:00:00+00:00,10,blue_whale,13.17253455013172
37.84,-123.09,1988-09-02 10:49:00+00:00,9,blue_whale,12.39179120362837
34.12,-120.19,1994-10-09 11:15:00+00:00,10,blue_whale,15.600059258558433
34.19,-120.47,2002-07-28 09:05:00+00:00,7,blue_whale,15.366527705353882
34.17,-120.36,1997-09-05 10:04:00+00:00,9,blue_whale,15.397612001748923
34.12,-119.84,1994-09-16 14:24:00+00:00,9,blue_whale,15.879024882282431
34.84,-120.83,2002-10-04 13:32:00+00:00,10,blue_whale,14.230953412299911
37.68,-123.07,1989-09-14 13:38:00+00:00,9,blue_whale,12.862388028618529
33.6787,-118.3021,2016-04-30 13:45:00+00:00,4,blue_whale,16.00675638608444
36.73,-122.05,1999-10-19 00:00:00+00:00,10,blue_whale,13.297868421198958
34.01,-120.47,1994-09-24 16:00:00+00:00,9,blue_whale,15.57402363176885
37.85,-123.19,1996-09-03 17:36:00+00:00,9,blue_whale,12.54490133950686
34.13,-119.93,1999-06-27 17:44:00+00:00,6,blue_whale,15.796331124221135
36.8,-121.9,1986-10-16 00:00:00+00:00,10,blue_whale,13.17253455013172
41.91,-124.53,2004-10-13 14:36:00+00:00,10,blue_whale,11.70429657111815
34.22,-120.4,1994-09-25 10:03:00+00:00,9,blue_whale,15.26039721337379
34.13,-119.89,1999-06-25 15:01:00+00:00,6,blue_whale,15.840842263975366
36.65,-121.98,2003-08-31 14:48:00+00:00,8,blue_whale,13.420066324385266
24.61,-113.31,1995-11-03 00:00:00+00:00,11,blue_whale,21.673804529664032
34.06,-120.56,2004-10-23 13:42:00+00:00,10,blue_whale,15.500607145061108
36.7,-122.07,1996-08-06 18:31:00+00:00,8,blue_whale,13.532889564959607
34.13,-120.2,1996-08-12 12:55:00+00:00,8,blue_whale,15.600059258558433
25.669258,-110.901991,2026-03-01 17:09:00+00:00,3,blue_whale,24.9408431704337
34.2,-120.0,1992-06-21 00:00:00+00:00,6,blue_whale,15.717286584959991
34.16,-120.64,2004-09-22 11:10:00+00:00,9,blue_whale,15.458344119309592
36.65,-122.01,2000-09-12 09:15:00+00:00,9,blue_whale,13.420066324385266
37.44295,-25.53908333,2009-05-18 14:30:00+00:00,5,blue_whale,19.427707459166353
34.13,-120.19,1994-07-31 12:00:00+00:00,7,blue_whale,15.600059258558433
37.66,-123.05,1989-09-14 15:00:00+00:00,9,blue_whale,12.821400393906153
-8.21,123.48,2017-11-13 16:00:00+00:00,11,blue_whale,28.860354521671287
37.77,-123.22,1998-08-13 13:28:00+00:00,8,blue_whale,12.887234635190557
36.24,-121.98,1999-07-18 10:23:00+00:00,7,blue_whale,13.624862318459394
34.1,-119.82,1992-06-11 11:45:00+00:00,6,blue_whale,15.90588028374133
34.1,-119.83,1992-06-11 10:25:00+00:00,6,blue_whale,15.90588028374133
34.13,-119.9,2002-10-31 13:48:00+00:00,10,blue_whale,15.840842263975366
34.02,-120.53,1995-08-20 09:37:00+00:00,8,blue_whale,15.587840018603073
34.2,-120.0,2003-08-25 00:00:00+00:00,8,blue_whale,15.717286584959991
34.1,-120.61,1995-10-05 11:15:00+00:00,10,blue_whale,15.540589768873337
34.13,-119.89,1999-06-25 14:49:00+00:00,6,blue_whale,15.840842263975366
38.15,-123.2,1999-09-20 18:46:00+00:00,9,blue_whale,12.032649046179229
34.15,-120.0,1994-10-10 10:06:00+00:00,10,blue_whale,15.74121915340888
36.48,-122.0,2001-10-20 12:46:00+00:00,10,blue_whale,13.454131842665838
30.08,-115.96,1989-05-07 15:44:00+00:00,5,blue_whale,17.191043571416337
32.85,-119.2,1993-07-31 12:54:00+00:00,7,blue_whale,16.911478884980973
34.15,-120.02,1992-07-09 14:08:00+00:00,7,blue_whale,15.721707239334904
37.08,-122.49,1993-08-26 14:38:00+00:00,8,blue_whale,13.009924043907361
34.13,-119.8,2002-09-23 09:33:00+00:00,9,blue_whale,15.935680274900976
34.03,-120.55,2001-07-25 10:03:00+00:00,7,blue_whale,15.587840018603073
34.12,-120.62,2001-07-26 11:59:00+00:00,7,blue_whale,15.521027272222629
34.13,-119.91,1999-06-25 14:01:00+00:00,6,blue_whale,15.840842263975366
34.11,-120.6,2001-07-26 13:15:00+00:00,7,blue_whale,15.485008329763245
37.5,-122.72,1999-07-22 16:38:00+00:00,7,blue_whale,12.668453850327108
37.7,-123.12,1996-09-12 14:45:00+00:00,9,blue_whale,12.951106781330253
36.8,-121.9,1987-10-05 00:00:00+00:00,10,blue_whale,13.17253455013172
34.12,-120.17,2002-08-18 10:03:00+00:00,8,blue_whale,15.600059258558433
38.0,-123.38,1988-10-01 14:34:00+00:00,10,blue_whale,12.778311077073553
34.11,-120.18,1997-07-08 18:07:00+00:00,7,blue_whale,15.600059258558433
37.48,-123.0,1996-08-27 19:05:00+00:00,8,blue_whale,13.196633306888709
34.49,-120.67,1994-09-17 12:45:00+00:00,9,blue_whale,14.399103110900558
37.57,-123.03,1999-09-21 11:37:00+00:00,9,blue_whale,12.953377268632298
36.7,-121.97,2003-08-07 10:01:00+00:00,8,blue_whale,13.353572626718712
36.81,-122.05,1993-08-09 11:17:00+00:00,8,blue_whale,13.220477973295889
22.41,-110.78,1993-08-30 09:03:00+00:00,8,blue_whale,24.5661977486614
-39.133,143.13,2012-01-16 13:00:00+00:00,1,blue_whale,16.11118746344885
34.13,-119.88,1999-06-25 15:02:00+00:00,6,blue_whale,15.840842263975366
34.11,-119.98,1999-06-22 18:03:00+00:00,6,blue_whale,15.74121915340888
34.11,-119.98,1999-06-22 18:00:00+00:00,6,blue_whale,15.74121915340888
30.39,-116.1,1989-05-08 10:21:00+00:00,5,blue_whale,16.937098869766473
38.34,-123.28,1999-09-16 16:41:00+00:00,9,blue_whale,11.955459358855153
34.1,-120.6,2004-09-22 14:53:00+00:00,9,blue_whale,15.540589768873337
34.09,-120.61,2001-07-25 16:09:00+00:00,7,blue_whale,15.540589768873337
32.88,-119.47,1993-07-31 16:01:00+00:00,7,blue_whale,16.735686967251343
37.89,-123.19,1988-09-01 12:02:00+00:00,9,blue_whale,12.43915738802839
36.71,-122.06,1994-09-23 13:14:00+00:00,9,blue_whale,13.40381518207608
34.14,-119.81,2002-09-23 10:43:00+00:00,9,blue_whale,15.935680274900976
32.3833,-119.0083,1977-07-03 13:30:00+00:00,7,blue_whale,17.012819174664887
37.49,-122.99,1995-09-04 12:00:00+00:00,9,blue_whale,13.196633306888709
34.15,-119.86,1994-09-16 11:28:00+00:00,9,blue_whale,15.879024882282431
36.666285,-121.957855,2018-10-16 17:00:00+00:00,10,blue_whale,13.316103639099651
34.49,-120.75,1994-09-17 15:00:00+00:00,9,blue_whale,14.62393371120125
36.75,-121.98,2003-09-26 12:52:00+00:00,9,blue_whale,13.255239563233763
-42.4137,-74.6005,2017-02-14 21:41:00+00:00,2,blue_whale,12.535946485083176
33.53,-119.55,1997-11-02 07:47:00+00:00,11,blue_whale,16.770776254489764
38.05,-123.42,1987-08-29 14:02:00+00:00,8,blue_whale,12.843874820467798
36.8,-121.9,1986-10-06 00:00:00+00:00,10,blue_whale,13.17253455013172
34.08,-120.59,2001-07-25 12:12:00+00:00,7,blue_whale,15.540589768873337
37.7,-123.08,1994-08-26 12:05:00+00:00,8,blue_whale,12.862388028618529
-38.794,143.005,2012-01-16 12:02:00+00:00,1,blue_whale,16.112020733096404
40.8,-71.816667,1990-07-31 11:11:00+00:00,7,blue_whale,13.291272414782473
34.19,-119.87,1999-06-26 10:32:00+00:00,6,blue_whale,15.840531605574427
34.12,-120.15,1999-06-22 15:36:00+00:00,6,blue_whale,15.626783724385671
37.77,-123.23,2003-10-28 14:45:00+00:00,10,blue_whale,12.887234635190557
32.16,-121.11,1991-09-12 14:05:00+00:00,9,blue_whale,16.553935089674603
38.29,-123.25,1999-09-17 15:43:00+00:00,9,blue_whale,11.992376493922762
41.78,-124.47,2004-10-14 11:43:00+00:00,10,blue_whale,11.703369714596173
38.25,-123.25,1990-09-07 16:03:00+00:00,9,blue_whale,12.066640152232015
38.04,-123.51,1987-08-30 12:05:00+00:00,8,blue_whale,12.986511628910023
37.67,-122.98,1996-08-24 09:39:00+00:00,8,blue_whale,12.637615925344928
32.86,-117.33,1998-06-05 07:58:00+00:00,6,blue_whale,16.845277151726524
37.73,-123.18,2002-07-22 16:02:00+00:00,7,blue_whale,12.845620174952403
32.207761,-118.848055,2005-07-02 12:26:00+00:00,7,blue_whale,17.19351282707696
34.12,-119.97,2002-06-26 09:46:00+00:00,6,blue_whale,15.74121915340888
34.14,-119.88,1994-09-16 11:59:00+00:00,9,blue_whale,15.840842263975366
36.82,-121.84,2003-07-25 19:34:00+00:00,7,blue_whale,13.145461077393596
36.86,-122.19,2001-09-21 11:55:00+00:00,9,blue_whale,13.26110865772361
33.17,-117.92,1993-07-30 09:02:00+00:00,7,blue_whale,17.62130673099256
36.77,-121.97,2003-10-05 10:29:00+00:00,10,blue_whale,13.194764080169147
38.09,-123.5,1991-10-10 13:03:00+00:00,10,blue_whale,12.94893880616253
36.64,-122.01,1998-09-21 10:32:00+00:00,9,blue_whale,13.420066324385266
32.040214,-119.143893,2005-07-02 16:37:00+00:00,7,blue_whale,17.045502762895023
31.87,-116.88,1989-05-10 09:02:00+00:00,5,blue_whale,16.78582039455023
39.45,-123.91,1992-10-07 09:48:00+00:00,10,blue_whale,11.615423765286542
34.12,-120.19,1997-07-31 11:51:00+00:00,7,blue_whale,15.600059258558433
34.13,-120.2,1996-08-12 13:19:00+00:00,8,blue_whale,15.600059258558433
34.43,-122.8,1993-09-07 11:01:00+00:00,9,blue_whale,15.35612686113556
33.4,-119.56,2001-06-25 11:33:00+00:00,6,blue_whale,16.68010189081105
30.21,-116.4,1980-07-09 00:00:00+00:00,7,blue_whale,18.10570529707288
37.76,-123.25,1988-08-28 16:05:00+00:00,8,blue_whale,12.990421070155607
34.12,-120.5,1996-07-21 17:45:00+00:00,7,blue_whale,15.433570883438355
34.14,-119.8,2002-09-23 12:21:00+00:00,9,blue_whale,15.935680274900976
34.13,-120.01,1994-10-10 14:46:00+00:00,10,blue_whale,15.74121915340888
34.1,-120.08,2002-06-27 13:01:00+00:00,6,blue_whale,15.722542350353882
38.67,-123.63,1999-09-16 12:19:00+00:00,9,blue_whale,11.973343123678786
34.1,-120.18,1999-06-20 10:47:00+00:00,6,blue_whale,15.654975823522737
38.67,-123.62,1999-09-16 12:29:00+00:00,9,blue_whale,11.973343123678786
37.76,-123.16,1989-09-13 16:06:00+00:00,9,blue_whale,12.74479964077014
33.94,-120.44,2001-08-23 08:24:00+00:00,8,blue_whale,15.709856683602432
32.79,-117.37,1998-06-05 14:23:00+00:00,6,blue_whale,17.005414470495513
34.58,-120.8,2003-08-31 14:08:00+00:00,8,blue_whale,14.386917629983873
34.18,-119.88,1992-07-09 11:23:00+00:00,7,blue_whale,15.840531605574427
34.73,-120.84,2001-06-21 17:16:00+00:00,6,blue_whale,14.346594880225451
34.79,-120.81,2002-10-05 12:29:00+00:00,10,blue_whale,14.072254847376115
34.13,-120.04,1994-10-09 17:03:00+00:00,10,blue_whale,15.721707239334904
25.65698,-111.10751,2025-02-19 11:28:00+00:00,2,blue_whale,24.807274029032154
34.2,-119.86,1997-07-05 10:34:00+00:00,7,blue_whale,15.913054504594356
36.71,-121.96,1998-09-23 10:45:00+00:00,9,blue_whale,13.316103639099651
49.7,-52.95,1974-08-18 17:36:00+00:00,8,blue_whale,3.591965244812231
38.32,-123.46,1992-09-29 17:15:00+00:00,9,blue_whale,12.40237761791405
32.7,-117.5,2018-05-05 12:00:00+00:00,5,blue_whale,17.496644236240527
34.2,-120.0,1992-07-19 00:00:00+00:00,7,blue_whale,15.717286584959991
38.18,-123.37,1989-10-26 15:05:00+00:00,10,blue_whale,12.576606714564083
36.75,-121.96,2000-09-15 13:04:00+00:00,9,blue_whale,13.212194359424265
32.78,-117.38,1998-06-06 12:18:00+00:00,6,blue_whale,17.005414470495513
34.1,-120.61,2004-09-22 14:45:00+00:00,9,blue_whale,15.540589768873337
34.12,-120.04,2002-08-15 11:11:00+00:00,8,blue_whale,15.721707239334904
38.0,-123.1,1986-09-15 18:00:00+00:00,9,blue_whale,11.974534789391047
38.25,-123.2,1992-09-10 12:29:00+00:00,9,blue_whale,11.843873856791987
34.05,-120.58,1992-07-13 15:25:00+00:00,7,blue_whale,15.624242408313673
34.1,-119.95,2003-07-26 00:00:00+00:00,7,blue_whale,15.74565890810419
34.12,-120.17,2002-08-18 10:02:00+00:00,8,blue_whale,15.600059258558433
41.78,-124.38,2003-09-06 16:01:00+00:00,9,blue_whale,11.29546413583963
36.68,-122.02,1995-08-22 13:14:00+00:00,8,blue_whale,13.40381518207608
34.178228,-122.688763,2004-11-17 13:06:00+00:00,11,blue_whale,15.456432421651247
34.11,-120.1,1995-08-21 13:27:00+00:00,8,blue_whale,15.67778120682874
39.5,-123.96,1992-10-22 14:26:00+00:00,10,blue_whale,11.833888916066394
28.32,-115.48,1989-05-06 13:27:00+00:00,5,blue_whale,18.785241026412216
37.94,-123.11,1986-08-15 13:00:00+00:00,8,blue_whale,12.12597141401805
36.79,-122.1,1998-09-16 00:00:00+00:00,9,blue_whale,13.3188116630322
25.61724,-110.995319,2026-03-01 18:08:00+00:00,3,blue_whale,24.852196369756335
33.62487,-118.29337,2016-07-01 16:38:00+00:00,7,blue_whale,16.233048244242614
36.76,-121.94,2003-08-05 12:04:00+00:00,8,blue_whale,13.212194359424265
34.09,-119.84,1992-06-11 12:17:00+00:00,6,blue_whale,15.90588028374133
38.33,-123.28,1992-09-10 17:24:00+00:00,9,blue_whale,11.955459358855153
34.14,-119.96,2004-07-23 12:33:00+00:00,7,blue_whale,15.796331124221135
38.08,-123.48,1992-09-11 16:05:00+00:00,9,blue_whale,12.94893880616253
34.15,-119.97,1994-09-18 14:56:00+00:00,9,blue_whale,15.74121915340888
37.65,-123.06,2000-11-17 10:21:00+00:00,11,blue_whale,12.821400393906153
34.19,-120.42,1998-07-30 14:02:00+00:00,7,blue_whale,15.36175322455056
39.29,-123.94,1992-10-23 10:11:00+00:00,10,blue_whale,11.913705964132522
34.15,-119.94,1992-09-02 12:05:00+00:00,9,blue_whale,15.796331124221135
34.1,-119.83,1992-06-11 13:03:00+00:00,6,blue_whale,15.90588028374133
34.19,-119.92,2000-08-03 12:27:00+00:00,8,blue_whale,15.8277919366176
36.63,-122.0,1996-08-16 13:02:00+00:00,8,blue_whale,13.420066324385266
34.6,-120.81,2003-08-31 15:07:00+00:00,8,blue_whale,14.386917629983873
36.62,-122.09,1998-07-23 13:04:00+00:00,7,blue_whale,13.589257615493592
36.67,-122.0,2000-10-25 10:11:00+00:00,10,blue_whale,13.353572626718712
34.1,-120.61,2001-07-25 16:38:00+00:00,7,blue_whale,15.540589768873337
36.69,-122.0,2000-10-16 10:46:00+00:00,10,blue_whale,13.353572626718712
34.09,-120.5,2002-07-27 16:35:00+00:00,7,blue_whale,15.492379690898474
34.12,-120.05,1997-08-21 11:19:00+00:00,8,blue_whale,15.721707239334904
36.79,-122.09,2001-09-17 09:53:00+00:00,9,blue_whale,13.3188116630322
38.16,-123.29,1992-08-29 11:02:00+00:00,8,blue_whale,12.33134489348685
33.99,-120.46,1994-09-24 16:03:00+00:00,9,blue_whale,15.606873611528126
37.67,-123.12,2000-11-17 11:37:00+00:00,11,blue_whale,12.951106781330253
37.62,-123.03,2000-11-17 09:58:00+00:00,11,blue_whale,12.821400393906153
36.76,-121.91,2002-09-16 11:55:00+00:00,9,blue_whale,13.217317240437739
34.21,-120.46,2002-07-28 10:59:00+00:00,7,blue_whale,15.266581360209013
36.69,-121.98,2001-08-26 09:49:00+00:00,8,blue_whale,13.353572626718712
36.49,-122.0,2001-10-07 11:16:00+00:00,10,blue_whale,13.454131842665838
34.58,-120.81,2003-08-31 14:29:00+00:00,8,blue_whale,14.386917629983873
36.62,-122.14,1998-07-23 17:04:00+00:00,7,blue_whale,13.698343873585014
33.546454,-118.11102,2017-06-12 16:29:00+00:00,6,blue_whale,16.545443404783278
34.14,-119.8,2002-09-23 12:37:00+00:00,9,blue_whale,15.935680274900976
37.24,-122.81,2001-09-11 10:25:00+00:00,9,blue_whale,13.3441956148151
34.1,-120.11,2001-07-25 19:03:00+00:00,7,blue_whale,15.722542350353882
38.01,-123.2,1988-10-12 14:42:00+00:00,10,blue_whale,12.193516390359974
41.92,-124.51,2004-10-13 15:18:00+00:00,10,blue_whale,11.590907509403403
7.71,-92.78,1992-10-15 10:55:00+00:00,10,blue_whale,27.935992145975696
34.14,-119.89,1992-07-08 15:25:00+00:00,7,blue_whale,15.840842263975366
-38.571,141.9,2012-01-13 10:15:00+00:00,1,blue_whale,16.242633142815095
36.76,-121.93,2003-08-05 12:13:00+00:00,8,blue_whale,13.212194359424265
34.13,-120.62,2004-10-23 12:50:00+00:00,10,blue_whale,15.521027272222629
38.19,-123.25,1990-09-26 10:45:00+00:00,9,blue_whale,12.185140696833447
34.13,-120.11,1994-10-06 12:04:00+00:00,10,blue_whale,15.67778120682874
34.1,-120.05,1997-06-19 12:05:00+00:00,6,blue_whale,15.736511918037541
34.14,-120.25,1996-08-13 13:43:00+00:00,8,blue_whale,15.545103912642837
39.38,-123.98,1997-10-02 11:01:00+00:00,10,blue_whale,12.163509557706776
34.07,-120.56,1995-08-20 14:42:00+00:00,8,blue_whale,15.500607145061108
39.29,-123.91,1992-10-08 13:14:00+00:00,10,blue_whale,11.634110833687215
36.74,-121.96,2003-09-13 10:51:00+00:00,9,blue_whale,13.212194359424265
34.06,-120.58,2001-07-25 11:04:00+00:00,7,blue_whale,15.540589768873337
36.79,-122.17,1998-10-02 12:03:00+00:00,10,blue_whale,13.490145208514193
38.21,-123.1,1988-09-24 12:02:00+00:00,9,blue_whale,11.708518951094264
34.09,-120.59,2001-07-25 12:21:00+00:00,7,blue_whale,15.540589768873337
34.09,-120.6,2001-07-25 13:00:00+00:00,7,blue_whale,15.540589768873337
36.82,-122.26,1998-09-12 08:00:00+00:00,9,blue_whale,13.426927587830612
39.42,-123.95,1992-09-22 18:04:00+00:00,9,blue_whale,11.837259162913465
36.69,-122.0,2001-10-12 11:07:00+00:00,10,blue_whale,13.353572626718712
34.07,-120.58,1995-10-04 14:45:00+00:00,10,blue_whale,15.540589768873337
34.34,-120.52,1994-09-23 17:51:00+00:00,9,blue_whale,15.007865646159287
34.1,-119.77,1992-06-11 13:35:00+00:00,6,blue_whale,15.987492907059162
34.12,-120.05,2003-07-25 09:22:00+00:00,7,blue_whale,15.721707239334904
38.06,-123.51,1987-08-30 16:04:00+00:00,8,blue_whale,12.986511628910023
34.14,-119.92,1999-06-27 15:55:00+00:00,6,blue_whale,15.796331124221135
34.13,-120.63,2004-09-22 13:49:00+00:00,9,blue_whale,15.521027272222629
37.0,-122.39,1998-08-10 13:14:00+00:00,8,blue_whale,13.079940500733654
36.46,-122.03,1988-08-08 00:00:00+00:00,8,blue_whale,13.477207616435471
23.72,-111.66,1995-11-02 00:00:00+00:00,11,blue_whale,23.204253019509316
-62.833333,-60.166667,2025-02-03 15:00:00+00:00,2,blue_whale,-0.2476486578818673
34.14,-119.81,2002-09-22 15:03:00+00:00,9,blue_whale,15.935680274900976
34.12,-120.62,2001-07-26 10:55:00+00:00,7,blue_whale,15.521027272222629
33.91,-120.31,1995-08-12 13:01:00+00:00,8,blue_whale,15.661878898544463
37.6439,-25.24331667,2018-05-01 16:09:00+00:00,5,blue_whale,19.22632241421161
34.4,-120.52,1995-08-08 15:15:00+00:00,8,blue_whale,14.76832666635704
34.11,-120.1,2002-06-27 12:18:00+00:00,6,blue_whale,15.67778120682874
36.76,-121.95,2003-09-28 11:28:00+00:00,9,blue_whale,13.212194359424265
36.86,-122.19,2001-09-21 13:08:00+00:00,9,blue_whale,13.26110865772361
39.48,-123.9,1992-10-07 13:11:00+00:00,10,blue_whale,11.617958115884845
81.09,17.55,2016-09-03 18:51:00+00:00,9,blue_whale,0.7748241905875293
38.428886,-28.632096,2024-04-17 09:58:00+00:00,4,blue_whale,18.99195819495674
33.38,-119.48,2001-07-21 13:05:00+00:00,7,blue_whale,16.705395921485692
34.14,-120.63,2004-09-22 13:53:00+00:00,9,blue_whale,15.521027272222629
32.32,-119.5,1996-08-14 08:46:00+00:00,8,blue_whale,16.708584600966834
41.93,-124.35,1991-10-07 12:05:00+00:00,10,blue_whale,11.057115258805123
38.17,-123.08,1994-09-04 14:04:00+00:00,9,blue_whale,11.708518951094264
38.22,-123.1,1988-09-24 15:03:00+00:00,9,blue_whale,11.609315961450381
37.3,-122.59,1993-08-31 19:17:00+00:00,8,blue_whale,12.810163540572614
38.18,-123.41,1992-09-15 13:18:00+00:00,9,blue_whale,12.576606714564083
36.68,-121.99,2003-09-24 17:54:00+00:00,9,blue_whale,13.353572626718712
36.7,-121.98,2003-09-17 14:17:00+00:00,9,blue_whale,13.353572626718712
34.1,-120.07,1995-08-07 13:25:00+00:00,8,blue_whale,15.722542350353882
34.16,-120.23,2004-07-05 15:11:00+00:00,7,blue_whale,15.480641710939128
78.184883,12.193451,2023-06-06 23:20:00+00:00,6,blue_whale,3.0205830487507255
33.763152,-118.733968,2006-07-15 07:07:00+00:00,7,blue_whale,17.01482370086617
34.19,-119.94,1992-07-11 17:05:00+00:00,7,blue_whale,15.8277919366176
34.14,-119.93,1999-06-27 12:44:00+00:00,6,blue_whale,15.796331124221135
33.37,-119.5,1996-08-03 10:39:00+00:00,8,blue_whale,16.705395921485692
37.11,-122.71,2001-10-27 12:00:00+00:00,10,blue_whale,13.500806611190391
34.13,-119.77,1992-07-06 13:04:00+00:00,7,blue_whale,15.935680274900976
38.1,-123.42,1989-10-25 15:04:00+00:00,10,blue_whale,12.796191658309963
34.06,-120.52,1997-07-14 15:04:00+00:00,7,blue_whale,15.500607145061108
39.43,-123.97,1992-10-22 09:22:00+00:00,10,blue_whale,12.166628830479828
34.2,-120.0,1997-07-03 00:00:00+00:00,7,blue_whale,15.717286584959991
34.31,-120.04,1992-07-10 16:05:00+00:00,7,blue_whale,15.210148814640446
37.01,-122.38,1993-08-25 17:01:00+00:00,8,blue_whale,13.079940500733654
33.99,-120.52,1995-08-20 11:02:00+00:00,8,blue_whale,15.636062567097206
34.1,-120.16,2002-06-25 19:11:00+00:00,6,blue_whale,15.676396019932692
33.11,-120.98,1991-07-30 15:06:00+00:00,7,blue_whale,15.992659417839269
37.85,-123.23,1999-09-04 13:07:00+00:00,9,blue_whale,12.728834637369824
36.67,-122.0,2003-09-25 13:49:00+00:00,9,blue_whale,13.353572626718712
38.56,-28.84,2024-04-21 16:19:00+00:00,4,blue_whale,19.064246907614095
34.14,-120.0,1994-10-10 10:04:00+00:00,10,blue_whale,15.74121915340888
38.24,-123.26,1990-09-07 13:00:00+00:00,9,blue_whale,12.066640152232015
34.13,-119.99,2002-08-11 10:01:00+00:00,8,blue_whale,15.74121915340888
38.07,-123.51,1987-08-30 15:59:00+00:00,8,blue_whale,12.94893880616253
32.91,-117.42,1998-06-05 12:15:00+00:00,6,blue_whale,17.139730648735792
38.98,-123.93,1997-10-02 17:05:00+00:00,10,blue_whale,12.191548544224485
34.060933,-119.359467,2016-08-11 11:14:00+00:00,8,blue_whale,15.47938882473469
36.67,-122.01,2000-09-12 08:35:00+00:00,9,blue_whale,13.353572626718712
38.15,-123.36,1989-10-26 13:15:00+00:00,10,blue_whale,12.515301325348215
34.04,-120.55,2001-07-25 09:45:00+00:00,7,blue_whale,15.587840018603073
32.68,-119.19,2001-06-19 13:05:00+00:00,6,blue_whale,16.844987651116874
38.29,-123.29,1999-09-17 18:13:00+00:00,9,blue_whale,12.104579036587863
34.17,-119.81,1992-07-08 10:15:00+00:00,7,blue_whale,15.907374318733316
34.12,-119.98,2002-08-06 09:04:00+00:00,8,blue_whale,15.74121915340888
34.13,-120.17,1996-08-12 16:32:00+00:00,8,blue_whale,15.600059258558433
38.602853,-28.526001,2019-05-02 08:00:00+00:00,5,blue_whale,18.96245803820159
34.1,-120.62,2001-07-25 14:17:00+00:00,7,blue_whale,15.576525436175153
38.27,-123.33,1990-09-23 11:00:00+00:00,9,blue_whale,12.290372353516284
29.0,-113.4,1985-04-12 10:03:00+00:00,4,blue_whale,22.47088008581078
36.67,-121.97,2003-09-07 10:15:00+00:00,9,blue_whale,13.353572626718712
38.27,-123.16,1988-09-24 11:04:00+00:00,9,blue_whale,11.639438221029595
34.16,-119.84,1994-09-16 10:05:00+00:00,9,blue_whale,15.913054504594356
34.14,-119.82,2004-07-23 10:21:00+00:00,7,blue_whale,15.879024882282431
37.65,-123.0,1993-09-24 18:01:00+00:00,9,blue_whale,12.753123471700071
32.69,-119.2,2001-08-28 14:58:00+00:00,8,blue_whale,16.844987651116874
37.69,-123.09,1989-08-19 13:03:00+00:00,8,blue_whale,12.862388028618529
28.51,-115.59,2000-07-31 00:00:00+00:00,7,blue_whale,18.690052064191576
38.67,-123.68,1996-10-22 11:15:00+00:00,10,blue_whale,12.171366387909154
34.13,-120.05,1999-07-08 00:00:00+00:00,7,blue_whale,15.721707239334904
36.92,-122.3,2002-09-18 12:41:00+00:00,9,blue_whale,13.058527237902128
38.5,-126.81,1993-09-26 17:43:00+00:00,9,blue_whale,14.646000271714302
11.82,-91.9,1988-08-24 17:46:00+00:00,8,blue_whale,28.795387507258773
37.93,-123.4,1990-10-18 14:03:00+00:00,10,blue_whale,12.873224230189512
34.05,-120.56,1993-08-03 12:37:00+00:00,8,blue_whale,15.587840018603073
34.03,-120.55,2001-07-26 15:54:00+00:00,7,blue_whale,15.587840018603073
38.226936,-28.620171,2024-04-20 12:47:00+00:00,4,blue_whale,19.127333651771814
30.51,-116.19,1989-05-08 13:03:00+00:00,5,blue_whale,16.951642402336375
38.48,-123.34,1999-09-18 16:11:00+00:00,9,blue_whale,11.692510093507002
34.13,-119.89,1999-06-25 15:15:00+00:00,6,blue_whale,15.840842263975366
-39.064,142.808,2012-01-23 10:55:00+00:00,1,blue_whale,16.150158176121
37.37,-122.57,2003-07-23 17:54:00+00:00,7,blue_whale,12.626971589047349
38.31,-123.25,1992-09-10 17:54:00+00:00,9,blue_whale,11.992376493922762
34.56,-120.76,2000-07-11 13:27:00+00:00,7,blue_whale,14.272070980546554
32.91,-117.37,1991-07-17 10:05:00+00:00,7,blue_whale,16.959967154831578
33.46,-122.7,1991-07-31 16:44:00+00:00,7,blue_whale,15.834563262715818
34.2,-120.0,1992-06-18 00:00:00+00:00,6,blue_whale,15.717286584959991
36.3667,-122.6954,1980-10-13 11:40:00+00:00,10,blue_whale,14.505841379027
38.18,-123.13,1992-08-30 11:04:00+00:00,8,blue_whale,11.820571496907275
34.11,-120.61,2001-07-24 14:39:00+00:00,7,blue_whale,15.485008329763245
37.73,-123.16,2000-11-17 14:48:00+00:00,11,blue_whale,12.74479964077014
37.83,-123.09,1988-09-02 08:27:00+00:00,9,blue_whale,12.39179120362837
38.33,-123.42,1998-09-03 18:29:00+00:00,9,blue_whale,12.40237761791405
34.1,-120.1,1998-07-06 17:47:00+00:00,7,blue_whale,15.722542350353882
34.41,-120.51,1995-08-08 17:05:00+00:00,8,blue_whale,14.49624260588554
33.91,-123.41,1991-09-07 18:13:00+00:00,9,blue_whale,15.775068252959068
34.12,-120.61,2001-07-26 12:22:00+00:00,7,blue_whale,15.485008329763245
33.610365,-118.259747,2016-07-22 16:58:00+00:00,7,blue_whale,16.15233295708596
33.43,-119.61,2001-07-15 13:05:00+00:00,7,blue_whale,16.661822393106053
34.12,-119.76,1992-06-18 14:29:00+00:00,6,blue_whale,15.962057202922718
34.11,-120.07,1996-08-13 17:35:00+00:00,8,blue_whale,15.67778120682874
34.17,-120.35,1997-09-05 10:48:00+00:00,9,blue_whale,15.397612001748923
34.13,-119.82,1992-07-07 16:25:00+00:00,7,blue_whale,15.879024882282431
32.93,-117.38,1991-07-17 11:02:00+00:00,7,blue_whale,16.959967154831578
34.25,-120.11,1992-07-06 10:25:00+00:00,7,blue_whale,15.559522919446287
32.619091,-16.851825,2025-04-14 17:18:00+00:00,4,blue_whale,20.46754243266317
36.69,-122.0,2000-09-11 12:56:00+00:00,9,blue_whale,13.353572626718712
37.04,-122.41,1993-08-27 18:45:00+00:00,8,blue_whale,12.985864975667475
34.71,-120.83,2001-06-21 10:05:00+00:00,6,blue_whale,14.346594880225451
33.6857,-118.3006,2016-05-14 16:51:00+00:00,5,blue_whale,16.00675638608444
37.65,-122.98,1993-09-23 12:05:00+00:00,9,blue_whale,12.753123471700071
34.361042,-120.74341,2005-07-16 07:42:00+00:00,7,blue_whale,15.128958938686022
38.39,-123.21,1994-09-06 18:17:00+00:00,9,blue_whale,11.50502714022337
-38.472,141.984,2012-01-18 11:37:00+00:00,1,blue_whale,16.17562346803962
36.82,-121.88,2003-07-25 07:06:00+00:00,7,blue_whale,13.119502781854797
36.64,-122.02,1996-08-28 01:00:00+00:00,8,blue_whale,13.462519673338019
34.09,-120.6,2004-09-22 15:14:00+00:00,9,blue_whale,15.540589768873337
-1.175,-91.3717,1993-06-15 15:50:00+00:00,6,blue_whale,24.261732185406554
34.061908,-119.351356,2016-08-11 10:51:00+00:00,8,blue_whale,15.47938882473469
33.0155,-118.9166,2023-07-23 08:15:00+00:00,7,blue_whale,17.14270553601214
37.75,-123.18,2000-11-17 14:01:00+00:00,11,blue_whale,12.845620174952403
36.61,-122.05,1998-09-21 12:46:00+00:00,9,blue_whale,13.501692449947614
34.17,-120.15,2004-08-07 14:30:00+00:00,8,blue_whale,15.584914089215195
33.53,-118.93,1993-08-14 00:00:00+00:00,8,blue_whale,17.313701923143284
34.11,-120.13,1995-07-05 16:04:00+00:00,7,blue_whale,15.626783724385671
34.13,-119.88,2002-09-23 01:00:00+00:00,9,blue_whale,15.840842263975366
-38.216,140.648,2009-01-17 12:53:00+00:00,1,blue_whale,16.229914248928118
34.14,-119.82,2002-09-21 13:32:00+00:00,9,blue_whale,15.879024882282431
34.11,-119.98,1999-06-22 17:42:00+00:00,6,blue_whale,15.74121915340888
33.91,-120.33,1995-08-12 13:03:00+00:00,8,blue_whale,15.675335453364706
34.14,-119.83,1992-07-07 16:18:00+00:00,7,blue_whale,15.879024882282431
37.58533333,-25.57895,2017-05-18 11:00:00+00:00,5,blue_whale,19.276510600160837
34.12,-119.8,2002-09-02 13:58:00+00:00,9,blue_whale,15.935680274900976
34.09,-120.6,2001-07-25 16:03:00+00:00,7,blue_whale,15.540589768873337
38.21,-123.4,1989-09-24 16:05:00+00:00,9,blue_whale,12.576606714564083
38.21,-123.4,1989-10-24 13:28:00+00:00,10,blue_whale,12.576606714564083
36.68,-122.0,2003-09-11 10:07:00+00:00,9,blue_whale,13.353572626718712
36.7,-121.99,2003-09-23 11:11:00+00:00,9,blue_whale,13.353572626718712
38.31,-123.24,1999-09-17 16:33:00+00:00,9,blue_whale,11.992376493922762
33.83,-119.28,2004-06-29 15:07:00+00:00,6,blue_whale,16.892262360739164
36.57,-122.03,2002-08-25 11:28:00+00:00,8,blue_whale,13.501692449947614
34.03,-120.55,2001-07-25 10:46:00+00:00,7,blue_whale,15.587840018603073
36.75,-121.96,2003-08-06 10:24:00+00:00,8,blue_whale,13.212194359424265
34.1,-120.06,1994-09-08 12:21:00+00:00,9,blue_whale,15.736511918037541
36.0333,-121.8064,1980-10-13 12:56:00+00:00,10,blue_whale,14.077409204284194
34.4,-120.52,1995-08-08 15:01:00+00:00,8,blue_whale,14.76832666635704
34.13,-119.92,1999-06-27 18:29:00+00:00,6,blue_whale,15.796331124221135
38.44,-123.34,1998-09-05 12:03:00+00:00,9,blue_whale,11.904958900162223
34.12,-119.84,2002-10-20 10:15:00+00:00,10,blue_whale,15.879024882282431
33.83,-125.98,2001-11-18 08:46:00+00:00,11,blue_whale,16.515289657918924
34.2,-120.47,2004-09-06 12:30:00+00:00,9,blue_whale,15.366527705353882
38.27,-123.47,1997-08-28 09:43:00+00:00,8,blue_whale,12.7130340327203
37.63,-123.03,2003-09-27 14:35:00+00:00,9,blue_whale,12.821400393906153
34.12,-120.49,1997-07-14 11:25:00+00:00,7,blue_whale,15.433570883438355
39.37,-123.94,1992-11-12 08:08:00+00:00,11,blue_whale,11.858226326418318
38.04,-123.49,1991-10-05 11:45:00+00:00,10,blue_whale,12.986511628910023
24.8,-112.4,1988-03-29 00:00:00+00:00,3,blue_whale,22.447852834634272
34.15,-119.96,1999-06-28 12:03:00+00:00,6,blue_whale,15.796331124221135
34.36,-120.53,1994-09-23 16:15:00+00:00,9,blue_whale,14.76832666635704
38.17,-123.15,1992-08-30 01:00:00+00:00,8,blue_whale,11.820571496907275
34.15,-120.36,1996-07-26 18:53:00+00:00,7,blue_whale,15.467998619576047
38.32,-123.46,1992-09-29 17:25:00+00:00,9,blue_whale,12.40237761791405
24.71,-112.26,1988-04-04 13:00:00+00:00,4,blue_whale,22.287185062438436
37.08,-122.49,1993-08-26 14:07:00+00:00,8,blue_whale,13.009924043907361
38.35,-123.22,1990-09-22 14:45:00+00:00,9,blue_whale,11.857778313195324
37.67,-123.11,2000-11-17 12:00:00+00:00,11,blue_whale,12.862388028618529
34.15,-119.92,1999-06-26 12:15:00+00:00,6,blue_whale,15.796331124221135
34.46,-121.24,1995-08-22 08:14:00+00:00,8,blue_whale,15.336169311893007
32.3333,-119.0167,1977-07-03 12:25:00+00:00,7,blue_whale,17.007815891582133
36.8,-121.9,1987-08-07 00:00:00+00:00,8,blue_whale,13.17253455013172
34.11,-120.06,2004-07-18 10:05:00+00:00,7,blue_whale,15.721707239334904
34.13,-120.22,1996-08-13 15:43:00+00:00,8,blue_whale,15.545103912642837
38.16,-123.41,1997-09-30 17:44:00+00:00,9,blue_whale,12.623576073432234
36.62,-122.02,1998-10-22 00:00:00+00:00,10,blue_whale,13.462519673338019
34.11,-120.07,2002-06-26 11:24:00+00:00,6,blue_whale,15.67778120682874
34.13,-120.36,1997-07-08 14:05:00+00:00,7,blue_whale,15.467998619576047
78.364433,12.20055,2016-07-06 12:15:00+00:00,7,blue_whale,2.3162362020185046
34.14,-119.92,1994-10-07 12:36:00+00:00,10,blue_whale,15.796331124221135
38.2,-123.36,1989-09-21 09:58:00+00:00,9,blue_whale,12.46533539521959
11.38,-94.65,1989-11-12 14:58:00+00:00,11,blue_whale,28.65365143248577
33.85,-120.22,1995-08-11 15:45:00+00:00,8,blue_whale,15.895496261431935
-38.359,141.144,2009-01-17 10:50:00+00:00,1,blue_whale,16.24552862628641
38.16,-123.4,1997-09-30 18:07:00+00:00,9,blue_whale,12.623576073432234
36.71,-121.98,2003-09-24 09:55:00+00:00,9,blue_whale,13.353572626718712
36.8,-121.9,1987-10-09 00:00:00+00:00,10,blue_whale,13.17253455013172
-39.027,142.822,2012-01-23 10:54:00+00:00,1,blue_whale,16.149267642965217
38.42,-123.29,1988-08-23 15:06:00+00:00,8,blue_whale,11.748936871989914
36.67,-122.0,2003-09-10 10:09:00+00:00,9,blue_whale,13.353572626718712
36.61,-122.07,1996-08-16 14:44:00+00:00,8,blue_whale,13.65189617692649
39.49,-123.97,1992-10-22 11:59:00+00:00,10,blue_whale,12.127263452740086
34.13,-120.01,1995-08-29 11:03:00+00:00,8,blue_whale,15.74121915340888
37.75,-123.21,1992-09-11 14:00:00+00:00,9,blue_whale,12.845620174952403
39.5,-123.92,1992-09-23 10:22:00+00:00,9,blue_whale,11.833888916066394
36.69,-121.99,2003-09-05 09:58:00+00:00,9,blue_whale,13.353572626718712
37.71,-123.15,2002-07-30 12:16:00+00:00,7,blue_whale,12.951106781330253
38.37,-123.27,1992-09-10 15:03:00+00:00,9,blue_whale,11.82542597317938
37.352395,-25.406774,2025-03-08 15:00:00+00:00,3,blue_whale,19.520281188893346
37.67,-122.97,1996-08-24 09:46:00+00:00,8,blue_whale,12.637615925344928
36.79,-122.12,1998-09-24 09:35:00+00:00,9,blue_whale,13.400755751916892
34.13,-119.99,1994-10-10 12:45:00+00:00,10,blue_whale,15.74121915340888
34.13,-120.15,2004-07-23 15:50:00+00:00,7,blue_whale,15.626783724385671
36.51,-122.12,1995-10-26 12:04:00+00:00,10,blue_whale,13.817329893195103
38.08,-123.35,1991-10-13 14:01:00+00:00,10,blue_whale,12.579645175585114
36.8,-121.9,1988-09-10 00:00:00+00:00,9,blue_whale,13.17253455013172
36.68,-121.88,1999-06-17 00:00:00+00:00,6,blue_whale,13.332499785365366
-39.41,143.237,2012-01-16 13:31:00+00:00,1,blue_whale,16.0866490616354
34.13,-119.91,1999-06-25 14:03:00+00:00,6,blue_whale,15.840842263975366
33.91,-120.31,1995-08-12 13:00:00+00:00,8,blue_whale,15.661878898544463
33.77,-120.17,2001-08-23 13:14:00+00:00,8,blue_whale,16.03236267867915
33.6425,-118.287,2016-07-16 12:55:00+00:00,7,blue_whale,16.233048244242614
36.67,-122.0,2003-09-24 16:52:00+00:00,9,blue_whale,13.353572626718712
33.75,-122.04,1996-09-08 07:04:00+00:00,9,blue_whale,15.588214102947365
24.7,-112.26,1988-04-03 15:01:00+00:00,4,blue_whale,22.31909952464948
34.14,-119.92,1999-06-26 12:28:00+00:00,6,blue_whale,15.796331124221135
34.13,-119.93,1999-06-27 18:01:00+00:00,6,blue_whale,15.796331124221135
34.31,-120.25,1992-07-07 07:55:00+00:00,7,blue_whale,15.108832517572154
33.29,-119.21,1996-09-05 15:15:00+00:00,9,blue_whale,17.107399175884158
34.19,-119.79,1992-06-27 00:00:00+00:00,6,blue_whale,15.907374318733316
34.1,-120.08,2002-06-27 14:53:00+00:00,6,blue_whale,15.722542350353882
34.05,-120.52,1997-07-14 16:28:00+00:00,7,blue_whale,15.587840018603073
36.75,-121.99,1998-07-24 07:57:00+00:00,7,blue_whale,13.255239563233763
80.200278,15.579445,2015-08-20 21:49:00+00:00,8,blue_whale,1.393629298668353
-69.224,-177.0556,2018-03-03 04:30:00+00:00,3,blue_whale,-1.5439837163665346
34.14,-119.93,1999-06-27 13:03:00+00:00,6,blue_whale,15.796331124221135
38.06,-123.43,1991-10-03 16:45:00+00:00,10,blue_whale,12.843874820467798
34.11,-120.12,1999-06-20 12:38:00+00:00,6,blue_whale,15.626783724385671
39.39,-124.09,2001-09-26 15:12:00+00:00,9,blue_whale,12.513678226309981
38.3,-123.25,1999-09-17 18:28:00+00:00,9,blue_whale,11.992376493922762
37.17,-122.56,1993-08-27 17:00:00+00:00,8,blue_whale,12.820563352451659
24.3,-111.6,1988-04-01 00:00:00+00:00,4,blue_whale,22.803929562282686
38.39,-123.22,1990-09-22 14:09:00+00:00,9,blue_whale,11.724030257761495
36.75,-122.02,1998-07-24 08:41:00+00:00,7,blue_whale,13.297868421198958
38.48,-123.28,1990-09-21 14:59:00+00:00,9,blue_whale,11.637905349703587
37.65,-123.07,2000-10-24 14:05:00+00:00,10,blue_whale,12.978420799887418
33.38,-119.51,1997-09-21 14:43:00+00:00,9,blue_whale,16.705395921485692
34.11,-120.06,1997-07-10 12:01:00+00:00,7,blue_whale,15.721707239334904
36.74,-122.03,2004-06-18 12:07:00+00:00,6,blue_whale,13.297868421198958
32.68,-117.37,2001-08-21 12:05:00+00:00,8,blue_whale,17.00963943429096
34.1,-119.77,1992-06-11 09:35:00+00:00,6,blue_whale,15.987492907059162
37.8,-123.28,2002-07-22 17:09:00+00:00,7,blue_whale,12.965410148607948
29.74,-115.83,1989-05-07 10:21:00+00:00,5,blue_whale,17.154308032062044
34.1,-120.63,2001-07-25 16:03:00+00:00,7,blue_whale,15.576525436175153
36.64,-122.05,1998-11-15 00:00:00+00:00,11,blue_whale,13.462519673338019
33.38,-119.51,2001-07-20 12:49:00+00:00,7,blue_whale,16.705395921485692
34.14,-119.95,1994-10-07 12:00:00+00:00,10,blue_whale,15.796331124221135
34.4,-120.52,1995-08-08 15:00:00+00:00,8,blue_whale,14.76832666635704
36.76,-121.93,2002-09-19 16:28:00+00:00,9,blue_whale,13.212194359424265
34.08,-120.06,1994-09-08 12:00:00+00:00,9,blue_whale,15.736511918037541
37.1,-122.5,1993-08-26 15:00:00+00:00,8,blue_whale,13.009924043907361
38.17,-123.32,1999-09-19 17:53:00+00:00,9,blue_whale,12.46533539521959
36.91,-122.02,2016-05-27 13:32:00+00:00,5,blue_whale,12.925092854577782
25.874279,-111.238494,2025-01-04 12:17:00+00:00,1,blue_whale,24.691413656910807
34.11,-120.03,1999-06-20 14:04:00+00:00,6,blue_whale,15.721707239334904
34.04,-120.55,2001-07-24 12:11:00+00:00,7,blue_whale,15.587840018603073
34.13,-119.77,2002-09-23 13:01:00+00:00,9,blue_whale,15.935680274900976
34.13,-120.21,1996-08-13 15:02:00+00:00,8,blue_whale,15.600059258558433
34.1,-120.04,1999-06-22 17:04:00+00:00,6,blue_whale,15.736511918037541
34.14,-119.93,1999-06-27 13:04:00+00:00,6,blue_whale,15.796331124221135
32.89,-117.35,1998-06-05 09:31:00+00:00,6,blue_whale,16.845277151726524
37.13,-122.47,2003-09-15 14:05:00+00:00,9,blue_whale,12.88530468855647
34.61,-120.79,2003-08-31 10:01:00+00:00,8,blue_whale,14.28013435886187
36.68,-121.97,2003-09-07 10:39:00+00:00,9,blue_whale,13.353572626718712
41.93,-124.53,2004-10-13 15:06:00+00:00,10,blue_whale,11.686346652863312
34.13,-120.2,1996-08-12 13:05:00+00:00,8,blue_whale,15.600059258558433
38.11,-123.34,1991-09-20 13:55:00+00:00,9,blue_whale,12.579645175585114
10.97,-98.18,1989-11-11 13:32:00+00:00,11,blue_whale,28.416157490323688
-38.75,142.325,2012-01-23 09:25:00+00:00,1,blue_whale,16.20611802828438
40.7,-124.41,1998-10-07 11:01:00+00:00,10,blue_whale,11.582140053639959
34.09,-120.55,2003-07-20 14:05:00+00:00,7,blue_whale,15.500607145061108
38.38,-123.2,1994-09-06 17:55:00+00:00,9,blue_whale,11.50502714022337
34.06,-120.56,1998-07-06 13:56:00+00:00,7,blue_whale,15.500607145061108
34.17,-119.91,1999-06-26 11:12:00+00:00,6,blue_whale,15.840531605574427
36.78,-122.06,2000-07-21 11:39:00+00:00,7,blue_whale,13.220477973295889
37.07,-122.48,1993-08-26 13:15:00+00:00,8,blue_whale,13.009924043907361
38.65,-123.52,2002-10-08 17:54:00+00:00,10,blue_whale,11.779056262246058
36.79,-122.02,1994-09-13 12:14:00+00:00,9,blue_whale,13.220477973295889
33.41,-119.56,2001-06-25 10:47:00+00:00,6,blue_whale,16.707145116985917
-7.21,-80.61,1998-11-27 00:00:00+00:00,11,blue_whale,20.25232659877034
36.68,-122.0,2001-08-26 12:00:00+00:00,8,blue_whale,13.353572626718712
37.74,-123.05,1986-09-07 00:00:00+00:00,9,blue_whale,12.55307088060433
38.09,-123.5,1997-09-30 16:04:00+00:00,9,blue_whale,12.94893880616253
36.8,-121.9,1988-08-12 00:00:00+00:00,8,blue_whale,13.17253455013172
-39.089,143.024,2012-01-16 12:29:00+00:00,1,blue_whale,16.126685752317933
34.12,-119.98,1998-07-21 11:44:00+00:00,7,blue_whale,15.74121915340888
38.17,-127.63,1993-10-04 11:11:00+00:00,10,blue_whale,14.931635776872831
37.93,-123.1,1986-09-15 17:03:00+00:00,9,blue_whale,12.12597141401805
34.27,-119.92,1992-07-11 18:45:00+00:00,7,blue_whale,15.567836749701643
34.3,-120.05,1992-07-10 16:32:00+00:00,7,blue_whale,15.514297492547167
38.15,-123.52,1990-10-27 16:05:00+00:00,10,blue_whale,12.950755541863424
34.21,-120.47,2002-07-28 11:18:00+00:00,7,blue_whale,15.266189052097673
34.16,-120.36,1998-07-30 15:02:00+00:00,7,blue_whale,15.397612001748923
36.67,-121.97,2003-09-06 14:46:00+00:00,9,blue_whale,13.353572626718712
34.1,-119.96,1998-07-19 00:00:00+00:00,7,blue_whale,15.74565890810419
33.38,-119.54,2001-07-19 13:29:00+00:00,7,blue_whale,16.68010189081105
37.61591667,-25.82725,2010-06-05 15:06:00+00:00,6,blue_whale,19.33221272475786
36.73,-121.97,2000-09-26 13:56:00+00:00,9,blue_whale,13.255239563233763
34.11,-119.82,1992-07-07 19:15:00+00:00,7,blue_whale,15.879024882282431
8.26,-97.27,2000-11-01 00:00:00+00:00,11,blue_whale,28.17706429069957
38.36,-123.22,1992-09-10 14:07:00+00:00,9,blue_whale,11.857778313195324
33.521818,-117.872728,2016-07-02 10:51:00+00:00,7,blue_whale,16.319582688085823
34.56,-120.77,2000-07-12 11:58:00+00:00,7,blue_whale,14.386917629983873
34.17,-119.73,1994-09-09 15:05:00+00:00,9,blue_whale,15.919966999752322
37.84,-123.31,1987-10-14 11:09:00+00:00,10,blue_whale,12.795613741870879
-38.343,140.873,2012-03-28 11:14:00+00:00,3,blue_whale,16.25298944036283
34.13,-120.62,2001-07-26 10:02:00+00:00,7,blue_whale,15.521027272222629
41.87,-124.39,1998-10-06 13:55:00+00:00,10,blue_whale,11.222820105778414
34.96,-120.9,2001-07-17 14:31:00+00:00,7,blue_whale,14.14329906795959
37.56,-122.98,1998-08-12 17:08:00+00:00,8,blue_whale,13.088816191967553
36.81,-121.86,2004-07-28 09:24:00+00:00,7,blue_whale,13.17055719545424
36.6,-122.02,2003-09-26 15:21:00+00:00,9,blue_whale,13.501692449947614
34.13,-119.77,2002-09-24 11:03:00+00:00,9,blue_whale,15.935680274900976
37.6,-123.0,1996-10-07 17:11:00+00:00,10,blue_whale,12.88692936736427
38.98,-123.93,1997-10-02 18:04:00+00:00,10,blue_whale,12.191548544224485
34.14,-119.93,1999-06-27 12:56:00+00:00,6,blue_whale,15.796331124221135
34.66,-120.8,1995-08-14 16:01:00+00:00,8,blue_whale,14.21044018327219
34.11,-120.01,1999-06-20 15:01:00+00:00,6,blue_whale,15.74121915340888
36.67,-121.97,2003-09-24 17:22:00+00:00,9,blue_whale,13.353572626718712
-67.7285,-16.749667,2026-02-01 16:30:00+00:00,2,blue_whale,-1.3890003013809678
34.07,-120.58,1995-10-04 16:04:00+00:00,10,blue_whale,15.540589768873337
37.32,-122.76,1993-09-01 14:45:00+00:00,9,blue_whale,13.054487752536934
38.46,-123.28,1998-09-05 09:04:00+00:00,9,blue_whale,11.748936871989914
38.11,-123.51,1997-08-28 13:41:00+00:00,8,blue_whale,12.94893880616253
38.33,-123.22,2003-10-22 14:41:00+00:00,10,blue_whale,11.857778313195324
34.12,-120.49,1997-07-14 10:42:00+00:00,7,blue_whale,15.433570883438355
38.47,-123.35,1998-09-05 16:44:00+00:00,9,blue_whale,11.692510093507002
66.058082,-17.561646,2023-05-11 15:00:00+00:00,5,blue_whale,6.050184485348575
34.13,-119.98,1994-10-07 14:03:00+00:00,10,blue_whale,15.74121915340888
36.62,-122.13,1998-07-23 17:28:00+00:00,7,blue_whale,13.698343873585014
34.13,-119.9,1999-06-25 14:04:00+00:00,6,blue_whale,15.840842263975366
34.73,-120.83,2001-06-21 07:49:00+00:00,6,blue_whale,14.346594880225451
38.51,-123.39,1998-09-06 14:45:00+00:00,9,blue_whale,11.806263360180674
34.08,-120.17,1996-06-05 12:24:00+00:00,6,blue_whale,15.654975823522737
33.38,-119.5,2001-07-21 14:47:00+00:00,7,blue_whale,16.705395921485692
34.1,-119.78,2002-08-09 09:35:00+00:00,8,blue_whale,15.987492907059162
37.2,-123.0667,1981-10-07 09:07:00+00:00,10,blue_whale,13.874122406956074
38.1,-123.12,1988-09-01 09:45:00+00:00,9,blue_whale,11.952459691030182
36.8,-121.9,1986-09-18 00:00:00+00:00,9,blue_whale,13.17253455013172
39.09,-123.92,1992-11-12 12:31:00+00:00,11,blue_whale,12.134950647971385
24.68,-112.25,1988-04-05 08:36:00+00:00,4,blue_whale,22.31909952464948
34.13,-119.9,1999-06-20 17:02:00+00:00,6,blue_whale,15.840842263975366
34.12,-120.03,1997-07-10 11:26:00+00:00,7,blue_whale,15.721707239334904
36.73,-121.96,2003-08-05 15:46:00+00:00,8,blue_whale,13.212194359424265
38.01,-123.49,1991-09-24 17:00:00+00:00,9,blue_whale,13.022049080537336
36.63,-122.02,2000-09-17 10:49:00+00:00,9,blue_whale,13.462519673338019
34.1,-120.14,2002-06-11 10:37:00+00:00,6,blue_whale,15.676396019932692
34.13,-120.44,1997-07-14 09:22:00+00:00,7,blue_whale,15.426308097678193
38.13,-123.23,1999-09-21 14:01:00+00:00,9,blue_whale,12.242015089230236
34.13,-119.78,2002-09-23 12:36:00+00:00,9,blue_whale,15.935680274900976
36.68,-122.0,2003-09-23 12:53:00+00:00,9,blue_whale,13.353572626718712
34.06,-120.54,2003-07-20 14:05:00+00:00,7,blue_whale,15.500607145061108
33.29,-118.87,1992-05-24 00:00:00+00:00,5,blue_whale,17.315885926322476
34.57,-122.41,1993-09-07 13:49:00+00:00,9,blue_whale,15.167269126806744
34.81,-120.83,2002-10-05 11:54:00+00:00,10,blue_whale,14.230953412299911
11.62,-99.13,1992-10-23 12:45:00+00:00,10,blue_whale,28.654960429559868
34.11,-120.21,2002-09-21 13:23:00+00:00,9,blue_whale,15.600059258558433
40.567,-67.283,1969-08-20 11:00:00+00:00,8,blue_whale,14.299939781046557
34.12,-120.09,2002-07-21 09:27:00+00:00,7,blue_whale,15.67778120682874
36.8,-121.9,1987-08-10 00:00:00+00:00,8,blue_whale,13.17253455013172
34.14,-120.59,2001-07-26 11:32:00+00:00,7,blue_whale,15.485008329763245
39.5,-123.96,1992-10-22 15:13:00+00:00,10,blue_whale,11.833888916066394
38.98,-123.84,1992-11-13 13:01:00+00:00,11,blue_whale,11.71948868736334
40.71,-124.39,1998-10-07 13:25:00+00:00,10,blue_whale,11.582140053639959
37.75,-123.04,2000-08-27 17:07:00+00:00,8,blue_whale,12.55307088060433
37.95,-123.06,1986-08-15 18:44:00+00:00,8,blue_whale,12.054720761008793
34.14,-119.84,2002-09-22 14:54:00+00:00,9,blue_whale,15.879024882282431
-69.0167,-178.4833,1910-12-24 02:00:00+00:00,12,blue_whale,-1.5135585818344954
38.23,-123.16,1986-09-07 15:04:00+00:00,9,blue_whale,11.699632367741662
31.41,-116.76,1989-05-09 14:02:00+00:00,5,blue_whale,16.965884664622532
34.101055,-119.631237,2024-06-30 12:25:00+00:00,6,blue_whale,16.17662859525358
38.45,-123.56,1993-10-19 14:58:00+00:00,10,blue_whale,12.496227562152502
38.09,-123.38,1997-09-01 11:56:00+00:00,9,blue_whale,12.686037098382121
36.7,-121.99,2003-09-20 10:12:00+00:00,9,blue_whale,13.353572626718712
34.1,-120.57,2003-07-20 13:36:00+00:00,7,blue_whale,15.540589768873337
38.27,-123.53,1987-10-11 09:01:00+00:00,10,blue_whale,12.789892113134426
36.73,-121.96,2000-07-27 12:08:00+00:00,7,blue_whale,13.212194359424265
34.13,-120.2,1996-08-12 13:27:00+00:00,8,blue_whale,15.600059258558433
38.25,-123.14,1992-08-29 19:17:00+00:00,8,blue_whale,11.699632367741662
37.8667,-123.2349,1982-09-15 13:14:00+00:00,9,blue_whale,12.603008068429286
34.13,-119.89,2000-08-02 10:45:00+00:00,8,blue_whale,15.840842263975366
34.11,-120.09,2002-06-27 13:00:00+00:00,6,blue_whale,15.67778120682874
34.18,-120.01,1992-07-09 13:00:00+00:00,7,blue_whale,15.717286584959991
32.66,-117.47,1998-06-21 12:52:00+00:00,6,blue_whale,17.496644236240527
41.91,-124.48,1992-10-11 14:47:00+00:00,10,blue_whale,11.612414882274448
34.1,-120.1,2002-06-27 13:55:00+00:00,6,blue_whale,15.722542350353882
34.62,-120.99,1996-09-09 16:57:00+00:00,9,blue_whale,14.962412131308957
37.49,-122.67,1997-05-24 07:34:00+00:00,5,blue_whale,12.617224761900435
33.51,-119.61,2003-07-24 10:39:00+00:00,7,blue_whale,16.726002128462778
34.21,-120.46,1998-07-30 13:02:00+00:00,7,blue_whale,15.266581360209013
37.49883333,-25.5827,2018-04-23 15:36:00+00:00,4,blue_whale,19.366380931002205
37.84,-123.27,1988-09-22 15:00:00+00:00,9,blue_whale,12.795613741870879
34.16,-119.78,2002-09-23 11:23:00+00:00,9,blue_whale,15.907374318733316
38.26,-123.26,1999-09-18 11:47:00+00:00,9,blue_whale,12.066640152232015
34.11,-120.61,2001-07-25 13:47:00+00:00,7,blue_whale,15.485008329763245
33.518472,-117.936032,2017-06-11 09:58:00+00:00,6,blue_whale,16.512155936657535
34.05,-120.58,1995-08-20 13:39:00+00:00,8,blue_whale,15.624242408313673
38.19,-123.13,1992-08-30 10:25:00+00:00,8,blue_whale,11.820571496907275
36.62,-122.1,1998-07-24 09:46:00+00:00,7,blue_whale,13.589257615493592
38.05,-123.33,1987-08-21 16:02:00+00:00,8,blue_whale,12.623529594859027
34.123225,-119.830375,2016-07-07 12:41:00+00:00,7,blue_whale,15.879024882282431
38.24,-123.4,2004-08-02 14:32:00+00:00,8,blue_whale,12.476187358997754
38.37,-28.26,2026-04-10 11:00:00+00:00,4,blue_whale,18.903837787834856
34.24,-119.85,1997-07-05 10:19:00+00:00,7,blue_whale,15.734301696343346
36.67,-122.0,2000-09-11 08:54:00+00:00,9,blue_whale,13.353572626718712
34.11,-120.13,1998-08-03 13:03:00+00:00,8,blue_whale,15.626783724385671
36.79,-122.11,2001-09-20 12:01:00+00:00,9,blue_whale,13.3188116630322
34.11,-120.04,2002-06-26 13:51:00+00:00,6,blue_whale,15.721707239334904
34.36,-120.52,1994-09-23 16:00:00+00:00,9,blue_whale,14.76832666635704
34.0,-120.47,1994-09-24 16:01:00+00:00,9,blue_whale,15.622322037603489
36.71,-121.98,2000-09-20 12:01:00+00:00,9,blue_whale,13.353572626718712
38.67,-123.67,1996-10-22 10:57:00+00:00,10,blue_whale,12.171366387909154
38.15,-123.4,1992-09-29 14:29:00+00:00,9,blue_whale,12.623576073432234
34.15,-120.26,1999-06-22 13:27:00+00:00,6,blue_whale,15.545103912642837
40.15,-124.28,1991-11-02 15:00:00+00:00,11,blue_whale,11.772556004335982
36.67,-122.03,1989-08-26 12:00:00+00:00,8,blue_whale,13.40381518207608
34.14,-119.83,1992-07-08 11:05:00+00:00,7,blue_whale,15.879024882282431
37.67186667,-25.79221667,2012-05-13 10:14:00+00:00,5,blue_whale,19.24305576750796
34.11,-120.13,1998-08-03 13:12:00+00:00,8,blue_whale,15.626783724385671
34.11,-120.09,2002-06-27 12:05:00+00:00,6,blue_whale,15.67778120682874
34.13,-120.62,2004-09-22 13:18:00+00:00,9,blue_whale,15.521027272222629
34.15,-120.61,1998-07-06 12:07:00+00:00,7,blue_whale,15.485008329763245
34.19,-120.42,1998-07-30 14:03:00+00:00,7,blue_whale,15.36175322455056
38.11,-123.56,1997-09-09 14:38:00+00:00,9,blue_whale,13.003638205541424
39.48,-123.97,1992-10-22 12:08:00+00:00,10,blue_whale,12.127263452740086
37.74,-123.04,2000-08-27 16:58:00+00:00,8,blue_whale,12.55307088060433
34.14,-120.22,1996-08-13 14:45:00+00:00,8,blue_whale,15.545103912642837
34.61,-120.81,2003-08-31 11:08:00+00:00,8,blue_whale,14.28013435886187
38.233226,-28.639265,2024-04-19 11:06:00+00:00,4,blue_whale,19.127333651771814
34.02,-120.54,1995-08-20 12:35:00+00:00,8,blue_whale,15.587840018603073
21.63,-115.47,1990-12-02 06:58:00+00:00,12,blue_whale,23.241620261818188
36.7,-122.0,2003-09-26 17:12:00+00:00,9,blue_whale,13.353572626718712
38.27,-123.25,1988-10-01 12:03:00+00:00,10,blue_whale,11.992376493922762
33.457188,-117.864379,2016-07-03 11:25:00+00:00,7,blue_whale,16.794830232277484
37.46,-122.79,1999-07-22 18:01:00+00:00,7,blue_whale,12.900368253774149
33.38,-119.49,2001-07-21 15:37:00+00:00,7,blue_whale,16.705395921485692
37.77,-123.2,1989-09-14 11:33:00+00:00,9,blue_whale,12.730796770553505
-38.628,141.918,2012-01-18 11:42:00+00:00,1,blue_whale,16.24718493632787
36.81,-122.0,1994-09-30 11:00:00+00:00,9,blue_whale,13.194764080169147
38.28,-123.1,1986-09-03 14:01:00+00:00,9,blue_whale,11.560217669768047
33.554275,-117.880307,2016-07-17 08:36:00+00:00,7,blue_whale,16.319582688085823
34.13,-120.58,2002-07-28 14:13:00+00:00,7,blue_whale,15.485008329763245
36.68,-122.0,2000-10-01 11:44:00+00:00,10,blue_whale,13.353572626718712
34.14,-119.79,2002-08-11 15:15:00+00:00,8,blue_whale,15.935680274900976
33.39,-119.49,2001-07-21 12:45:00+00:00,7,blue_whale,16.705395921485692
41.98,-128.42,2001-10-21 09:04:00+00:00,10,blue_whale,13.954118165134549
38.27,-123.21,1990-09-13 11:07:00+00:00,9,blue_whale,11.761022824385702
33.5333,-119.8333,1977-07-16 13:30:00+00:00,7,blue_whale,16.516779022199014
34.06,-120.57,1995-08-20 14:02:00+00:00,8,blue_whale,15.540589768873337
36.8,-122.02,2001-08-27 10:03:00+00:00,8,blue_whale,13.220477973295889
37.97,-123.43,1990-11-12 12:25:00+00:00,11,blue_whale,12.884165634823912
39.36,-123.91,1992-09-21 15:43:00+00:00,9,blue_whale,11.629536455959913
36.79,-122.09,2001-09-17 10:02:00+00:00,9,blue_whale,13.3188116630322
34.07,-120.58,2001-07-24 15:14:00+00:00,7,blue_whale,15.540589768873337
34.1,-119.81,2003-06-14 15:22:00+00:00,6,blue_whale,15.987492907059162
34.21,-120.46,1998-07-30 13:03:00+00:00,7,blue_whale,15.266581360209013
38.0,-123.49,1990-11-13 11:45:00+00:00,11,blue_whale,13.022049080537336
36.8,-121.9,1988-08-10 00:00:00+00:00,8,blue_whale,13.17253455013172
32.27,-118.82,1996-08-14 13:54:00+00:00,8,blue_whale,17.17510022770809
37.7,-123.14,2004-08-02 11:45:00+00:00,8,blue_whale,12.951106781330253
34.12,-120.17,2002-07-24 10:55:00+00:00,7,blue_whale,15.600059258558433
-39.129,142.825,2012-01-23 11:14:00+00:00,1,blue_whale,16.13198600088615
34.19,-120.47,2002-07-28 09:02:00+00:00,7,blue_whale,15.366527705353882
28.235599,-16.852574,2026-04-04 12:15:00+00:00,4,blue_whale,21.3981448493481
34.18,-120.11,2004-07-14 14:56:00+00:00,7,blue_whale,15.630830450989984
34.59,-120.79,2000-07-11 12:32:00+00:00,7,blue_whale,14.386917629983873
36.77,-121.9,2003-09-03 13:44:00+00:00,9,blue_whale,13.17253455013172
34.12,-120.06,2002-08-02 09:46:00+00:00,8,blue_whale,15.721707239334904
37.77,-122.9,1986-10-05 00:00:00+00:00,10,blue_whale,12.259297572853825
37.24,-124.88,1993-10-11 13:01:00+00:00,10,blue_whale,14.274025342227183
32.75,-117.67,2004-07-18 00:00:00+00:00,7,blue_whale,17.730621525553985
38.43,-123.33,1988-08-23 16:39:00+00:00,8,blue_whale,11.904958900162223
41.76,-124.44,1991-10-16 10:02:00+00:00,10,blue_whale,11.516331297111227
34.12,-120.11,1995-07-05 14:35:00+00:00,7,blue_whale,15.67778120682874
34.12,-120.18,1996-08-12 12:05:00+00:00,8,blue_whale,15.600059258558433
38.35,-123.28,1990-09-24 11:03:00+00:00,9,blue_whale,11.955459358855153
-63.664,-56.4415,2021-11-16 09:30:00+00:00,11,blue_whale,-1.1605633612215835
34.14,-119.92,1999-06-26 13:47:00+00:00,6,blue_whale,15.796331124221135
37.94,-123.45,1997-09-09 10:08:00+00:00,9,blue_whale,12.977034750378893
34.061708,-119.352233,2016-08-11 10:49:00+00:00,8,blue_whale,15.47938882473469
34.0,-120.49,1998-07-06 15:03:00+00:00,7,blue_whale,15.622322037603489
39.55,-123.91,1992-10-07 14:35:00+00:00,10,blue_whale,11.619657005494043
34.11,-119.99,1994-09-16 13:03:00+00:00,9,blue_whale,15.74121915340888
37.7,-122.98,1986-09-13 16:15:00+00:00,9,blue_whale,12.637615925344928
37.72,-123.15,2000-11-17 13:11:00+00:00,11,blue_whale,12.74479964077014
34.13,-119.87,1992-07-08 14:04:00+00:00,7,blue_whale,15.840842263975366
34.12,-120.03,2002-08-15 11:28:00+00:00,8,blue_whale,15.721707239334904
38.24,-123.2,1987-08-21 15:07:00+00:00,8,blue_whale,11.843873856791987
34.27,-119.75,2004-07-26 13:39:00+00:00,7,blue_whale,15.517844690446976
36.76,-121.96,2000-07-29 12:32:00+00:00,7,blue_whale,13.212194359424265
32.8,-117.38,1998-06-06 12:58:00+00:00,6,blue_whale,17.005414470495513
36.75,-121.98,1994-08-12 10:04:00+00:00,8,blue_whale,13.255239563233763
34.08,-120.52,2002-07-27 16:00:00+00:00,7,blue_whale,15.500607145061108
33.55,-123.56,1991-08-01 09:03:00+00:00,8,blue_whale,15.988974839929048
33.0575,-118.9382,2023-10-02 08:43:00+00:00,10,blue_whale,17.14270553601214
38.14,-123.15,1992-08-30 14:58:00+00:00,8,blue_whale,11.905876817153676
24.63,-112.23,1988-04-04 09:55:00+00:00,4,blue_whale,22.36277197830382
34.04,-120.55,2001-07-25 09:04:00+00:00,7,blue_whale,15.587840018603073
38.29,-123.14,2002-09-28 17:32:00+00:00,9,blue_whale,11.639438221029595
33.4287,-117.87745,2025-08-16 16:15:00+00:00,8,blue_whale,16.88650719342796
34.13,-119.84,1992-07-09 09:04:00+00:00,7,blue_whale,15.879024882282431
79.03,10.08,2019-06-28 12:00:00+00:00,6,blue_whale,3.0119656626512916
34.14,-119.92,1999-06-27 16:06:00+00:00,6,blue_whale,15.796331124221135
34.1,-119.82,1992-06-11 12:05:00+00:00,6,blue_whale,15.90588028374133
38.23,-123.12,1986-09-15 00:00:00+00:00,9,blue_whale,11.699632367741662
38.0,-123.1,1988-08-07 00:00:00+00:00,8,blue_whale,11.974534789391047
38.42,-123.42,2001-08-04 09:29:00+00:00,8,blue_whale,12.190676520886358
36.8,-121.9,1983-08-01 00:00:00+00:00,8,blue_whale,13.17253455013172
38.45,-123.57,1992-10-03 11:58:00+00:00,10,blue_whale,12.655693124343607
38.36,-123.44,2003-10-25 17:12:00+00:00,10,blue_whale,12.40237761791405
25.767731,-111.109328,2009-02-21 13:10:00+00:00,2,blue_whale,24.757340137954788
37.35,-123.43,1996-08-27 13:51:00+00:00,8,blue_whale,13.941256859165398
38.44,-123.32,1998-09-05 13:55:00+00:00,9,blue_whale,11.904958900162223
38.06,-123.51,1987-09-04 15:09:00+00:00,9,blue_whale,12.986511628910023
34.11,-120.08,1997-05-28 09:46:00+00:00,5,blue_whale,15.67778120682874
34.04,-120.55,2001-07-26 15:25:00+00:00,7,blue_whale,15.587840018603073
33.537171,-118.087523,2017-06-06 16:17:00+00:00,6,blue_whale,16.545443404783278
36.83,-122.21,2000-08-29 12:42:00+00:00,8,blue_whale,13.26110865772361
33.38,-119.49,2001-07-21 13:29:00+00:00,7,blue_whale,16.705395921485692
38.32,-123.56,1987-10-06 12:00:00+00:00,10,blue_whale,12.679288433603649
33.41,-119.5,1995-10-06 00:00:00+00:00,10,blue_whale,16.73696226507639
38.73,-123.73,1988-10-28 13:05:00+00:00,10,blue_whale,12.032899451976593
32.606383,-117.247643,2023-07-16 15:30:00+00:00,7,blue_whale,16.37324183055019
38.44,-123.45,2003-10-26 11:21:00+00:00,10,blue_whale,12.190676520886358
38.226936,-28.620171,2024-04-20 12:05:00+00:00,4,blue_whale,19.127333651771814
37.67,-123.11,2000-11-17 12:01:00+00:00,11,blue_whale,12.862388028618529
34.14,-119.92,1999-06-28 15:05:00+00:00,6,blue_whale,15.796331124221135
34.12,-120.65,2001-07-25 09:41:00+00:00,7,blue_whale,15.521027272222629
34.14,-120.61,2001-07-26 09:41:00+00:00,7,blue_whale,15.485008329763245
34.16,-120.33,1996-08-13 12:44:00+00:00,8,blue_whale,15.397612001748923
36.61,-122.03,1996-08-09 14:00:00+00:00,8,blue_whale,13.501692449947614
34.13,-120.01,1994-10-10 16:25:00+00:00,10,blue_whale,15.74121915340888
32.87,-117.32,2002-07-02 13:00:00+00:00,7,blue_whale,16.845277151726524
36.8,-121.9,1986-11-13 00:00:00+00:00,11,blue_whale,13.17253455013172
37.7,-122.94,1999-07-22 13:35:00+00:00,7,blue_whale,12.508457407982593
34.14,-119.97,1994-10-10 12:15:00+00:00,10,blue_whale,15.74121915340888
37.74,-123.05,2000-08-27 16:45:00+00:00,8,blue_whale,12.55307088060433
-54.507646,-35.848564,2025-01-22 14:00:00+00:00,1,blue_whale,1.7663770978335198
-39.191,143.02,2012-01-23 11:44:00+00:00,1,blue_whale,16.112441513335256
34.06,-120.52,1997-07-14 16:12:00+00:00,7,blue_whale,15.500607145061108
38.22,-123.22,1987-08-21 12:23:00+00:00,8,blue_whale,12.066640152232015
34.11,-120.09,2002-07-05 09:53:00+00:00,7,blue_whale,15.67778120682874
38.21,-123.38,2004-09-29 14:05:00+00:00,9,blue_whale,12.576606714564083
9.39,-89.46,1992-08-10 13:02:00+00:00,8,blue_whale,27.338770168619448
34.08,-120.6,1993-08-03 12:38:00+00:00,8,blue_whale,15.540589768873337
38.2417,-123.275,1982-09-15 14:10:00+00:00,9,blue_whale,12.171699796620116
34.21,-120.45,2002-11-06 10:16:00+00:00,11,blue_whale,15.266581360209013
37.63166667,-25.67166667,2017-05-11 09:08:00+00:00,5,blue_whale,19.24720370948314
-39.207,143.364,2012-01-14 13:30:00+00:00,1,blue_whale,16.102511760791586
32.8988,-118.863,2021-09-10 13:09:00+00:00,9,blue_whale,17.21332749868237
37.24,-124.88,1993-10-11 12:22:00+00:00,10,blue_whale,14.274025342227183
34.16,-119.93,2002-07-01 09:39:00+00:00,7,blue_whale,15.8277919366176
36.71,-121.99,2003-09-23 18:45:00+00:00,9,blue_whale,13.353572626718712
41.76,-124.47,2004-10-14 10:26:00+00:00,10,blue_whale,11.744903752053904
34.12,-119.96,1994-09-16 12:45:00+00:00,9,blue_whale,15.796331124221135
32.87,-117.39,1998-06-07 12:15:00+00:00,6,blue_whale,16.973088221758108
34.18,-120.01,1995-08-29 14:28:00+00:00,8,blue_whale,15.717286584959991
38.33,-123.43,1995-11-13 13:36:00+00:00,11,blue_whale,12.40237761791405
36.8,-121.9,1986-11-06 00:00:00+00:00,11,blue_whale,13.17253455013172
34.1,-120.3,1994-11-04 00:00:00+00:00,11,blue_whale,15.577286996696193
34.1,-119.82,2003-06-14 11:00:00+00:00,6,blue_whale,15.90588028374133
41.79,-124.4,2003-09-06 15:56:00+00:00,9,blue_whale,11.29546413583963
34.4,-120.52,1995-08-08 15:35:00+00:00,8,blue_whale,14.76832666635704
36.8,-121.9,1986-11-08 00:00:00+00:00,11,blue_whale,13.17253455013172
34.15,-120.6,2001-07-26 09:22:00+00:00,7,blue_whale,15.485008329763245
36.8,-122.1,1994-09-27 12:51:00+00:00,9,blue_whale,13.3188116630322
38.24,-123.35,2002-09-19 13:35:00+00:00,9,blue_whale,12.363975612310508
32.93,-118.86,1993-07-31 10:01:00+00:00,7,blue_whale,17.212343253913915
38.55,-123.66,1992-10-06 14:23:00+00:00,10,blue_whale,12.516548079330077
34.11,-120.06,1994-10-06 11:05:00+00:00,10,blue_whale,15.721707239334904
38.35,-123.22,1994-09-12 10:25:00+00:00,9,blue_whale,11.857778313195324
32.7,-119.29,2000-08-23 15:09:00+00:00,8,blue_whale,16.790178937894275
36.08,-122.0,1999-08-27 13:08:00+00:00,8,blue_whale,14.22229261517039
34.13,-119.89,1999-06-27 16:32:00+00:00,6,blue_whale,15.840842263975366
33.39,-119.54,2001-07-19 13:11:00+00:00,7,blue_whale,16.68010189081105
32.71,-117.34,2001-08-21 12:02:00+00:00,8,blue_whale,16.805755728376077
38.27,-123.14,1988-09-28 16:02:00+00:00,9,blue_whale,11.639438221029595
34.82,-120.81,2002-10-04 11:56:00+00:00,10,blue_whale,13.991182431262038
39.31,-123.89,1992-10-08 11:02:00+00:00,10,blue_whale,11.634110833687215
37.73,-123.12,1986-08-24 00:00:00+00:00,8,blue_whale,12.74479964077014
36.68,-122.0,2003-09-25 12:02:00+00:00,9,blue_whale,13.353572626718712
34.18,-120.38,1999-06-22 11:47:00+00:00,6,blue_whale,15.373478489040714
37.76,-123.16,1989-09-14 10:32:00+00:00,9,blue_whale,12.74479964077014
37.96,-123.32,1990-11-18 11:32:00+00:00,11,blue_whale,12.76351435754111
38.28,-123.15,1992-08-30 08:44:00+00:00,8,blue_whale,11.639438221029595
34.09,-120.55,2003-07-20 14:01:00+00:00,7,blue_whale,15.500607145061108
34.1,-120.6,2004-09-23 14:02:00+00:00,9,blue_whale,15.540589768873337
32.843467,-117.322311,2023-05-06 15:00:00+00:00,5,blue_whale,16.79918123565676
36.8,-121.9,1987-08-13 00:00:00+00:00,8,blue_whale,13.17253455013172
34.13,-119.98,2004-07-23 12:05:00+00:00,7,blue_whale,15.74121915340888
36.68,-122.03,1998-11-19 00:00:00+00:00,11,blue_whale,13.40381518207608
34.11,-120.6,1995-10-05 11:05:00+00:00,10,blue_whale,15.485008329763245
33.99,-120.48,1992-07-12 17:05:00+00:00,7,blue_whale,15.622322037603489
38.32,-123.45,1995-11-13 12:45:00+00:00,11,blue_whale,12.40237761791405
37.43,-122.94,1990-11-12 12:01:00+00:00,11,blue_whale,13.24742027052311
34.13,-120.24,1999-06-22 14:06:00+00:00,6,blue_whale,15.545103912642837
34.1,-120.61,2004-09-22 14:39:00+00:00,9,blue_whale,15.540589768873337
37.87,-123.28,2003-10-28 08:09:00+00:00,10,blue_whale,12.679008785285738
38.37,-123.29,1990-09-24 11:02:00+00:00,9,blue_whale,11.82542597317938
34.1,-119.83,1992-06-11 11:55:00+00:00,6,blue_whale,15.90588028374133
38.31,-123.22,1992-09-14 10:03:00+00:00,9,blue_whale,11.992376493922762
37.67,-123.11,2002-07-30 09:35:00+00:00,7,blue_whale,12.862388028618529
33.77,-120.16,2001-08-23 12:57:00+00:00,8,blue_whale,16.038674199359598
34.14,-119.88,1997-06-15 10:12:00+00:00,6,blue_whale,15.840842263975366
36.68,-122.01,2003-09-25 09:03:00+00:00,9,blue_whale,13.353572626718712
36.66,-122.03,2002-09-20 11:54:00+00:00,9,blue_whale,13.462519673338019
34.13,-120.2,1996-08-12 13:00:00+00:00,8,blue_whale,15.600059258558433
34.15,-119.77,2002-09-22 16:00:00+00:00,9,blue_whale,15.935680274900976
36.73,-121.96,2003-09-12 10:31:00+00:00,9,blue_whale,13.212194359424265
34.18,-119.93,1992-07-11 17:44:00+00:00,7,blue_whale,15.8277919366176
34.12,-120.62,2001-07-26 12:00:00+00:00,7,blue_whale,15.521027272222629
34.0,-119.97,1995-08-26 10:24:00+00:00,8,blue_whale,15.723128772903186
41.95,-124.4,1998-10-10 16:55:00+00:00,10,blue_whale,11.214498550900116
34.11,-120.19,2002-10-30 10:01:00+00:00,10,blue_whale,15.600059258558433
32.71,-119.22,2001-08-28 16:03:00+00:00,8,blue_whale,16.834752614860314
38.35,-28.4,2024-04-17 16:50:00+00:00,4,blue_whale,18.961053387868223
38.2,-123.17,2002-09-28 15:33:00+00:00,9,blue_whale,11.956240201358305
34.14,-119.92,1999-06-27 15:05:00+00:00,6,blue_whale,15.796331124221135
34.17,-120.15,1992-07-09 16:25:00+00:00,7,blue_whale,15.584914089215195
-38.769,142.306,2012-01-23 09:26:00+00:00,1,blue_whale,16.218786544280242
34.2,-120.0,1994-10-11 00:00:00+00:00,10,blue_whale,15.717286584959991
36.64,-122.09,1998-07-23 13:09:00+00:00,7,blue_whale,13.589257615493592
34.09,-120.6,2001-07-25 13:12:00+00:00,7,blue_whale,15.540589768873337
36.59,-122.04,2001-10-08 12:38:00+00:00,10,blue_whale,13.501692449947614
37.6243,-25.61615,2018-05-25 10:17:00+00:00,5,blue_whale,19.246855061593525
27.37,-114.66,1989-05-04 13:08:00+00:00,5,blue_whale,18.819552032117674
37.02,-122.41,1993-08-28 11:03:00+00:00,8,blue_whale,12.985864975667475
34.11,-120.62,2001-07-25 14:28:00+00:00,7,blue_whale,15.521027272222629
36.67,-122.0,2001-10-10 10:55:00+00:00,10,blue_whale,13.353572626718712
34.11,-120.13,1998-08-03 14:15:00+00:00,8,blue_whale,15.626783724385671
32.18,-118.86,1994-10-01 07:21:00+00:00,10,blue_whale,17.19351282707696
34.12,-120.49,1997-07-14 11:19:00+00:00,7,blue_whale,15.433570883438355
36.71,-122.11,2001-09-20 12:03:00+00:00,9,blue_whale,13.532889564959607
36.8,-121.9,1987-08-20 00:00:00+00:00,8,blue_whale,13.17253455013172
34.11,-120.06,1997-07-20 12:08:00+00:00,7,blue_whale,15.721707239334904
33.873708,-121.716847,2004-07-24 14:49:00+00:00,7,blue_whale,15.535976430621574
34.13,-119.93,1999-06-27 17:04:00+00:00,6,blue_whale,15.796331124221135
37.02,-122.44,1993-08-25 15:05:00+00:00,8,blue_whale,13.071248600199604
37.64565,-123.064567,2024-07-14 12:51:00+00:00,7,blue_whale,12.821400393906153
33.594031,-118.092899,2015-07-12 09:41:00+00:00,7,blue_whale,16.110722966236544
38.16,-123.23,1992-08-29 18:01:00+00:00,8,blue_whale,12.242015089230236
39.46,-123.89,1992-10-07 10:22:00+00:00,10,blue_whale,11.615423765286542
34.16,-119.84,1997-07-18 12:57:00+00:00,7,blue_whale,15.913054504594356
37.01,-122.26,1993-08-25 18:34:00+00:00,8,blue_whale,12.794927172240262
38.2375,-123.2625,1982-09-15 14:11:00+00:00,9,blue_whale,12.066640152232015
37.04,-122.41,1998-08-11 12:45:00+00:00,8,blue_whale,12.985864975667475
37.64,-123.06,1994-09-13 17:01:00+00:00,9,blue_whale,12.821400393906153
34.11,-120.17,1996-08-12 16:01:00+00:00,8,blue_whale,15.600059258558433
38.17,-123.35,1991-10-31 08:05:00+00:00,10,blue_whale,12.46533539521959
34.14,-119.79,2002-09-22 10:45:00+00:00,9,blue_whale,15.935680274900976
37.63975,-123.063417,2017-08-19 13:04:00+00:00,8,blue_whale,12.821400393906153
37.91,-123.23,1988-09-29 15:53:00+00:00,9,blue_whale,12.603008068429286
34.07,-120.59,2001-07-25 12:04:00+00:00,7,blue_whale,15.540589768873337
34.15,-119.91,1999-06-26 13:07:00+00:00,6,blue_whale,15.840842263975366
36.75,-121.95,2002-09-18 12:23:00+00:00,9,blue_whale,13.212194359424265
24.55,-112.14,1999-04-07 08:29:00+00:00,4,blue_whale,22.422373182818653
36.66,-122.0,2001-08-25 09:57:00+00:00,8,blue_whale,13.420066324385266
43.6,-54.717,1968-08-18 02:00:00+00:00,8,blue_whale,12.834896438756136
37.82,-123.32,1989-09-14 12:03:00+00:00,9,blue_whale,12.948408069493983
32.95,-119.78,1995-08-16 09:03:00+00:00,8,blue_whale,16.52242893421875
36.74,-121.96,2002-07-20 07:43:00+00:00,7,blue_whale,13.212194359424265
38.27,-123.13,1988-09-28 16:44:00+00:00,9,blue_whale,11.639438221029595
34.16,-120.42,1999-06-22 11:26:00+00:00,6,blue_whale,15.36175322455056
38.36,-123.31,1990-09-24 13:57:00+00:00,9,blue_whale,11.955459358855153
34.1,-120.13,1998-08-04 12:02:00+00:00,8,blue_whale,15.676396019932692
34.19,-119.88,1999-06-22 08:43:00+00:00,6,blue_whale,15.840531605574427
34.13,-119.78,2002-08-11 16:03:00+00:00,8,blue_whale,15.935680274900976
37.69,-123.0,1986-08-09 07:05:00+00:00,8,blue_whale,12.637615925344928
26.72,-113.92,1989-05-03 09:55:00+00:00,5,blue_whale,19.809493987996817
34.1,-119.59,1998-07-07 08:48:00+00:00,7,blue_whale,16.22425361370678
32.76,-117.37,1998-06-07 15:05:00+00:00,6,blue_whale,17.005414470495513
34.57,-120.82,2003-08-31 14:02:00+00:00,8,blue_whale,14.629522945587908
34.12,-120.0,1994-10-10 17:13:00+00:00,10,blue_whale,15.74121915340888
34.82,-120.8,2002-10-04 11:46:00+00:00,10,blue_whale,13.991182431262038
58.55,-144.56,2004-07-15 16:41:00+00:00,7,blue_whale,8.715028016967002
33.31,-121.16,1991-09-24 15:01:00+00:00,9,blue_whale,15.885478827665217
36.79,-122.02,2000-09-05 12:16:00+00:00,9,blue_whale,13.220477973295889
36.965515,-74.590778,2022-10-21 10:38:00+00:00,10,blue_whale,18.436100454307972
37.06,-122.42,1993-08-28 18:13:00+00:00,8,blue_whale,13.071248600199604
34.15,-119.94,1999-06-28 15:00:00+00:00,6,blue_whale,15.796331124221135
34.15,-119.92,1999-06-26 13:00:00+00:00,6,blue_whale,15.796331124221135
34.11,-120.06,1997-07-20 12:39:00+00:00,7,blue_whale,15.721707239334904
38.35,-123.45,1987-10-07 11:05:00+00:00,10,blue_whale,12.40237761791405
33.1608,-117.4281,2024-06-26 16:17:00+00:00,6,blue_whale,16.67448023047781
37.75,-123.18,1996-09-12 16:27:00+00:00,9,blue_whale,12.845620174952403
34.11,-120.11,1998-07-06 16:58:00+00:00,7,blue_whale,15.67778120682874
34.13,-119.9,1999-06-25 14:35:00+00:00,6,blue_whale,15.840842263975366
38.97,-123.86,1992-11-14 09:16:00+00:00,11,blue_whale,11.71948868736334
37.63,-123.05,2001-08-05 15:54:00+00:00,8,blue_whale,12.821400393906153
33.39,-119.53,2001-07-19 13:58:00+00:00,7,blue_whale,16.68010189081105
34.53,-120.74,1994-09-17 14:12:00+00:00,9,blue_whale,14.469048601851764
34.24,-120.1,1992-07-10 15:00:00+00:00,7,blue_whale,15.559522919446287
38.24,-123.14,1988-09-24 17:21:00+00:00,9,blue_whale,11.699632367741662
36.86,-122.19,2001-09-21 11:05:00+00:00,9,blue_whale,13.26110865772361
34.14,-119.99,1994-10-10 12:36:00+00:00,10,blue_whale,15.74121915340888
-38.889,142.643,2012-01-23 10:29:00+00:00,1,blue_whale,16.18340115951198
37.61,-122.92,1998-08-12 18:33:00+00:00,8,blue_whale,12.695944086433354
37.66,-123.11,2000-11-17 15:06:00+00:00,11,blue_whale,12.978420799887418
36.798401,-122.007439,2016-08-01 12:46:00+00:00,8,blue_whale,13.194764080169147
34.12,-120.63,2001-07-26 12:52:00+00:00,7,blue_whale,15.521027272222629
34.07,-120.58,2001-07-24 15:11:00+00:00,7,blue_whale,15.540589768873337
33.548627,-117.866872,2017-06-24 16:55:00+00:00,6,blue_whale,16.319582688085823
39.11,-123.91,1992-11-12 10:15:00+00:00,11,blue_whale,11.870444444785313
34.13,-120.21,1996-08-13 15:53:00+00:00,8,blue_whale,15.600059258558433
32.8669,-118.7389,2021-09-08 07:14:00+00:00,9,blue_whale,17.338881468800963
39.49,-123.96,1992-10-22 15:33:00+00:00,10,blue_whale,11.833888916066394
38.31,-123.2,1992-09-10 12:47:00+00:00,9,blue_whale,11.761022824385702
36.783333,-122.045,2016-06-17 12:13:00+00:00,6,blue_whale,13.220477973295889
36.81,-122.18,1998-10-02 12:00:00+00:00,10,blue_whale,13.490145208514193
36.75,-121.91,2000-08-10 09:55:00+00:00,8,blue_whale,13.217317240437739
34.04,-120.55,1997-07-14 14:45:00+00:00,7,blue_whale,15.587840018603073
37.824744,-122.837253,2017-06-10 10:15:00+00:00,6,blue_whale,12.0614658227413
34.06,-120.58,2001-07-26 15:04:00+00:00,7,blue_whale,15.540589768873337
32.759278,-117.295532,2024-06-26 13:57:00+00:00,6,blue_whale,16.770328023878832
38.28,-123.14,1992-08-30 18:36:00+00:00,8,blue_whale,11.639438221029595
38.32,-123.22,1992-09-14 11:05:00+00:00,9,blue_whale,11.857778313195324
37.64,-123.01,2002-09-27 15:19:00+00:00,9,blue_whale,12.753123471700071
-38.972,142.95,2012-01-23 11:22:00+00:00,1,blue_whale,16.13508277884398
32.63,-119.15,2001-08-29 10:25:00+00:00,8,blue_whale,16.867969110589932
34.14,-119.93,1999-06-27 13:01:00+00:00,6,blue_whale,15.796331124221135
38.23,-123.14,1988-09-24 13:36:00+00:00,9,blue_whale,11.699632367741662
41.88,-124.51,2004-10-13 13:35:00+00:00,10,blue_whale,11.612414882274448
34.11,-120.09,2002-08-21 10:45:00+00:00,8,blue_whale,15.67778120682874
39.63,-123.91,1992-09-23 12:02:00+00:00,9,blue_whale,11.57379116506994
36.72,-121.97,2000-10-06 10:33:00+00:00,10,blue_whale,13.255239563233763
39.46,-123.96,1992-10-22 10:04:00+00:00,10,blue_whale,11.837259162913465
34.11,-120.08,2002-06-27 13:15:00+00:00,6,blue_whale,15.67778120682874
37.99,-123.46,1990-11-13 10:15:00+00:00,11,blue_whale,12.884165634823912
41.57,-124.39,1992-10-17 12:41:00+00:00,10,blue_whale,11.553269422718683
24.49,-110.49,1991-03-14 00:00:00+00:00,3,blue_whale,25.466196745824696
32.10634,-119.037329,2005-07-02 15:59:00+00:00,7,blue_whale,17.08960619585671
36.68,-121.98,2003-08-29 15:38:00+00:00,8,blue_whale,13.353572626718712
34.09,-120.61,2001-07-26 14:25:00+00:00,7,blue_whale,15.540589768873337
38.1,-123.38,1991-10-25 10:01:00+00:00,10,blue_whale,12.686037098382121
36.8,-121.9,1986-10-15 00:00:00+00:00,10,blue_whale,13.17253455013172
34.16,-120.63,2004-10-23 11:15:00+00:00,10,blue_whale,15.458344119309592
34.12,-120.03,1994-10-06 14:45:00+00:00,10,blue_whale,15.721707239334904
10.73,-98.78,1989-11-11 09:16:00+00:00,11,blue_whale,28.424781200853854
32.9,-117.37,1991-07-17 11:00:00+00:00,7,blue_whale,16.973088221758108
34.16,-119.84,1994-09-16 10:04:00+00:00,9,blue_whale,15.913054504594356
0.13,-91.68,1993-08-17 00:00:00+00:00,8,blue_whale,23.99946140260603
34.31,-120.51,1994-09-24 10:05:00+00:00,9,blue_whale,15.005944487262159
37.78,-123.3,1997-09-13 13:33:00+00:00,9,blue_whale,12.965410148607948
33.11,-119.68,1997-09-25 14:26:00+00:00,9,blue_whale,16.59934389670098
33.610365,-118.259747,2016-07-22 17:06:00+00:00,7,blue_whale,16.15233295708596
34.13,-120.62,2001-07-26 10:03:00+00:00,7,blue_whale,15.521027272222629
38.23,-123.26,1990-09-07 14:42:00+00:00,9,blue_whale,12.066640152232015
34.06,-120.58,2001-07-24 13:01:00+00:00,7,blue_whale,15.540589768873337
37.6,-123.0,1993-09-06 17:15:00+00:00,9,blue_whale,12.88692936736427
38.42,-123.32,1990-09-25 10:49:00+00:00,9,blue_whale,11.904958900162223
37.74,-123.17,2000-11-17 13:05:00+00:00,11,blue_whale,12.845620174952403
41.89,-124.52,2004-10-13 15:52:00+00:00,10,blue_whale,11.70429657111815
38.46,-123.33,1998-09-05 14:04:00+00:00,9,blue_whale,11.904958900162223
36.67,-121.91,2003-09-01 11:28:00+00:00,9,blue_whale,13.332499785365366
36.68,-121.99,2001-08-26 15:03:00+00:00,8,blue_whale,13.353572626718712
34.19,-119.89,1999-06-22 09:27:00+00:00,6,blue_whale,15.840531605574427
34.14,-119.81,1992-07-08 13:04:00+00:00,7,blue_whale,15.935680274900976
38.09,-123.51,1987-09-01 14:05:00+00:00,9,blue_whale,12.94893880616253
34.07,-120.58,2001-07-24 13:19:00+00:00,7,blue_whale,15.540589768873337
38.06,-123.51,1990-11-13 15:25:00+00:00,11,blue_whale,12.986511628910023
34.11,-119.82,1992-06-11 12:03:00+00:00,6,blue_whale,15.879024882282431
33.87,-120.26,1995-08-12 16:02:00+00:00,8,blue_whale,15.776206759498866
38.37,-123.28,1990-09-24 12:15:00+00:00,9,blue_whale,11.82542597317938
34.04,-120.55,2001-07-26 15:03:00+00:00,7,blue_whale,15.587840018603073
34.15,-119.83,2002-07-26 11:35:00+00:00,7,blue_whale,15.879024882282431
37.7006,-123.0109,2014-07-06 11:57:00+00:00,7,blue_whale,12.637615925344928
34.08,-120.55,2003-07-20 14:32:00+00:00,7,blue_whale,15.500607145061108
34.57,-120.79,2000-07-11 12:59:00+00:00,7,blue_whale,14.386917629983873
34.13,-120.62,2001-07-25 17:18:00+00:00,7,blue_whale,15.521027272222629
34.14,-120.59,2002-07-28 13:33:00+00:00,7,blue_whale,15.485008329763245
34.11,-120.14,1994-07-31 13:27:00+00:00,7,blue_whale,15.626783724385671
37.86,-123.15,1988-10-02 11:45:00+00:00,10,blue_whale,12.471509201116389
34.12,-120.61,2001-07-26 11:12:00+00:00,7,blue_whale,15.485008329763245
34.11,-119.82,1992-06-11 11:03:00+00:00,6,blue_whale,15.879024882282431
36.6,-122.06,1998-09-21 13:03:00+00:00,9,blue_whale,13.501692449947614
32.7,-119.21,2001-08-29 17:39:00+00:00,8,blue_whale,16.844987651116874
36.99,-122.39,1998-08-10 16:01:00+00:00,8,blue_whale,13.079940500733654
39.56,-123.91,1992-10-07 15:18:00+00:00,10,blue_whale,11.619657005494043
37.59103333,-25.67281667,2010-04-24 11:20:00+00:00,4,blue_whale,19.296260272742188
34.060097,-119.357583,2016-08-11 11:07:00+00:00,8,blue_whale,15.47938882473469
34.19,-120.44,1998-07-30 14:05:00+00:00,7,blue_whale,15.36175322455056
34.391327,-119.845125,2011-05-12 12:48:00+00:00,5,blue_whale,15.177604572276827
34.15,-119.95,1994-09-18 14:00:00+00:00,9,blue_whale,15.796331124221135
34.12,-120.62,2001-07-26 10:59:00+00:00,7,blue_whale,15.521027272222629
34.11,-120.22,2002-09-21 13:00:00+00:00,9,blue_whale,15.545103912642837
36.6,-122.01,2001-10-21 12:16:00+00:00,10,blue_whale,13.452987297223
33.33,-119.41,1995-08-23 14:01:00+00:00,8,blue_whale,16.822334371669964
37.79,-122.98,1984-07-14 00:00:00+00:00,7,blue_whale,12.43034569468001
34.13,-120.37,1997-07-08 14:54:00+00:00,7,blue_whale,15.45256922954872
31.86,-116.86,1989-05-10 08:25:00+00:00,5,blue_whale,16.581168728515305
38.24,-123.42,1989-09-20 12:05:00+00:00,9,blue_whale,12.612650816403175
38.25,-123.45,1989-10-09 14:21:00+00:00,10,blue_whale,12.612650816403175
33.98,-120.46,1994-09-24 16:04:00+00:00,9,blue_whale,15.606873611528126
34.13,-120.1,1994-10-07 17:04:00+00:00,10,blue_whale,15.67778120682874
-1.2567,-91.6683,1993-09-13 16:10:00+00:00,9,blue_whale,24.01488643567959
38.54,-123.46,1998-09-06 18:01:00+00:00,9,blue_whale,11.839359273714113
37.95,-123.25,1988-08-22 12:17:00+00:00,8,blue_whale,12.502073608169054
34.11,-120.09,2002-06-27 12:08:00+00:00,6,blue_whale,15.67778120682874
32.51,-119.09,2001-08-25 17:19:00+00:00,8,blue_whale,16.890479403387882
37.78,-123.01,1987-08-09 12:15:00+00:00,8,blue_whale,12.43034569468001
-38.618,142.241,2012-01-18 11:06:00+00:00,1,blue_whale,16.25009288529482
34.16,-120.62,2001-07-25 17:35:00+00:00,7,blue_whale,15.458344119309592
33.646796,-118.329703,2017-05-13 10:41:00+00:00,5,blue_whale,16.427594798554587
34.81,-120.85,2003-07-19 13:05:00+00:00,7,blue_whale,14.230953412299911
34.11,-119.83,1994-09-16 14:37:00+00:00,9,blue_whale,15.879024882282431
34.15,-119.78,2002-09-23 11:05:00+00:00,9,blue_whale,15.935680274900976
34.19,-120.56,2002-07-28 11:05:00+00:00,7,blue_whale,15.383529101781452
34.33,-120.52,1994-09-23 17:02:00+00:00,9,blue_whale,15.007865646159287
32.91,-117.43,1998-06-05 12:21:00+00:00,6,blue_whale,17.139730648735792
34.100573,-119.612507,2020-09-23 12:08:00+00:00,9,blue_whale,16.22425361370678
34.09,-119.79,1992-06-18 11:02:00+00:00,6,blue_whale,15.987492907059162
33.38,-119.51,2001-07-20 13:12:00+00:00,7,blue_whale,16.705395921485692
38.34,-123.24,2003-10-22 15:24:00+00:00,10,blue_whale,11.857778313195324
37.67,-123.12,2000-11-17 15:03:00+00:00,11,blue_whale,12.951106781330253
37.82,-123.08,1986-08-17 14:02:00+00:00,8,blue_whale,12.39179120362837
34.06,-120.53,1997-07-14 15:54:00+00:00,7,blue_whale,15.500607145061108
34.13,-119.93,1999-06-26 14:14:00+00:00,6,blue_whale,15.796331124221135
36.79,-122.11,2000-08-19 11:53:00+00:00,8,blue_whale,13.3188116630322
38.24,-123.35,1989-09-24 09:47:00+00:00,9,blue_whale,12.363975612310508
32.69,-119.2,2001-08-29 17:05:00+00:00,8,blue_whale,16.844987651116874
33.35,-119.44,2001-07-19 12:26:00+00:00,7,blue_whale,16.758159326914313
34.12,-120.02,1995-08-24 11:47:00+00:00,8,blue_whale,15.721707239334904
32.896,-119.1474,2023-07-24 13:12:00+00:00,7,blue_whale,16.947664771442188
36.72,-121.98,2003-09-10 11:03:00+00:00,9,blue_whale,13.255239563233763
-11.746667,-77.51,2016-04-06 16:37:00+00:00,4,blue_whale,17.907412610352107
36.8,-121.9,1997-08-10 00:00:00+00:00,8,blue_whale,13.17253455013172
33.548083,-117.88805,2018-07-20 18:14:00+00:00,7,blue_whale,16.319582688085823
34.11,-120.16,2002-07-23 10:05:00+00:00,7,blue_whale,15.626783724385671
34.09,-120.6,2004-09-22 15:07:00+00:00,9,blue_whale,15.540589768873337
34.12,-119.82,1994-09-16 15:00:00+00:00,9,blue_whale,15.879024882282431
34.13,-119.87,2002-10-26 09:55:00+00:00,10,blue_whale,15.840842263975366
34.12,-120.03,1999-06-20 14:42:00+00:00,6,blue_whale,15.721707239334904
34.14,-120.22,1997-07-31 12:03:00+00:00,7,blue_whale,15.545103912642837
34.11,-120.16,1996-08-13 16:47:00+00:00,8,blue_whale,15.626783724385671
34.09,-120.6,2001-07-25 16:43:00+00:00,7,blue_whale,15.540589768873337
34.55,-120.77,2003-08-31 13:04:00+00:00,8,blue_whale,14.596343135513651
34.1,-120.56,2002-07-27 14:57:00+00:00,7,blue_whale,15.500607145061108
37.62783333,-25.38515,2012-03-14 11:09:00+00:00,3,blue_whale,19.201239868524684
34.1,-119.85,1992-06-18 12:37:00+00:00,6,blue_whale,15.90588028374133
37.34,-122.77,1993-09-01 16:15:00+00:00,9,blue_whale,13.11188184594387
33.499363,-120.923669,2006-10-31 08:47:00+00:00,10,blue_whale,15.845612770438345
34.14,-120.61,2001-07-26 09:48:00+00:00,7,blue_whale,15.485008329763245
37.55543333,-25.55823333,2014-04-27 11:13:00+00:00,4,blue_whale,19.34233993625765
32.45,-118.34,2000-08-22 15:05:00+00:00,8,blue_whale,17.513797442108675
38.31,-123.45,1992-09-29 16:05:00+00:00,9,blue_whale,12.547205771477099
37.54,-122.98,1996-10-07 15:55:00+00:00,10,blue_whale,13.088816191967553
37.54,-122.93,2002-09-24 10:51:00+00:00,9,blue_whale,12.929373857878177
38.72,-28.69,2024-04-18 11:26:00+00:00,4,blue_whale,18.997967324430192
36.76,-121.96,2003-09-29 11:04:00+00:00,9,blue_whale,13.212194359424265
35.58,-122.01,1999-07-24 00:00:00+00:00,7,blue_whale,14.748389957714458
36.64,-121.99,2003-09-06 09:46:00+00:00,9,blue_whale,13.420066324385266
36.86,-122.15,2004-07-26 15:06:00+00:00,7,blue_whale,13.179040341556236
34.18,-120.03,2004-07-28 14:45:00+00:00,7,blue_whale,15.687124553526115
38.11,-123.5,1987-09-01 12:56:00+00:00,9,blue_whale,12.94893880616253
34.13,-119.88,1998-06-14 00:00:00+00:00,6,blue_whale,15.840842263975366
37.12,-122.53,1993-08-27 17:45:00+00:00,8,blue_whale,12.945591469790127
34.13,-120.0,1994-09-25 10:04:00+00:00,9,blue_whale,15.74121915340888
36.55,-121.99,2003-09-30 15:47:00+00:00,9,blue_whale,13.473291014224824
34.11,-119.97,1999-06-22 18:02:00+00:00,6,blue_whale,15.74121915340888
37.69,-123.11,1986-08-09 00:00:00+00:00,8,blue_whale,12.862388028618529
33.5006,-117.8521,2017-06-10 13:30:00+00:00,6,blue_whale,16.206256884648493
-1.21,-91.66,1998-11-06 00:00:00+00:00,11,blue_whale,24.043189549741633
-38.968,142.831,2012-01-23 10:53:00+00:00,1,blue_whale,16.150360309798465
32.79,-117.38,1998-06-07 14:00:00+00:00,6,blue_whale,17.005414470495513
33.37,-119.39,2001-07-21 11:05:00+00:00,7,blue_whale,16.828132779623804
38.26,-123.15,1988-09-24 14:05:00+00:00,9,blue_whale,11.699632367741662
34.13,-120.2,1996-08-12 12:54:00+00:00,8,blue_whale,15.600059258558433
34.12,-120.05,1997-07-10 11:58:00+00:00,7,blue_whale,15.721707239334904
37.6,-122.98,1989-10-08 12:16:00+00:00,10,blue_whale,12.88692936736427
34.1,-120.09,2002-06-27 13:57:00+00:00,6,blue_whale,15.722542350353882
34.1,-120.11,1995-07-05 13:45:00+00:00,7,blue_whale,15.722542350353882
38.4,-123.26,1990-09-22 15:24:00+00:00,9,blue_whale,11.724030257761495
33.07,-118.68,1993-07-30 18:45:00+00:00,7,blue_whale,17.395098786068214
34.16,-119.94,1999-06-28 14:15:00+00:00,6,blue_whale,15.8277919366176
33.44,-119.6,1995-08-15 12:05:00+00:00,8,blue_whale,16.661822393106053
37.52,-122.73,1999-07-22 16:02:00+00:00,7,blue_whale,12.583307842166926
32.76,-117.38,1998-06-07 16:07:00+00:00,6,blue_whale,17.005414470495513
39.44,-123.96,1992-10-22 08:28:00+00:00,10,blue_whale,11.837259162913465
37.53,-122.94,2002-09-25 16:15:00+00:00,9,blue_whale,12.929373857878177
32.606126,-117.268245,2023-07-15 15:30:00+00:00,7,blue_whale,16.443132890790874
34.12,-120.2,2001-06-22 08:54:00+00:00,6,blue_whale,15.600059258558433
34.03,-120.53,2001-07-24 11:45:00+00:00,7,blue_whale,15.587840018603073
34.13,-120.19,1994-07-31 11:51:00+00:00,7,blue_whale,15.600059258558433
37.52,-122.74,1999-07-22 15:57:00+00:00,7,blue_whale,12.583307842166926
36.68,-122.0,2003-09-25 08:48:00+00:00,9,blue_whale,13.353572626718712
38.18,-123.46,1990-09-04 12:12:00+00:00,9,blue_whale,12.697411108820626
36.8,-121.9,1987-08-09 00:00:00+00:00,8,blue_whale,13.17253455013172
33.557033,-117.87063,2017-06-18 11:53:00+00:00,6,blue_whale,16.319582688085823
37.94,-123.45,1997-09-09 09:48:00+00:00,9,blue_whale,12.977034750378893
37.55,-122.84,2003-07-03 13:01:00+00:00,7,blue_whale,12.719796972641705
11.97,-91.22,1989-11-13 16:53:00+00:00,11,blue_whale,28.809520031705876
32.62,-121.15,1996-10-12 15:49:00+00:00,10,blue_whale,16.303981135750565
34.21,-119.92,1997-07-06 10:15:00+00:00,7,blue_whale,15.701086927021182
39.07,-123.91,1992-11-16 12:46:00+00:00,11,blue_whale,11.870444444785313
-14.43,-87.4,2003-10-23 09:25:00+00:00,10,blue_whale,21.452293816980156
34.11,-120.11,1995-07-05 13:55:00+00:00,7,blue_whale,15.67778120682874
34.15,-119.95,1997-07-12 13:52:00+00:00,7,blue_whale,15.796331124221135
34.15,-119.9,1992-07-08 15:05:00+00:00,7,blue_whale,15.840842263975366
32.72,-117.34,1998-06-07 16:46:00+00:00,6,blue_whale,16.805755728376077
34.11,-119.68,1992-06-20 09:07:00+00:00,6,blue_whale,16.031245952772657
34.14,-119.87,1992-07-08 14:03:00+00:00,7,blue_whale,15.840842263975366
34.04,-120.55,1997-07-14 14:16:00+00:00,7,blue_whale,15.587840018603073
34.11,-120.17,1994-07-31 12:53:00+00:00,7,blue_whale,15.600059258558433
38.76,-123.77,1988-10-28 12:01:00+00:00,10,blue_whale,12.13619690230957
37.16,-122.71,1993-08-31 13:03:00+00:00,8,blue_whale,13.381368577467518
36.716368,-122.26032,2016-10-08 17:27:00+00:00,10,blue_whale,13.704775957089918
32.65,-117.83,1991-07-28 15:31:00+00:00,7,blue_whale,17.748064450821133
39.09,-123.94,1992-11-12 10:05:00+00:00,11,blue_whale,12.134950647971385
34.11,-120.21,1998-07-09 00:00:00+00:00,7,blue_whale,15.600059258558433
36.66,-122.01,2001-10-17 10:01:00+00:00,10,blue_whale,13.420066324385266
25.55,-111.06,1991-03-13 00:00:00+00:00,3,blue_whale,24.866317027917358
36.71,-122.07,1989-08-27 11:06:00+00:00,8,blue_whale,13.532889564959607
36.8,-121.9,1987-08-11 00:00:00+00:00,8,blue_whale,13.17253455013172
34.1,-120.08,2002-06-26 12:56:00+00:00,6,blue_whale,15.722542350353882
38.54,-123.47,1992-09-17 12:36:00+00:00,9,blue_whale,12.093553600168768
18.93,-112.33,1987-12-05 07:09:00+00:00,12,blue_whale,26.02085877853874
34.3,-120.05,1992-07-10 16:55:00+00:00,7,blue_whale,15.514297492547167
34.09,-120.63,2001-07-25 15:57:00+00:00,7,blue_whale,15.576525436175153
34.62,-122.0,2001-09-30 18:46:00+00:00,9,blue_whale,15.169597786913746
38.31,-123.44,1998-09-03 19:00:00+00:00,9,blue_whale,12.547205771477099
8.91,-96.16,1999-01-23 11:47:00+00:00,1,blue_whale,28.21424018410431
36.62,-122.01,1998-10-27 00:00:00+00:00,10,blue_whale,13.420066324385266
38.0,-123.44,1990-10-09 16:26:00+00:00,10,blue_whale,12.884165634823912
34.12,-119.99,1996-08-26 13:00:00+00:00,8,blue_whale,15.74121915340888
34.1,-120.09,1994-07-31 14:07:00+00:00,7,blue_whale,15.722542350353882
38.3343,-28.2527,2026-04-17 04:07:00+00:00,4,blue_whale,18.909437149945823
-52.3872,-66.0869,2026-03-01 12:25:00+00:00,3,blue_whale,7.342362053341698
36.75,-121.98,2000-08-30 13:46:00+00:00,8,blue_whale,13.255239563233763
37.53,-122.96,2001-08-05 13:14:00+00:00,8,blue_whale,12.929373857878177
32.69,-119.27,2000-08-23 16:54:00+00:00,8,blue_whale,16.790178937894275
33.13,-120.91,1993-08-02 14:04:00+00:00,8,blue_whale,15.998552411627623
37.89,-123.23,1996-09-03 16:02:00+00:00,9,blue_whale,12.603008068429286
36.74,-121.97,2003-09-28 16:03:00+00:00,9,blue_whale,13.255239563233763
37.64788333,-25.77138333,2016-04-18 10:03:00+00:00,4,blue_whale,19.28875411181989
36.58,-122.17,1998-07-23 16:28:00+00:00,7,blue_whale,13.841146477593604
38.48,-123.34,1990-09-22 12:09:00+00:00,9,blue_whale,11.692510093507002
34.03,-120.49,2003-07-20 12:16:00+00:00,7,blue_whale,15.57402363176885
34.04,-120.55,2001-07-25 17:45:00+00:00,7,blue_whale,15.587840018603073
34.07,-120.52,2002-07-27 15:24:00+00:00,7,blue_whale,15.500607145061108
32.8,-117.38,1998-06-07 13:55:00+00:00,6,blue_whale,17.005414470495513
34.0,-120.53,1995-08-20 12:14:00+00:00,8,blue_whale,15.636062567097206
36.04,-124.89,1996-10-24 09:00:00+00:00,10,blue_whale,15.307827253219136
34.02,-120.53,1995-08-20 10:15:00+00:00,8,blue_whale,15.587840018603073
33.5,-119.87,2003-07-25 18:39:00+00:00,7,blue_whale,16.47483490232195
34.12,-120.52,1997-07-09 15:21:00+00:00,7,blue_whale,15.44527536603935
24.71,-112.26,1988-04-04 12:24:00+00:00,4,blue_whale,22.287185062438436
33.73,-121.83,1996-09-08 07:04:00+00:00,9,blue_whale,15.595261506705299
34.14,-119.82,2004-07-23 10:14:00+00:00,7,blue_whale,15.879024882282431
37.01,-122.39,2003-07-25 12:46:00+00:00,7,blue_whale,13.079940500733654
37.71,-123.11,2001-08-09 16:25:00+00:00,8,blue_whale,12.862388028618529
38.23,-123.4,1989-09-24 12:28:00+00:00,9,blue_whale,12.476187358997754
33.936853,-119.268006,2016-08-14 13:19:00+00:00,8,blue_whale,16.559987974472048
37.46,-122.76,1999-07-22 17:29:00+00:00,7,blue_whale,12.844098234782944
38.27,-123.26,1999-09-17 18:34:00+00:00,9,blue_whale,11.992376493922762
36.48,-122.02,2000-09-03 11:01:00+00:00,9,blue_whale,13.542589116485901
37.55,-122.94,2002-09-25 16:42:00+00:00,9,blue_whale,12.929373857878177
36.64,-122.06,1998-07-28 11:44:00+00:00,7,blue_whale,13.462519673338019
37.97,-123.14,1988-08-21 10:01:00+00:00,8,blue_whale,12.07586325142014
34.11,-120.04,2002-06-26 14:31:00+00:00,6,blue_whale,15.721707239334904
37.62,-123.02,1989-08-05 12:02:00+00:00,8,blue_whale,12.821400393906153
37.7,-123.11,1993-09-06 15:05:00+00:00,9,blue_whale,12.862388028618529
78.218056,12.3,2016-07-15 15:35:00+00:00,7,blue_whale,3.025409050667104
34.81,-120.85,2002-10-05 12:01:00+00:00,10,blue_whale,14.230953412299911
38.09,-123.43,1989-10-25 14:35:00+00:00,10,blue_whale,12.796191658309963
32.92,-117.37,1991-07-17 12:48:00+00:00,7,blue_whale,16.959967154831578
34.15,-120.38,1995-08-25 12:05:00+00:00,8,blue_whale,15.45256922954872
34.14,-120.04,1994-09-21 13:54:00+00:00,9,blue_whale,15.721707239334904
37.65,-123.07,2001-08-05 16:28:00+00:00,8,blue_whale,12.978420799887418
34.1,-120.15,1996-07-19 00:00:00+00:00,7,blue_whale,15.676396019932692
38.0,-123.43,1990-10-09 14:54:00+00:00,10,blue_whale,12.884165634823912
36.55,-126.83,2001-08-04 14:26:00+00:00,8,blue_whale,15.420367814784928
37.627702,-25.648156,2026-04-16 10:12:00+00:00,4,blue_whale,19.246855061593525
38.04,-123.17,1988-08-22 09:47:00+00:00,8,blue_whale,12.141958908631134
36.71,-121.99,2003-09-23 18:38:00+00:00,9,blue_whale,13.353572626718712
38.1,-123.47,1991-10-10 13:49:00+00:00,10,blue_whale,12.94893880616253
34.85,-120.83,2002-10-04 13:39:00+00:00,10,blue_whale,14.230953412299911
38.1,-123.33,2003-10-27 09:46:00+00:00,10,blue_whale,12.579645175585114
34.1833,-120.2583,1977-07-02 15:53:00+00:00,7,blue_whale,15.480641710939128
59.28,-142.76,2004-07-14 18:26:00+00:00,7,blue_whale,9.070320718194722
34.78,-120.81,2002-10-05 12:04:00+00:00,10,blue_whale,14.072254847376115
34.13,-119.91,1999-06-28 09:32:00+00:00,6,blue_whale,15.840842263975366
34.59,-120.78,2000-07-11 11:47:00+00:00,7,blue_whale,14.386917629983873
34.16,-119.85,1994-09-16 10:02:00+00:00,9,blue_whale,15.913054504594356
37.76,-123.17,1989-09-08 11:39:00+00:00,9,blue_whale,12.845620174952403
36.68,-122.0,2003-09-08 11:23:00+00:00,9,blue_whale,13.353572626718712
38.28,-123.4,2003-10-26 15:00:00+00:00,10,blue_whale,12.420535688118724
34.11,-119.82,2003-06-14 13:55:00+00:00,6,blue_whale,15.879024882282431
36.58,-122.04,1999-07-23 00:00:00+00:00,7,blue_whale,13.501692449947614
32.62,-119.27,2001-06-26 10:54:00+00:00,6,blue_whale,16.779305666040493
34.57,-120.81,2003-08-31 14:37:00+00:00,8,blue_whale,14.386917629983873
36.57,-122.02,2000-08-08 11:25:00+00:00,8,blue_whale,13.501692449947614
38.34,-123.28,1992-09-10 16:25:00+00:00,9,blue_whale,11.955459358855153
38.02,-123.37,2003-10-27 11:07:00+00:00,10,blue_whale,12.746257582240316
34.11,-120.03,1999-06-22 17:16:00+00:00,6,blue_whale,15.721707239334904
38.29,-123.16,1992-08-30 09:02:00+00:00,8,blue_whale,11.639438221029595
38.24,-123.31,1988-10-07 17:01:00+00:00,10,blue_whale,12.171699796620116
38.05,-123.45,1987-08-29 15:28:00+00:00,8,blue_whale,12.843874820467798
36.76,-121.94,2002-09-05 09:35:00+00:00,9,blue_whale,13.212194359424265
38.12,-123.45,1999-11-02 15:17:00+00:00,11,blue_whale,12.7496976845815
79.652206,13.767615,2019-08-22 19:10:00+00:00,8,blue_whale,0.34587448084828837
34.25,-119.92,2004-08-23 09:20:00+00:00,8,blue_whale,15.701086927021182
38.01,-123.39,2003-10-27 11:42:00+00:00,10,blue_whale,12.778311077073553
37.61,-123.04,2001-08-09 14:01:00+00:00,8,blue_whale,12.953377268632298
34.06,-120.59,2001-07-25 11:48:00+00:00,7,blue_whale,15.540589768873337
34.12,-120.47,1997-07-14 10:06:00+00:00,7,blue_whale,15.433570883438355
36.8,-122.23,1998-09-12 08:03:00+00:00,9,blue_whale,13.617788253651312
34.1,-120.13,2002-06-26 16:43:00+00:00,6,blue_whale,15.676396019932692
36.56,-122.0,2000-08-08 11:35:00+00:00,8,blue_whale,13.473291014224824
36.8,-121.9,1980-08-24 00:00:00+00:00,8,blue_whale,13.17253455013172
34.11,-120.6,2001-07-26 13:12:00+00:00,7,blue_whale,15.485008329763245
33.092193,-117.37192,2007-06-28 13:27:00+00:00,6,blue_whale,16.79103724896611
33.5007,-117.8706,2017-06-10 15:47:00+00:00,6,blue_whale,16.464731012417484
33.43,-119.6,2001-07-15 12:39:00+00:00,7,blue_whale,16.661822393106053
38.07,-123.53,1997-09-15 12:44:00+00:00,9,blue_whale,13.003638205541424
36.77,-121.96,2003-09-29 14:55:00+00:00,9,blue_whale,13.150723979779805
34.13,-120.18,1994-10-09 11:01:00+00:00,10,blue_whale,15.600059258558433
34.12,-119.82,1992-07-07 17:07:00+00:00,7,blue_whale,15.879024882282431
34.13,-120.2,1996-08-12 13:03:00+00:00,8,blue_whale,15.600059258558433
-38.35,141.011,2009-01-17 11:06:00+00:00,1,blue_whale,16.264849624743995
-42.0,175.0,1958-05-30 00:00:00+00:00,5,humpback_whale,14.17991032802613
-28.6,153.66701,1955-08-06 00:00:00+00:00,8,humpback_whale,23.08399206275112
-32.7,152.25,2014-06-12 00:00:00+00:00,6,humpback_whale,20.934586882184142
-25.0,153.1,1997-08-17 00:00:00+00:00,8,humpback_whale,23.69705524327376
50.017,-55.517,1994-09-05 00:00:00+00:00,9,humpback_whale,4.213697676559147
-22.9874430634,-43.1964987516,2021-09-20 00:00:00+00:00,9,humpback_whale,22.47496070711009
74.37,16.97,1998-07-09 00:00:00+00:00,7,humpback_whale,5.144396842327782
-23.0,113.0,1953-07-15 00:00:00+00:00,7,humpback_whale,25.10781145306689
-33.086328,17.836363,2003-01-14 00:00:00+00:00,1,humpback_whale,15.427311349824155
-64.4,-63.25,2024-12-17 00:00:00+00:00,12,humpback_whale,-0.15511782628608678
-5.646907,11.404324,1998-09-18 00:00:00+00:00,9,humpback_whale,25.95074190550837
34.1403,-119.8543,2010-05-27 00:00:00+00:00,5,humpback_whale,15.879024882282431
-65.208333,-64.183333,2014-03-15 00:00:00+00:00,3,humpback_whale,-0.5381844750672018
22.842222,-109.8875,2013-03-27 00:00:00+00:00,3,humpback_whale,25.53975255620215
36.7845,-121.826,2013-08-19 00:00:00+00:00,8,humpback_whale,13.17055719545424
-33.006589,151.818532,2008-06-30 00:00:00+00:00,6,humpback_whale,20.56711959325906
33.84888,-120.117,2019-11-10 00:00:00+00:00,11,humpback_whale,15.922906577281346
-42.0,175.0,1948-06-11 00:00:00+00:00,6,humpback_whale,14.17991032802613
49.5,-59.5,1993-07-01 00:00:00+00:00,7,humpback_whale,5.677233152344485
34.018,-119.3168,2021-10-09 00:00:00+00:00,10,humpback_whale,15.93308967054115
-64.55,-62.466667,2015-03-06 00:00:00+00:00,3,humpback_whale,-0.3029432458338123
-20.477356,-40.113831,2018-08-26 00:00:00+00:00,8,humpback_whale,25.068896613050935
20.701,-105.385,2012-01-18 00:00:00+00:00,1,humpback_whale,27.81614806999194
20.649967,-105.386383,2003-02-11 00:00:00+00:00,2,humpback_whale,27.84050001746894
-21.324772,55.315839,2023-07-22 00:00:00+00:00,7,humpback_whale,26.136955716162138
49.199999,-126.1,2005-09-05 00:00:00+00:00,9,humpback_whale,10.949350220243105
20.731,-156.702,2023-03-11 00:00:00+00:00,3,humpback_whale,25.62824222390668
-28.9667,167.95,1959-08-01 00:00:00+00:00,8,humpback_whale,21.23836110352884
-23.0,113.0,1927-09-17 00:00:00+00:00,9,humpback_whale,25.10781145306689
80.59,15.88,2011-08-14 00:00:00+00:00,8,humpback_whale,1.0014254987074747
-24.8833,113.55,1954-07-07 00:00:00+00:00,7,humpback_whale,23.036742107409086
-24.95583,152.984641,2025-08-29 00:00:00+00:00,8,humpback_whale,23.8321672726845
20.75,-69.8,1993-03-01 00:00:00+00:00,3,humpback_whale,27.537056757150538
36.798,-122.9758,2021-10-08 00:00:00+00:00,10,humpback_whale,14.270739103183066
-23.0,113.0,1926-09-07 00:00:00+00:00,9,humpback_whale,25.10781145306689
-27.0,154.0,1959-06-24 00:00:00+00:00,6,humpback_whale,24.80329320014572
20.652778,-105.607222,2001-01-21 00:00:00+00:00,1,humpback_whale,27.863901414586483
-26.1167,153.483,1955-06-26 00:00:00+00:00,6,humpback_whale,24.224481851502926
46.791,-54.1968,1993-07-13 00:00:00+00:00,7,humpback_whale,6.381205888183911
74.55,22.48,2012-07-12 00:00:00+00:00,7,humpback_whale,2.4805175542262066
64.05,-52.5667,1981-07-29 00:00:00+00:00,7,humpback_whale,2.4814237124069614
-26.95,153.5,1954-08-06 00:00:00+00:00,8,humpback_whale,24.05397628178681
-27.0,153.467,1957-07-09 00:00:00+00:00,7,humpback_whale,23.779196205100526
48.3938,-124.654,2019-05-21 00:00:00+00:00,5,humpback_whale,11.572260341128889
-23.0,113.0,1928-08-22 00:00:00+00:00,8,humpback_whale,25.10781145306689
-26.9167,153.467,1954-09-10 00:00:00+00:00,9,humpback_whale,23.812952732628762
-25.0,113.0,1962-07-21 00:00:00+00:00,7,humpback_whale,23.965644587101963
54.2923,-130.6688,2004-09-04 00:00:00+00:00,9,humpback_whale,9.834178244107123
-36.97011,149.99649,1996-10-19 00:00:00+00:00,10,humpback_whale,17.808215894323816
33.5,-119.0,1994-02-28 00:00:00+00:00,2,humpback_whale,17.27546634323203
-25.0,113.0,1956-09-03 00:00:00+00:00,9,humpback_whale,23.965644587101963
-27.0,154.0,1959-07-13 00:00:00+00:00,7,humpback_whale,24.80329320014572
-25.0,113.0,1962-09-02 00:00:00+00:00,9,humpback_whale,23.965644587101963
42.470965,-70.2426433,2020-04-01 00:00:00+00:00,4,humpback_whale,11.79562746214571
-23.0,113.0,1925-08-22 00:00:00+00:00,8,humpback_whale,25.10781145306689
44.8,-50.0,1983-07-01 00:00:00+00:00,7,humpback_whale,7.811201601696402
59.5,-44.0,1981-07-01 00:00:00+00:00,7,humpback_whale,4.111252089158853
-24.95,113.333,1951-07-18 00:00:00+00:00,7,humpback_whale,23.36861351423351
36.788211,-121.866188,2023-08-31 00:00:00+00:00,8,humpback_whale,13.17055719545424
43.0,-70.05,2009-07-28 00:00:00+00:00,7,humpback_whale,11.543584021119964
-35.0333,118.133,1955-07-17 00:00:00+00:00,7,humpback_whale,19.18459958549876
58.13,-135.48,2023-08-14 00:00:00+00:00,8,humpback_whale,8.805891632031475
42.470965,-70.2426433,2020-03-22 00:00:00+00:00,3,humpback_whale,11.79562746214571
-42.0,175.0,1949-06-30 00:00:00+00:00,6,humpback_whale,14.17991032802613
34.1053,-120.118,2011-07-15 00:00:00+00:00,7,humpback_whale,15.676396019932692
36.3703,-122.3148,2019-02-11 00:00:00+00:00,2,humpback_whale,14.157834182745656
47.6,-53.1,1980-07-01 00:00:00+00:00,7,humpback_whale,6.06605540437384
-24.8833,113.45,1955-08-02 00:00:00+00:00,8,humpback_whale,23.198090109762205
20.8825,-105.477,2018-02-04 00:00:00+00:00,2,humpback_whale,27.83474984398411
36.7,-121.9666,2013-10-05 00:00:00+00:00,10,humpback_whale,13.316103639099651
-28.6,153.6,2008-06-20 00:00:00+00:00,6,humpback_whale,22.722403334324614
44.783,-66.983,1979-08-20 00:00:00+00:00,8,humpback_whale,9.016935831334886
41.598,-69.557,1991-08-14 00:00:00+00:00,8,humpback_whale,12.320736278747988
-25.0,113.0,1963-07-30 00:00:00+00:00,7,humpback_whale,23.965644587101963
-2.2679,-81.0176,2008-09-01 00:00:00+00:00,9,humpback_whale,24.544441968824614
72.08,4.13,2005-08-04 00:00:00+00:00,8,humpback_whale,6.245004962774081
51.4848,-56.7825,1992-09-08 00:00:00+00:00,9,humpback_whale,3.7564939406790185
-27.0,154.0,1959-07-22 00:00:00+00:00,7,humpback_whale,24.80329320014572
-23.0,113.0,1954-07-26 00:00:00+00:00,7,humpback_whale,25.10781145306689
42.3,-70.3,2022-09-01 00:00:00+00:00,9,humpback_whale,11.710840451797699
-25.0,113.0,1962-09-10 00:00:00+00:00,9,humpback_whale,23.965644587101963
6.34693,-77.463638,2021-07-16 00:00:00+00:00,7,humpback_whale,27.525765418945678
-42.0,175.0,1951-07-09 00:00:00+00:00,7,humpback_whale,14.17991032802613
-20.863432,55.187994,2024-07-08 00:00:00+00:00,7,humpback_whale,26.190057647695454
-25.0,153.1,1998-08-13 00:00:00+00:00,8,humpback_whale,23.69705524327376
66.144221,-17.673408,2025-05-31 00:00:00+00:00,5,humpback_whale,6.111826696857837
-23.0,113.0,1927-09-08 00:00:00+00:00,9,humpback_whale,25.10781145306689
32.64585,-117.238556,2026-04-10 00:00:00+00:00,4,humpback_whale,16.35095416613322
-23.0,113.0,1950-07-09 00:00:00+00:00,7,humpback_whale,25.10781145306689
20.841567,-105.4899,2020-02-01 00:00:00+00:00,2,humpback_whale,27.831284195009797
20.75,-69.8,2005-03-03 00:00:00+00:00,3,humpback_whale,27.537056757150538
48.6,-53.55,1979-07-01 00:00:00+00:00,7,humpback_whale,5.15240560385801
-25.0,113.0,1956-08-17 00:00:00+00:00,8,humpback_whale,23.965644587101963
59.53,-151.6,2005-06-29 00:00:00+00:00,6,humpback_whale,7.417041880254164
20.7,-105.370667,2011-01-17 00:00:00+00:00,1,humpback_whale,27.81614806999194
22.979572,-109.379883,2024-03-07 00:00:00+00:00,3,humpback_whale,25.97611028218672
47.3179,-124.4166,2019-12-26 00:00:00+00:00,12,humpback_whale,11.007290926685966
36.7977,-121.9757,2020-04-30 00:00:00+00:00,4,humpback_whale,13.194764080169147
-21.381475,55.333535,2024-07-28 00:00:00+00:00,7,humpback_whale,26.138087602409943
48.9303,-123.512,2019-10-05 00:00:00+00:00,10,humpback_whale,10.945620097296382
-25.1,113.4,1954-08-24 00:00:00+00:00,8,humpback_whale,23.088316801601884
36.37021,-122.314903,2021-04-29 00:00:00+00:00,4,humpback_whale,14.157834182745656
-64.52,-63.1,2025-02-07 00:00:00+00:00,2,humpback_whale,-0.09211614392573075
44.0,-68.133,1976-07-14 00:00:00+00:00,7,humpback_whale,9.881839148718935
-20.3148,116.6522,1993-08-30 00:00:00+00:00,8,humpback_whale,26.519099450860562
20.887167,-105.487333,2018-01-21 00:00:00+00:00,1,humpback_whale,27.83474984398411
20.684017,-105.423183,2022-02-12 00:00:00+00:00,2,humpback_whale,27.801512991832407
-21.950608,113.796064,2007-09-09 00:00:00+00:00,9,humpback_whale,25.82233435080679
-64.657187,-62.144165,2024-03-13 00:00:00+00:00,3,humpback_whale,-0.05589434286179719
-23.0,113.0,1927-09-05 00:00:00+00:00,9,humpback_whale,25.10781145306689
-23.0,113.0,1952-07-21 00:00:00+00:00,7,humpback_whale,25.10781145306689
-25.0,113.0,1956-09-11 00:00:00+00:00,9,humpback_whale,23.965644587101963
-25.0,153.1,2001-08-15 00:00:00+00:00,8,humpback_whale,23.69705524327376
-21.193279,55.254021,2018-07-04 00:00:00+00:00,7,humpback_whale,26.158139149340577
-63.2429,-60.1214,2017-01-15 00:00:00+00:00,1,humpback_whale,-0.23411554260454162
36.7977,-121.9757,2020-11-08 00:00:00+00:00,11,humpback_whale,13.194764080169147
34.1296,-120.2151,2011-07-30 00:00:00+00:00,7,humpback_whale,15.600059258558433
54.0,-57.0,1978-07-01 00:00:00+00:00,7,humpback_whale,2.385162226654657
-37.073603,149.934248,2024-09-15 00:00:00+00:00,9,humpback_whale,17.614648332695477
-25.0,113.0,1958-07-21 00:00:00+00:00,7,humpback_whale,23.965644587101963
47.783,-53.833,1992-06-16 00:00:00+00:00,6,humpback_whale,5.9580465141816745
40.6544,-124.4968,2012-08-05 00:00:00+00:00,8,humpback_whale,11.789063002854686
-25.0,113.0,1958-10-10 00:00:00+00:00,10,humpback_whale,23.965644587101963
-23.0,113.0,1927-08-21 00:00:00+00:00,8,humpback_whale,25.10781145306689
76.5,30.27,2005-07-10 00:00:00+00:00,7,humpback_whale,2.63303933569939
-53.980509,-37.615814,2018-11-04 00:00:00+00:00,11,humpback_whale,1.8112850472509427
-29.0,154.0,1956-07-07 00:00:00+00:00,7,humpback_whale,24.373418970748475
-27.1167,153.5,1957-06-23 00:00:00+00:00,6,humpback_whale,24.10829615557421
58.36,-134.78,2014-08-21 00:00:00+00:00,8,humpback_whale,8.542752223584293
-64.668165,-62.822571,2023-12-22 00:00:00+00:00,12,humpback_whale,-0.43673437560435807
47.27,-52.8,1991-07-01 00:00:00+00:00,7,humpback_whale,5.310125440255107
16.189025,-22.976532,2023-04-03 00:00:00+00:00,4,humpback_whale,24.476494496751283
42.47083,-70.242287,2020-11-15 00:00:00+00:00,11,humpback_whale,11.79562746214571
57.07,-133.59,1993-09-03 00:00:00+00:00,9,humpback_whale,8.568546982207152
-23.0,113.0,1953-08-02 00:00:00+00:00,8,humpback_whale,25.10781145306689
-25.0,113.0,1961-07-14 00:00:00+00:00,7,humpback_whale,23.965644587101963
74.6833,18.7,1984-08-18 00:00:00+00:00,8,humpback_whale,2.9515650531863673
-27.44007,153.54272,1993-06-27 00:00:00+00:00,6,humpback_whale,23.765564229069177
-25.0,113.0,1956-07-27 00:00:00+00:00,7,humpback_whale,23.965644587101963
33.43,-117.7,2024-07-19 00:00:00+00:00,7,humpback_whale,16.070264831274507
73.63,18.32,2009-06-16 00:00:00+00:00,6,humpback_whale,5.720581081290006
34.1343,-119.89,2012-08-02 00:00:00+00:00,8,humpback_whale,15.840842263975366
-33.360185,17.996747,2026-01-12 00:00:00+00:00,1,humpback_whale,15.384415496009218
-33.061883,17.903413,2024-11-25 00:00:00+00:00,11,humpback_whale,14.829362094576638
46.6333,-53.6333,1983-06-16 00:00:00+00:00,6,humpback_whale,6.153852900260164
-28.6,153.6,2011-07-20 00:00:00+00:00,7,humpback_whale,22.722403334324614
-24.85,113.483,1954-08-02 00:00:00+00:00,8,humpback_whale,23.102986752519154
66.181981,-23.010891,2024-09-02 00:00:00+00:00,9,humpback_whale,5.649267561990126
43.0,-70.0,2008-07-05 00:00:00+00:00,7,humpback_whale,11.56694366009655
-27.0,154.0,1959-06-27 00:00:00+00:00,6,humpback_whale,24.80329320014572
49.13,-123.4,2015-06-17 00:00:00+00:00,6,humpback_whale,10.827937661664695
57.45,-133.9,1995-08-29 00:00:00+00:00,8,humpback_whale,8.370114849600274
-35.1167,117.983,1956-07-15 00:00:00+00:00,7,humpback_whale,19.24698972708662
34.2086,-119.931,2012-05-28 00:00:00+00:00,5,humpback_whale,15.8277919366176
-26.9833,153.467,1953-07-03 00:00:00+00:00,7,humpback_whale,23.779196205100526
-25.089454,153.088614,2022-08-08 00:00:00+00:00,8,humpback_whale,23.61544551949917
43.4833,-62.2167,1999-08-04 00:00:00+00:00,8,humpback_whale,10.015939268443203
57.275102,-133.616753,2023-08-09 00:00:00+00:00,8,humpback_whale,8.366643436757192
-25.0,113.0,1958-08-27 00:00:00+00:00,8,humpback_whale,23.965644587101963
74.6,24.42,2000-07-12 00:00:00+00:00,7,humpback_whale,4.355572485035417
20.75,-69.8,1986-03-01 00:00:00+00:00,3,humpback_whale,27.537056757150538
-23.0,113.0,1927-06-30 00:00:00+00:00,6,humpback_whale,25.10781145306689
-23.0,113.0,1927-07-06 00:00:00+00:00,7,humpback_whale,25.10781145306689
-42.0,175.0,1957-07-20 00:00:00+00:00,7,humpback_whale,14.17991032802613
42.437243,-70.54595,2020-04-23 00:00:00+00:00,4,humpback_whale,11.662851668628736
20.75,-69.8,2025-01-29 00:00:00+00:00,1,humpback_whale,27.537056757150538
48.217,-125.6021,2013-06-22 00:00:00+00:00,6,humpback_whale,11.652876868086974
22.885607,-109.859682,2024-12-09 00:00:00+00:00,12,humpback_whale,25.576528428485062
-25.0,113.0,1962-08-21 00:00:00+00:00,8,humpback_whale,23.965644587101963
-20.9658,55.179417,2023-06-21 00:00:00+00:00,6,humpback_whale,26.173078721905547
20.75,-69.8,1983-03-01 00:00:00+00:00,3,humpback_whale,27.537056757150538
-29.0,154.0,1960-07-21 00:00:00+00:00,7,humpback_whale,24.373418970748475
-1.3862861475,-80.9902668088,1997-07-31 00:00:00+00:00,7,humpback_whale,25.17224010382696
-24.8667,113.267,1953-08-01 00:00:00+00:00,8,humpback_whale,23.51103844602607
-42.0,175.0,1954-06-20 00:00:00+00:00,6,humpback_whale,14.17991032802613
-23.0,113.0,1926-07-26 00:00:00+00:00,7,humpback_whale,25.10781145306689
22.020719,-159.908369,2019-03-24 00:00:00+00:00,3,humpback_whale,25.552624874196137
36.798,-122.9758,2021-10-09 00:00:00+00:00,10,humpback_whale,14.270739103183066
-28.6,153.6,2011-09-14 00:00:00+00:00,9,humpback_whale,22.722403334324614
48.354916,-124.249427,2020-08-23 00:00:00+00:00,8,humpback_whale,11.472322827021406
-27.0,154.0,1961-10-14 00:00:00+00:00,10,humpback_whale,24.80329320014572
-25.0,153.1,2001-08-19 00:00:00+00:00,8,humpback_whale,23.69705524327376
-34.7667,118.567,1960-06-26 00:00:00+00:00,6,humpback_whale,19.140668190807
-23.0,113.0,1949-07-26 00:00:00+00:00,7,humpback_whale,25.10781145306689
-26.9833,153.5,1957-07-28 00:00:00+00:00,7,humpback_whale,24.01700620161922
58.525142,-134.980205,2026-06-15 00:00:00+00:00,6,humpback_whale,8.282326095443967
49.218086,-123.763983,2021-06-12 00:00:00+00:00,6,humpback_whale,10.904926173502586
20.689167,-105.357,2017-01-16 00:00:00+00:00,1,humpback_whale,27.812370445680475
-17.52,-149.76,2021-08-16 00:00:00+00:00,8,humpback_whale,27.710541480413198
20.652911,-105.535749,2017-01-22 00:00:00+00:00,1,humpback_whale,27.849663282718996
-25.0,113.0,1956-09-22 00:00:00+00:00,9,humpback_whale,23.965644587101963
40.8857,-124.2331,2012-08-16 00:00:00+00:00,8,humpback_whale,11.573041680998749
34.36,-119.76,2025-11-07 00:00:00+00:00,11,humpback_whale,15.166831886358608
58.07105,-134.1256,2020-10-08 00:00:00+00:00,10,humpback_whale,7.876261958863057
-26.9667,153.483,1955-07-20 00:00:00+00:00,7,humpback_whale,24.01700620161922
-27.0,154.0,1959-08-07 00:00:00+00:00,8,humpback_whale,24.80329320014572
41.867,-69.7,1978-04-25 00:00:00+00:00,4,humpback_whale,12.268929274168618
34.274,-119.7993,2010-03-28 00:00:00+00:00,3,humpback_whale,15.55051810846354
36.7685,-121.9238,2013-12-12 00:00:00+00:00,12,humpback_whale,13.150723979779805
-25.0,113.0,1957-08-20 00:00:00+00:00,8,humpback_whale,23.965644587101963
-23.0,113.0,1955-07-29 00:00:00+00:00,7,humpback_whale,25.10781145306689
36.655,-121.998333,1998-11-15 00:00:00+00:00,11,humpback_whale,13.420066324385266
-28.6,153.6,2013-08-26 00:00:00+00:00,8,humpback_whale,22.722403334324614
20.769451,-156.549082,2026-01-09 00:00:00+00:00,1,humpback_whale,25.546225182686424
26.749116,127.701154,2006-02-13 00:00:00+00:00,2,humpback_whale,25.10433760420154
-15.95222,123.38224,1997-07-25 00:00:00+00:00,7,humpback_whale,28.95007234520484
-27.0,154.0,1959-07-01 00:00:00+00:00,7,humpback_whale,24.80329320014572
73.95,19.08,2012-06-27 00:00:00+00:00,6,humpback_whale,4.797365302481048
-2.2679,-81.0176,2010-09-01 00:00:00+00:00,9,humpback_whale,24.544441968824614
59.7911,-147.3333,2004-08-12 00:00:00+00:00,8,humpback_whale,8.860105172527845
-25.0,113.0,1956-08-22 00:00:00+00:00,8,humpback_whale,23.965644587101963
73.95,18.82,2012-06-27 00:00:00+00:00,6,humpback_whale,4.861934620927314
-34.9333,118.233,1958-06-11 00:00:00+00:00,6,humpback_whale,19.196811403647267
33.8485,-120.1159,2021-09-03 00:00:00+00:00,9,humpback_whale,15.905886962827699
-2.2679,-81.0176,2016-09-01 00:00:00+00:00,9,humpback_whale,24.544441968824614
-25.1,113.4,1951-08-17 00:00:00+00:00,8,humpback_whale,23.088316801601884
-12.699512,45.259706,2005-09-02 00:00:00+00:00,9,humpback_whale,27.985548995042677
-28.8,167.817,1960-08-19 00:00:00+00:00,8,humpback_whale,21.54969652511571
-27.0,154.0,1959-07-12 00:00:00+00:00,7,humpback_whale,24.80329320014572
-26.9667,153.45,1954-08-29 00:00:00+00:00,8,humpback_whale,23.779196205100526
-28.6167,153.66701,1954-09-19 00:00:00+00:00,9,humpback_whale,23.138873778957795
33.84888,-120.117,2020-02-04 00:00:00+00:00,2,humpback_whale,15.922906577281346
36.7983,-121.8983,2013-11-05 00:00:00+00:00,11,humpback_whale,13.17253455013172
23.779964,-109.70172,2014-04-06 00:00:00+00:00,4,humpback_whale,25.91136509699841
47.27,-52.8,1990-07-01 00:00:00+00:00,7,humpback_whale,5.310125440255107
74.07,16.17,2000-06-23 00:00:00+00:00,6,humpback_whale,6.6475156797238455
49.199999,-126.1,2006-08-05 00:00:00+00:00,8,humpback_whale,10.949350220243105
-23.0,113.0,1925-08-12 00:00:00+00:00,8,humpback_whale,25.10781145306689
34.2188,-120.38,2010-08-10 00:00:00+00:00,8,humpback_whale,15.26039721337379
-42.0,175.0,1955-06-15 00:00:00+00:00,6,humpback_whale,14.17991032802613
36.628333,-122.015,1998-10-27 00:00:00+00:00,10,humpback_whale,13.420066324385266
0.891659,-79.94751,2004-07-14 00:00:00+00:00,7,humpback_whale,26.858995737574556
-35.15,117.8,1955-07-14 00:00:00+00:00,7,humpback_whale,19.197892157625716
-38.317,141.667,2013-06-09 00:00:00+00:00,6,humpback_whale,16.204852893590097
34.1,-120.166667,1995-07-24 00:00:00+00:00,7,humpback_whale,15.676396019932692
-35.05,118.15,1960-06-19 00:00:00+00:00,6,humpback_whale,19.18459958549876
-64.7,-62.205,2021-12-28 00:00:00+00:00,12,humpback_whale,0.014929287466378748
-42.0,175.0,1953-05-30 00:00:00+00:00,5,humpback_whale,14.17991032802613
42.85,-70.317,1976-09-28 00:00:00+00:00,9,humpback_whale,11.500287588793936
-31.958224,115.62563,2020-08-22 00:00:00+00:00,8,humpback_whale,20.241162739213927
-27.0,154.0,1958-06-27 00:00:00+00:00,6,humpback_whale,24.80329320014572
-23.0,113.0,1953-09-04 00:00:00+00:00,9,humpback_whale,25.10781145306689
42.426,-70.433,1990-07-06 00:00:00+00:00,7,humpback_whale,11.700067054786894
-23.0,113.0,1927-08-11 00:00:00+00:00,8,humpback_whale,25.10781145306689
-18.6,-173.9,2000-09-11 00:00:00+00:00,9,humpback_whale,27.014681289750314
26.290107,127.230237,2006-03-09 00:00:00+00:00,3,humpback_whale,25.385738123513104
67.6667,-2.8333,1993-07-14 00:00:00+00:00,7,humpback_whale,6.792023822574518
-28.6,153.6,2011-07-03 00:00:00+00:00,7,humpback_whale,22.722403334324614
-23.0,113.0,1954-08-13 00:00:00+00:00,8,humpback_whale,25.10781145306689
-25.0,113.0,1959-08-02 00:00:00+00:00,8,humpback_whale,23.965644587101963
34.24,-119.78,2011-08-13 00:00:00+00:00,8,humpback_whale,15.702286166577338
20.709,-105.437,2012-02-04 00:00:00+00:00,2,humpback_whale,27.815680304082484
-25.0,113.0,1957-09-07 00:00:00+00:00,9,humpback_whale,23.965644587101963
-25.0,113.0,1959-06-25 00:00:00+00:00,6,humpback_whale,23.965644587101963
64.79282,-172.67153,2024-08-28 00:00:00+00:00,8,humpback_whale,1.4920058894945178
-24.7167,113.417,1953-08-23 00:00:00+00:00,8,humpback_whale,23.371803579402723
-23.0,113.0,1949-09-15 00:00:00+00:00,9,humpback_whale,25.10781145306689
48.357774,-123.910503,2024-08-28 00:00:00+00:00,8,humpback_whale,11.29240416125122
20.7,-105.391833,2011-12-24 00:00:00+00:00,12,humpback_whale,27.81614806999194
47.6,-53.1,1979-07-01 00:00:00+00:00,7,humpback_whale,6.06605540437384
77.13,33.18,2011-08-31 00:00:00+00:00,8,humpback_whale,0.361437667113036
34.0178,-119.317,2020-02-29 00:00:00+00:00,2,humpback_whale,15.93308967054115
74.4,38.87,2007-07-23 00:00:00+00:00,7,humpback_whale,2.059945574926171
16.102424,-22.999878,2025-02-14 00:00:00+00:00,2,humpback_whale,24.521462461883576
-25.0,113.5,1954-08-23 00:00:00+00:00,8,humpback_whale,22.994614672702248
-23.0,113.0,1953-08-01 00:00:00+00:00,8,humpback_whale,25.10781145306689
-25.0,113.0,1962-08-02 00:00:00+00:00,8,humpback_whale,23.965644587101963
-64.0,-61.0,2014-01-28 00:00:00+00:00,1,humpback_whale,-0.05437805771887295
-26.9833,153.5,1954-07-30 00:00:00+00:00,7,humpback_whale,24.01700620161922
75.0,37.0,1992-07-01 00:00:00+00:00,7,humpback_whale,2.0466734988433006
76.42,41.62,1993-10-29 00:00:00+00:00,10,humpback_whale,1.3296293351577135
20.75,-69.8,2005-03-17 00:00:00+00:00,3,humpback_whale,27.537056757150538
-17.483069,-149.862123,2024-10-02 00:00:00+00:00,10,humpback_whale,27.723636334755742
-23.0,113.0,1926-07-22 00:00:00+00:00,7,humpback_whale,25.10781145306689
20.75,-69.8,1980-03-01 00:00:00+00:00,3,humpback_whale,27.537056757150538
48.272225,-123.728027,2017-09-13 00:00:00+00:00,9,humpback_whale,11.296514257830108
-20.33145,115.505376,1992-06-21 00:00:00+00:00,6,humpback_whale,26.458562398491182
53.3822,-146.3124,2011-07-10 00:00:00+00:00,7,humpback_whale,8.225920089977187
36.7371,-121.9259,2009-08-09 00:00:00+00:00,8,humpback_whale,13.212194359424265
20.7,-105.4,2003-01-03 00:00:00+00:00,1,humpback_whale,27.81614806999194
-25.0,113.0,1957-08-16 00:00:00+00:00,8,humpback_whale,23.965644587101963
-34.9667,118.25,1961-07-14 00:00:00+00:00,7,humpback_whale,19.23328857556235
-36.0,175.0,1960-06-22 00:00:00+00:00,6,humpback_whale,18.16572920357266
-25.0,113.0,1958-09-27 00:00:00+00:00,9,humpback_whale,23.965644587101963
-23.0,113.0,1952-08-04 00:00:00+00:00,8,humpback_whale,25.10781145306689
-28.9167,167.95,1960-09-08 00:00:00+00:00,9,humpback_whale,21.237488923968268
-25.0,113.0,1956-07-09 00:00:00+00:00,7,humpback_whale,23.965644587101963
-23.0,113.0,1928-08-19 00:00:00+00:00,8,humpback_whale,25.10781145306689
58.33,-134.63,2022-06-30 00:00:00+00:00,6,humpback_whale,8.595279732461028
36.681667,-122.003333,1997-07-10 00:00:00+00:00,7,humpback_whale,13.353572626718712
-24.85,113.317,1954-06-22 00:00:00+00:00,6,humpback_whale,23.453926403850545
-38.417,142.011,2009-07-14 00:00:00+00:00,7,humpback_whale,16.144975907348744
-25.0,153.1,1998-08-14 00:00:00+00:00,8,humpback_whale,23.69705524327376
13.870306,-90.7495,2021-01-24 00:00:00+00:00,1,humpback_whale,29.546437010599757
-20.308596,116.728619,1991-08-21 00:00:00+00:00,8,humpback_whale,26.466059297632704
26.290107,127.230237,2005-03-22 00:00:00+00:00,3,humpback_whale,25.385738123513104
48.8701,-123.3063,2018-09-02 00:00:00+00:00,9,humpback_whale,10.946941997491743
-27.0667,153.5,1954-07-17 00:00:00+00:00,7,humpback_whale,24.073411139449295
-28.62,153.68,2001-06-27 00:00:00+00:00,6,humpback_whale,23.43163942122014
58.36,-134.78,2014-08-03 00:00:00+00:00,8,humpback_whale,8.542752223584293
-23.0,113.0,1953-09-14 00:00:00+00:00,9,humpback_whale,25.10781145306689
-23.0,113.0,1927-07-24 00:00:00+00:00,7,humpback_whale,25.10781145306689
-34.357924,18.494179,2022-06-26 00:00:00+00:00,6,humpback_whale,16.55708838810955
34.228,-119.472,2010-10-17 00:00:00+00:00,10,humpback_whale,15.070975021388918
-23.0,113.0,1925-08-29 00:00:00+00:00,8,humpback_whale,25.10781145306689
-24.75,113.483,1953-08-25 00:00:00+00:00,8,humpback_whale,23.207614330918467
57.28,-133.61,2011-08-03 00:00:00+00:00,8,humpback_whale,8.366643436757192
37.65,-123.0,1992-09-29 00:00:00+00:00,9,humpback_whale,12.753123471700071
-21.225926,55.248528,2022-08-16 00:00:00+00:00,8,humpback_whale,26.1632106898527
36.8,-121.85,2025-08-02 00:00:00+00:00,8,humpback_whale,13.17055719545424
-25.0,153.1,1999-08-08 00:00:00+00:00,8,humpback_whale,23.69705524327376
34.111474,-119.480434,2022-10-16 00:00:00+00:00,10,humpback_whale,15.627276579508838
50.16424,-125.05291,2026-06-17 00:00:00+00:00,6,humpback_whale,10.465226186623656
49.0147,-123.594217,2014-11-15 00:00:00+00:00,11,humpback_whale,10.944270511739932
56.47,-134.15,2021-07-26 00:00:00+00:00,7,humpback_whale,8.687176546137344
64.816078,-172.607293,2024-09-05 00:00:00+00:00,9,humpback_whale,1.4902508777056729
70.25,10.47,2007-05-30 00:00:00+00:00,5,humpback_whale,7.7749490807802815
-27.0167,153.483,1954-08-26 00:00:00+00:00,8,humpback_whale,24.04629991040245
57.060655,-135.401677,2022-06-07 00:00:00+00:00,6,humpback_whale,9.293523523693864
48.572859,-125.208134,2025-08-16 00:00:00+00:00,8,humpback_whale,11.581550996372876
42.917,-70.45,1979-05-19 00:00:00+00:00,5,humpback_whale,11.28799270847059
43.983,-67.133,1975-09-02 00:00:00+00:00,9,humpback_whale,9.60941044419249
42.421,-70.448,1991-06-23 00:00:00+00:00,6,humpback_whale,11.700067054786894
34.0178,-119.3172,2019-04-27 00:00:00+00:00,4,humpback_whale,15.93308967054115
44.2833,-49.9833,1982-06-13 00:00:00+00:00,6,humpback_whale,8.267622378982463
-27.05,153.483,1955-06-21 00:00:00+00:00,6,humpback_whale,24.04629991040245
36.798,-121.976,2018-12-15 00:00:00+00:00,12,humpback_whale,13.194764080169147
-25.0,113.0,1959-08-04 00:00:00+00:00,8,humpback_whale,23.965644587101963
42.654,-70.418,1992-08-07 00:00:00+00:00,8,humpback_whale,11.510561464608138
-29.0,154.0,1958-06-26 00:00:00+00:00,6,humpback_whale,24.373418970748475
-21.155822,55.238914,2022-07-07 00:00:00+00:00,7,humpback_whale,26.16419746626283
74.02,20.13,2006-07-05 00:00:00+00:00,7,humpback_whale,4.800588657761957
36.6484,-121.9075,2020-07-15 00:00:00+00:00,7,humpback_whale,13.35308720033323
36.6495,-121.9084,2019-09-25 00:00:00+00:00,9,humpback_whale,13.35308720033323
42.387,-70.382,1990-09-22 00:00:00+00:00,9,humpback_whale,11.705498678986295
-38.3947,142.456,2012-07-16 00:00:00+00:00,7,humpback_whale,16.064755960286263
-23.0,113.0,1926-08-26 00:00:00+00:00,8,humpback_whale,25.10781145306689
-26.9833,153.483,1955-06-21 00:00:00+00:00,6,humpback_whale,24.01700620161922
-23.0,113.0,1949-07-10 00:00:00+00:00,7,humpback_whale,25.10781145306689
47.4667,-52.6333,1994-07-05 00:00:00+00:00,7,humpback_whale,5.460313121754524
51.3333,-57.1667,1993-07-25 00:00:00+00:00,7,humpback_whale,4.028590059688277
-35.1667,117.9,1959-07-24 00:00:00+00:00,7,humpback_whale,19.31064345217356
76.8167,25.3167,1992-09-25 00:00:00+00:00,9,humpback_whale,0.33490804488595016
20.686183,-105.3544,2022-02-21 00:00:00+00:00,2,humpback_whale,27.812370445680475
-23.0,113.0,1950-09-26 00:00:00+00:00,9,humpback_whale,25.10781145306689
-23.0,113.0,1954-07-06 00:00:00+00:00,7,humpback_whale,25.10781145306689
74.17,16.73,1996-05-07 00:00:00+00:00,5,humpback_whale,5.913132703633435
51.76,-8.23,2018-05-01 00:00:00+00:00,5,humpback_whale,11.742961192915608
-16.45,-39.0,2023-09-10 00:00:00+00:00,9,humpback_whale,26.496982274347623
36.75,-122.0,1993-10-19 00:00:00+00:00,10,humpback_whale,13.255239563233763
-24.7667,113.267,1955-06-22 00:00:00+00:00,6,humpback_whale,23.635912364615596
20.870744,-156.773142,2021-03-07 00:00:00+00:00,3,humpback_whale,25.630833837488847
-27.0,154.0,1960-07-16 00:00:00+00:00,7,humpback_whale,24.80329320014572
44.4167,-66.3333,1997-09-06 00:00:00+00:00,9,humpback_whale,9.61848448677569
51.76,-8.23,2018-05-18 00:00:00+00:00,5,humpback_whale,11.742961192915608
-24.9,113.5,1952-08-31 00:00:00+00:00,8,humpback_whale,23.073560094056223
-25.0,113.0,1957-06-24 00:00:00+00:00,6,humpback_whale,23.965644587101963
-38.1,144.9,2006-06-08 00:00:00+00:00,6,humpback_whale,16.250964886411378
-27.0,154.0,1960-07-04 00:00:00+00:00,7,humpback_whale,24.80329320014572
-25.0,113.0,1957-06-28 00:00:00+00:00,6,humpback_whale,23.965644587101963
57.07,-133.59,1993-08-19 00:00:00+00:00,8,humpback_whale,8.568546982207152
-23.0,113.0,1949-07-28 00:00:00+00:00,7,humpback_whale,25.10781145306689
57.07,-133.59,2008-09-18 00:00:00+00:00,9,humpback_whale,8.568546982207152
-37.113537,150.0066,2025-10-07 00:00:00+00:00,10,humpback_whale,17.675932209959864
-25.1,153.0,2024-09-09 00:00:00+00:00,9,humpback_whale,23.67742235405331
36.3703,-122.3148,2018-12-06 00:00:00+00:00,12,humpback_whale,14.157834182745656
20.7,-105.3575,2007-02-05 00:00:00+00:00,2,humpback_whale,27.812370445680475
-23.0,113.0,1954-07-25 00:00:00+00:00,7,humpback_whale,25.10781145306689
34.08532,-120.523,2020-02-22 00:00:00+00:00,2,humpback_whale,15.500607145061108
59.843862,-149.711218,2025-06-13 00:00:00+00:00,6,humpback_whale,8.473631687772428
43.2998,-124.6478,2024-07-19 00:00:00+00:00,7,humpback_whale,11.996730892645289
-25.0,113.0,1957-08-26 00:00:00+00:00,8,humpback_whale,23.965644587101963
20.75,-69.8,2005-03-07 00:00:00+00:00,3,humpback_whale,27.537056757150538
36.639157,-122.106802,2020-03-06 00:00:00+00:00,3,humpback_whale,13.589257615493592
-29.0667,168.017,1958-10-01 00:00:00+00:00,10,humpback_whale,21.212800651502164
-20.329963,116.808691,1990-08-17 00:00:00+00:00,8,humpback_whale,26.446416905325876
33.849,-120.118,2018-11-16 00:00:00+00:00,11,humpback_whale,15.922906577281346
44.4167,-66.7333,1985-09-03 00:00:00+00:00,9,humpback_whale,9.309492590937028
-25.0,113.0,1958-08-13 00:00:00+00:00,8,humpback_whale,23.965644587101963
-20.3252,116.758359,1990-08-10 00:00:00+00:00,8,humpback_whale,26.466059297632704
-24.95,113.35,1953-09-03 00:00:00+00:00,9,humpback_whale,23.36861351423351
65.669443,-21.584232,2025-08-05 00:00:00+00:00,8,humpback_whale,5.92075278527058
20.699883,-105.355733,2020-01-16 00:00:00+00:00,1,humpback_whale,27.812370445680475
-25.0,153.1,2002-09-13 00:00:00+00:00,9,humpback_whale,23.69705524327376
21.321667,-71.221667,2014-01-28 00:00:00+00:00,1,humpback_whale,27.433416853070682
42.25553,-70.1789733,2019-10-28 00:00:00+00:00,10,humpback_whale,11.79477371902381
-23.0,113.0,1928-09-20 00:00:00+00:00,9,humpback_whale,25.10781145306689
36.795,-121.879,2023-07-02 00:00:00+00:00,7,humpback_whale,13.17253455013172
-25.0,113.0,1957-07-07 00:00:00+00:00,7,humpback_whale,23.965644587101963
-35.17413,150.68415,2006-06-10 00:00:00+00:00,6,humpback_whale,19.67684294816669
34.2205,-119.8648,2010-06-20 00:00:00+00:00,6,humpback_whale,15.734301696343346
-28.441517,32.490683,2019-09-11 00:00:00+00:00,9,humpback_whale,24.65660075428594
58.13,-135.48,2022-09-17 00:00:00+00:00,9,humpback_whale,8.805891632031475
-28.6,153.6,2014-06-22 00:00:00+00:00,6,humpback_whale,22.722403334324614
42.25539,-70.178843,2019-03-01 00:00:00+00:00,3,humpback_whale,11.79477371902381
36.613771,-122.028129,2020-07-19 00:00:00+00:00,7,humpback_whale,13.462519673338019
-23.0,113.0,1952-07-12 00:00:00+00:00,7,humpback_whale,25.10781145306689
49.033704,-123.366074,2025-07-15 00:00:00+00:00,7,humpback_whale,10.858204515635178
-23.770686,35.577735,2019-08-13 00:00:00+00:00,8,humpback_whale,25.99766817673897
-23.0,113.0,1926-07-06 00:00:00+00:00,7,humpback_whale,25.10781145306689
-23.0,113.0,1928-08-29 00:00:00+00:00,8,humpback_whale,25.10781145306689
36.37021,-122.314903,2019-09-17 00:00:00+00:00,9,humpback_whale,14.157834182745656
33.849,-120.118,2018-12-13 00:00:00+00:00,12,humpback_whale,15.922906577281346
59.53,-151.6,2004-07-03 00:00:00+00:00,7,humpback_whale,7.417041880254164
-23.0,113.0,1954-07-08 00:00:00+00:00,7,humpback_whale,25.10781145306689
-24.8333,113.35,1955-07-25 00:00:00+00:00,7,humpback_whale,23.453926403850545
49.199999,-126.1,2010-08-24 00:00:00+00:00,8,humpback_whale,10.949350220243105
20.65945,-105.338367,2021-02-11 00:00:00+00:00,2,humpback_whale,27.812370445680475
-23.0,113.0,1927-08-08 00:00:00+00:00,8,humpback_whale,25.10781145306689
-23.0,113.0,1952-08-25 00:00:00+00:00,8,humpback_whale,25.10781145306689
36.8781,-121.9473,2012-10-14 00:00:00+00:00,10,humpback_whale,13.034909381266479
-20.71,149.06,2001-08-17 00:00:00+00:00,8,humpback_whale,24.917373248673705
-25.0167,113.3,1955-07-05 00:00:00+00:00,7,humpback_whale,23.269955186956665
56.47,-134.15,2021-07-25 00:00:00+00:00,7,humpback_whale,8.687176546137344
8.7292223523,-83.7904641777,2025-08-11 00:00:00+00:00,8,humpback_whale,28.800754772111937
50.5098,-55.4719,2013-07-24 00:00:00+00:00,7,humpback_whale,3.418682612061842
-27.0,153.45,1956-07-10 00:00:00+00:00,7,humpback_whale,23.779196205100526
-29.0,154.0,1962-09-11 00:00:00+00:00,9,humpback_whale,24.373418970748475
59.53,-151.6,2015-08-21 00:00:00+00:00,8,humpback_whale,7.417041880254164
22.020719,-159.908369,2019-03-22 00:00:00+00:00,3,humpback_whale,25.552624874196137
36.8,-122.0,2021-10-09 00:00:00+00:00,10,humpback_whale,13.194764080169147
77.57,11.35,2011-06-24 00:00:00+00:00,6,humpback_whale,4.938000640541405
51.4,-55.3,1978-07-01 00:00:00+00:00,7,humpback_whale,2.80150647454079
72.55,15.67,2015-05-31 00:00:00+00:00,5,humpback_whale,7.497802590728479
-23.0,113.0,1949-09-10 00:00:00+00:00,9,humpback_whale,25.10781145306689
20.7,-105.438167,2013-02-15 00:00:00+00:00,2,humpback_whale,27.801512991832407
-27.1,153.483,1955-06-23 00:00:00+00:00,6,humpback_whale,24.073411139449295
22.930519,-110.083923,2023-12-03 00:00:00+00:00,12,humpback_whale,25.232923779391943
77.08,13.75,1996-09-12 00:00:00+00:00,9,humpback_whale,3.810890151784
54.0,-57.0,1992-07-01 00:00:00+00:00,7,humpback_whale,2.385162226654657
-64.58,-61.63,2024-01-23 00:00:00+00:00,1,humpback_whale,0.02742130648223515
-28.9833,168.0,1957-07-08 00:00:00+00:00,7,humpback_whale,21.217268325455958
18.9563,121.8201,2004-04-01 00:00:00+00:00,4,humpback_whale,28.20641457586973
-24.85,113.3,1953-06-26 00:00:00+00:00,6,humpback_whale,23.55465026191278
-25.0333,113.283,1951-09-28 00:00:00+00:00,9,humpback_whale,23.269955186956665
-38.518586,145.067415,2022-07-10 00:00:00+00:00,7,humpback_whale,16.249927049995776
-35.0333,117.95,1956-07-25 00:00:00+00:00,7,humpback_whale,18.947321401442032
-23.0,113.0,1925-07-19 00:00:00+00:00,7,humpback_whale,25.10781145306689
-25.0,113.0,1962-07-07 00:00:00+00:00,7,humpback_whale,23.965644587101963
-34.686869,150.871794,2024-10-15 00:00:00+00:00,10,humpback_whale,20.13764491282312
59.53,-151.6,2002-07-16 00:00:00+00:00,7,humpback_whale,7.417041880254164
48.0,-53.5,1992-07-01 00:00:00+00:00,7,humpback_whale,5.723467430880124
-23.008421,-42.036266,2023-08-11 00:00:00+00:00,8,humpback_whale,23.093502099365253
42.255235,-70.1796283,2020-02-14 00:00:00+00:00,2,humpback_whale,11.79477371902381
20.75,-69.8,1984-03-01 00:00:00+00:00,3,humpback_whale,27.537056757150538
-25.1333,113.3,1952-08-10 00:00:00+00:00,8,humpback_whale,23.1338172753999
-23.0,113.0,1927-09-11 00:00:00+00:00,9,humpback_whale,25.10781145306689
-25.0,113.0,1956-08-27 00:00:00+00:00,8,humpback_whale,23.965644587101963
-23.0,113.0,1954-07-29 00:00:00+00:00,7,humpback_whale,25.10781145306689
8.716449,-83.784571,2022-01-06 00:00:00+00:00,1,humpback_whale,28.800754772111937
20.7,-105.4,2018-01-07 00:00:00+00:00,1,humpback_whale,27.81614806999194
42.333,-70.083,1979-04-25 00:00:00+00:00,4,humpback_whale,11.939124308121476
76.83,14.45,2006-07-28 00:00:00+00:00,7,humpback_whale,3.164385715895519
-15.41985,124.37311,1997-08-06 00:00:00+00:00,8,humpback_whale,28.872846553185962
-24.85,113.317,1954-08-06 00:00:00+00:00,8,humpback_whale,23.453926403850545
20.7,-105.4,2023-01-26 00:00:00+00:00,1,humpback_whale,27.81614806999194
20.578167,-105.307667,2018-02-06 00:00:00+00:00,2,humpback_whale,27.861518546957093
-24.8833,113.4,1952-07-19 00:00:00+00:00,7,humpback_whale,23.293492443596094
-23.0,113.0,1928-07-22 00:00:00+00:00,7,humpback_whale,25.10781145306689
-37.096025,149.943152,2023-11-02 00:00:00+00:00,11,humpback_whale,17.614648332695477
-29.0,154.0,1957-09-06 00:00:00+00:00,9,humpback_whale,24.373418970748475
34.2261,-119.4603,2012-10-06 00:00:00+00:00,10,humpback_whale,14.816312426599769
50.799073,1.574158,2025-01-16 00:00:00+00:00,1,humpback_whale,12.814619310656393
-23.0,113.0,1925-09-02 00:00:00+00:00,9,humpback_whale,25.10781145306689
42.4,-70.467,1977-10-28 00:00:00+00:00,10,humpback_whale,11.671749601347408
-23.0,113.0,1926-09-01 00:00:00+00:00,9,humpback_whale,25.10781145306689
36.37021,-122.314903,2019-10-05 00:00:00+00:00,10,humpback_whale,14.157834182745656
34.1138,-120.1045,2011-08-09 00:00:00+00:00,8,humpback_whale,15.67778120682874
-18.55,-174.0,2002-08-31 00:00:00+00:00,8,humpback_whale,27.077615159308863
-43.356264,147.34176,2025-10-14 00:00:00+00:00,10,humpback_whale,14.323530783532581
36.3703,-122.3148,2018-12-08 00:00:00+00:00,12,humpback_whale,14.157834182745656
-28.0,153.5,2013-07-25 00:00:00+00:00,7,humpback_whale,23.2225035047931
-17.52,-149.76,2021-10-27 00:00:00+00:00,10,humpback_whale,27.710541480413198
36.8,-122.0,2021-07-16 00:00:00+00:00,7,humpback_whale,13.194764080169147
-23.0,113.0,1954-09-07 00:00:00+00:00,9,humpback_whale,25.10781145306689
-2.2679,-81.0176,2009-09-01 00:00:00+00:00,9,humpback_whale,24.544441968824614
-42.0,175.0,1951-06-23 00:00:00+00:00,6,humpback_whale,14.17991032802613
-36.25515,150.22978,1988-10-30 00:00:00+00:00,10,humpback_whale,19.093177699809015
42.4713583,-70.2427633,2019-05-14 00:00:00+00:00,5,humpback_whale,11.79562746214571
-19.034949,-169.928965,2025-08-05 00:00:00+00:00,8,humpback_whale,27.12124543568896
-64.5088,-61.7513,2024-01-03 00:00:00+00:00,1,humpback_whale,-0.04840822490434905
-23.0,113.0,1925-08-28 00:00:00+00:00,8,humpback_whale,25.10781145306689
42.4709883,-70.2423467,2019-12-06 00:00:00+00:00,12,humpback_whale,11.79562746214571
-26.9833,153.467,1957-08-02 00:00:00+00:00,8,humpback_whale,23.779196205100526
-32.835013,17.753462,2025-12-27 00:00:00+00:00,12,humpback_whale,15.143509381221318
-23.0,113.0,1950-09-02 00:00:00+00:00,9,humpback_whale,25.10781145306689
-23.0,113.0,1954-07-21 00:00:00+00:00,7,humpback_whale,25.10781145306689
20.7,-105.4,2022-02-10 00:00:00+00:00,2,humpback_whale,27.81614806999194
-42.0,175.0,1950-06-02 00:00:00+00:00,6,humpback_whale,14.17991032802613
-35.0667,118.167,1961-07-15 00:00:00+00:00,7,humpback_whale,19.356812545021835
20.8466,-156.7333,2004-02-20 00:00:00+00:00,2,humpback_whale,25.62388520173788
-25.1167,113.317,1952-06-18 00:00:00+00:00,6,humpback_whale,23.09388116844957
-22.04361,114.158638,2023-09-09 00:00:00+00:00,9,humpback_whale,24.858321148993326
42.117,-70.333,1978-05-03 00:00:00+00:00,5,humpback_whale,11.651609902147746
-25.0,113.0,1959-08-23 00:00:00+00:00,8,humpback_whale,23.965644587101963
-27.0,154.0,1958-07-19 00:00:00+00:00,7,humpback_whale,24.80329320014572
-24.8833,113.533,1953-08-05 00:00:00+00:00,8,humpback_whale,23.036742107409086
66.4,-19.0,1993-07-01 00:00:00+00:00,7,humpback_whale,6.083775549862497
20.739319,-156.522732,2019-12-28 00:00:00+00:00,12,humpback_whale,25.558986679126694
20.648783,-105.2762,2017-12-20 00:00:00+00:00,12,humpback_whale,27.845044330654066
-23.0,113.0,1927-08-10 00:00:00+00:00,8,humpback_whale,25.10781145306689
-27.0333,153.483,1956-07-15 00:00:00+00:00,7,humpback_whale,24.04629991040245
23.812235,-109.708274,2014-03-08 00:00:00+00:00,3,humpback_whale,25.884043114467985
48.4138,-123.4001,2014-10-21 00:00:00+00:00,10,humpback_whale,11.119467632569368
57.04002,-135.516761,2023-08-07 00:00:00+00:00,8,humpback_whale,9.290465706165703
74.12,17.82,1997-07-11 00:00:00+00:00,7,humpback_whale,4.94367074513243
36.8,-122.0,2018-10-06 00:00:00+00:00,10,humpback_whale,13.194764080169147
-64.887528,-59.882629,2023-02-08 00:00:00+00:00,2,humpback_whale,-1.178848568145123
-26.82165,32.987383,2018-09-25 00:00:00+00:00,9,humpback_whale,25.03601612319775
44.8,-50.0,1982-07-01 00:00:00+00:00,7,humpback_whale,7.811201601696402
-27.0,154.0,1959-07-09 00:00:00+00:00,7,humpback_whale,24.80329320014572
-23.0,113.0,1950-08-18 00:00:00+00:00,8,humpback_whale,25.10781145306689
20.689067,-105.520633,2005-01-26 00:00:00+00:00,1,humpback_whale,27.8353483191777
-29.0,154.0,1959-07-26 00:00:00+00:00,7,humpback_whale,24.373418970748475
-25.0,113.0,1962-08-03 00:00:00+00:00,8,humpback_whale,23.965644587101963
66.09,-22.77,2024-08-11 00:00:00+00:00,8,humpback_whale,4.914685023292858
-18.0109,122.087,2015-07-28 00:00:00+00:00,7,humpback_whale,27.851478691015075
20.5485,-105.328,2018-03-07 00:00:00+00:00,3,humpback_whale,27.865126990537778
-25.0,113.0,1956-09-07 00:00:00+00:00,9,humpback_whale,23.965644587101963
-28.0,153.5,2008-08-18 00:00:00+00:00,8,humpback_whale,23.2225035047931
36.798,-121.976,2018-11-29 00:00:00+00:00,11,humpback_whale,13.194764080169147
-24.8833,113.5,1955-07-22 00:00:00+00:00,7,humpback_whale,23.073560094056223
43.967,-67.117,1976-06-25 00:00:00+00:00,6,humpback_whale,9.60941044419249
-21.17087,55.231361,2022-07-14 00:00:00+00:00,7,humpback_whale,26.158139149340577
34.0438,-120.081,2020-12-25 00:00:00+00:00,12,humpback_whale,15.7135068413379
59.53,-151.6,2015-08-01 00:00:00+00:00,8,humpback_whale,7.417041880254164
42.52694,141.323969,2016-06-23 00:00:00+00:00,6,humpback_whale,11.236689714064996
64.7,10.85,2008-04-24 00:00:00+00:00,4,humpback_whale,9.257026545701155
37.4,-122.75,2003-09-23 00:00:00+00:00,9,humpback_whale,12.949902347347296
-23.0,113.0,1952-07-13 00:00:00+00:00,7,humpback_whale,25.10781145306689
36.8,-122.0,2003-08-06 00:00:00+00:00,8,humpback_whale,13.194764080169147
-21.347711,55.227752,2024-07-22 00:00:00+00:00,7,humpback_whale,26.169165317550657
15.7451535597,-96.1060791397,2025-03-16 00:00:00+00:00,3,humpback_whale,28.8040253049424
-25.0667,113.433,1954-08-29 00:00:00+00:00,8,humpback_whale,23.02427646152297
34.018,-119.3168,2021-10-12 00:00:00+00:00,10,humpback_whale,15.93308967054115
-12.693418,45.231364,2012-09-21 00:00:00+00:00,9,humpback_whale,27.9674188317377
-27.0167,153.467,1956-07-03 00:00:00+00:00,7,humpback_whale,23.753711430519267
-23.0,113.0,1927-08-04 00:00:00+00:00,8,humpback_whale,25.10781145306689
36.8,-122.0,2021-09-14 00:00:00+00:00,9,humpback_whale,13.194764080169147
-42.0,175.0,1959-07-13 00:00:00+00:00,7,humpback_whale,14.17991032802613
20.736217,-105.5536,2002-01-12 00:00:00+00:00,1,humpback_whale,27.831668482793546
-29.73236,153.34784,2005-07-25 00:00:00+00:00,7,humpback_whale,22.57758896565541
-28.6,153.6,2009-10-25 00:00:00+00:00,10,humpback_whale,22.722403334324614
20.67836,-105.6202,2006-02-04 00:00:00+00:00,2,humpback_whale,27.86798506935247
33.8489,-120.1175,2019-04-16 00:00:00+00:00,4,humpback_whale,15.922906577281346
-23.0,113.0,1954-09-09 00:00:00+00:00,9,humpback_whale,25.10781145306689
-26.95,153.467,1956-08-08 00:00:00+00:00,8,humpback_whale,23.812952732628762
-64.8,-64.07,2019-02-07 00:00:00+00:00,2,humpback_whale,-0.5408705533330747
59.699974,-149.519806,2017-07-13 00:00:00+00:00,7,humpback_whale,8.5131740465888
-23.0,113.0,1927-07-18 00:00:00+00:00,7,humpback_whale,25.10781145306689
-34.8333,118.517,1962-07-16 00:00:00+00:00,7,humpback_whale,19.175994268201453
59.5,-44.0,1992-07-01 00:00:00+00:00,7,humpback_whale,4.111252089158853
48.3938,-124.62067,2021-01-08 00:00:00+00:00,1,humpback_whale,11.572260341128889
20.712233,-105.407417,2019-02-08 00:00:00+00:00,2,humpback_whale,27.819237124848975
-24.9667,113.433,1955-08-02 00:00:00+00:00,8,humpback_whale,23.100798279951444
-25.0,113.0,1958-07-02 00:00:00+00:00,7,humpback_whale,23.965644587101963
-34.089137,23.447742,2007-06-04 00:00:00+00:00,6,humpback_whale,17.60096100334887
49.230675,-68.127937,2023-10-03 00:00:00+00:00,10,humpback_whale,4.855652721221876
58.319376,-135.672054,2025-06-22 00:00:00+00:00,6,humpback_whale,8.757557514529465
36.798,-122.9758,2021-11-07 00:00:00+00:00,11,humpback_whale,14.270739103183066
-64.683333,-62.033333,2026-03-23 00:00:00+00:00,3,humpback_whale,-0.04704141127770824
20.7,-105.4,2019-03-06 00:00:00+00:00,3,humpback_whale,27.81614806999194
64.7833,-24.55,1993-06-27 00:00:00+00:00,6,humpback_whale,7.883461601473841
58.39,-134.88,2024-09-19 00:00:00+00:00,9,humpback_whale,8.433850709652218
51.4,-55.3,1993-07-01 00:00:00+00:00,7,humpback_whale,2.80150647454079
-35.0,118.0,1953-07-15 00:00:00+00:00,7,humpback_whale,18.9539232152173
20.66935,-105.435333,2004-02-11 00:00:00+00:00,2,humpback_whale,27.801512991832407
-25.0,153.1,2001-09-24 00:00:00+00:00,9,humpback_whale,23.69705524327376
-29.0,154.0,1959-07-14 00:00:00+00:00,7,humpback_whale,24.373418970748475
-25.0,113.0,1958-09-30 00:00:00+00:00,9,humpback_whale,23.965644587101963
36.83,-75.94,2012-02-04 00:00:00+00:00,2,humpback_whale,16.872419518285586
46.196119,147.284092,2025-07-23 00:00:00+00:00,7,humpback_whale,5.986990316695548
20.7,-105.4,2021-03-11 00:00:00+00:00,3,humpback_whale,27.81614806999194
-35.0833,118.117,1957-07-09 00:00:00+00:00,7,humpback_whale,19.3074823225593
-27.0,153.467,1954-09-12 00:00:00+00:00,9,humpback_whale,23.779196205100526
46.65,-53.3333,1983-06-21 00:00:00+00:00,6,humpback_whale,5.641724730626543
44.343889,-66.340278,2025-07-20 00:00:00+00:00,7,humpback_whale,9.62461488166649
-26.95,153.467,1954-08-22 00:00:00+00:00,8,humpback_whale,23.812952732628762
20.7,-105.4,2006-02-23 00:00:00+00:00,2,humpback_whale,27.81614806999194
-23.0,113.0,1955-07-12 00:00:00+00:00,7,humpback_whale,25.10781145306689
-27.0167,153.483,1957-07-10 00:00:00+00:00,7,humpback_whale,24.04629991040245
44.6167,-50.3333,1982-07-07 00:00:00+00:00,7,humpback_whale,8.270801002668176
-27.0,154.0,1952-10-07 00:00:00+00:00,10,humpback_whale,24.80329320014572
-33.851025,151.390915,2024-06-19 00:00:00+00:00,6,humpback_whale,20.729533662809008
-40.40161573,171.0896117,1970-01-27 00:00:00+00:00,1,humpback_whale,16.3171871335464
34.1396,-119.8886,2012-07-18 00:00:00+00:00,7,humpback_whale,15.840842263975366
20.659167,-105.3695,2018-01-02 00:00:00+00:00,1,humpback_whale,27.81614806999194
43.65,-66.4333,1999-08-20 00:00:00+00:00,8,humpback_whale,9.592163989931118
-23.044338,-43.196869,2024-06-29 00:00:00+00:00,6,humpback_whale,22.492952733018964
-12.679415,45.230636,2013-09-03 00:00:00+00:00,9,humpback_whale,27.9674188317377
4.378794,8.712969,2020-08-24 00:00:00+00:00,8,humpback_whale,28.763007981116843
-26.9667,153.533,1955-07-18 00:00:00+00:00,7,humpback_whale,24.133386085068786
-37.10026,149.94472,2013-10-30 00:00:00+00:00,10,humpback_whale,17.614648332695477
75.78,14.97,2003-08-17 00:00:00+00:00,8,humpback_whale,5.1545059218152725
-20.449963,116.65907,1991-08-13 00:00:00+00:00,8,humpback_whale,26.327201843504845
-27.05,153.5,1955-07-27 00:00:00+00:00,7,humpback_whale,24.04629991040245
20.7,-105.4,2019-12-17 00:00:00+00:00,12,humpback_whale,27.81614806999194
-12.682095,45.230626,2022-07-23 00:00:00+00:00,7,humpback_whale,27.9674188317377
-42.0,175.0,1948-07-06 00:00:00+00:00,7,humpback_whale,14.17991032802613
20.6985,-105.461667,2017-12-08 00:00:00+00:00,12,humpback_whale,27.801512991832407
-23.029029,-70.466309,2023-03-18 00:00:00+00:00,3,humpback_whale,16.84832389176352
74.7,17.48,2013-07-01 00:00:00+00:00,7,humpback_whale,4.48408538505946
59.53,-151.6,2002-07-17 00:00:00+00:00,7,humpback_whale,7.417041880254164
-25.0,153.1,1999-08-18 00:00:00+00:00,8,humpback_whale,23.69705524327376
-64.62,-62.54,2024-03-14 00:00:00+00:00,3,humpback_whale,-0.3015838942594825
21.5275,-105.400333,2018-01-09 00:00:00+00:00,1,humpback_whale,27.81509932897961
48.6875,-125.0,2005-06-14 00:00:00+00:00,6,humpback_whale,11.38791191867546
33.84888,-120.117,2020-03-18 00:00:00+00:00,3,humpback_whale,15.922906577281346
42.424,-70.363,1989-10-01 00:00:00+00:00,10,humpback_whale,11.713256779527997
42.25541,-70.178607,2018-12-31 00:00:00+00:00,12,humpback_whale,11.79477371902381
-16.45,-39.0,2021-09-05 00:00:00+00:00,9,humpback_whale,26.496982274347623
-27.1667,153.5,1953-06-26 00:00:00+00:00,6,humpback_whale,24.094512880671957
-27.0,154.0,1953-08-21 00:00:00+00:00,8,humpback_whale,24.80329320014572
-2.2679,-81.0176,2006-09-01 00:00:00+00:00,9,humpback_whale,24.544441968824614
-29.0,154.0,1956-07-05 00:00:00+00:00,7,humpback_whale,24.373418970748475
-42.0,175.0,1960-07-16 00:00:00+00:00,7,humpback_whale,14.17991032802613
57.07,-134.03,1996-07-21 00:00:00+00:00,7,humpback_whale,8.643992516807897
-2.2679,-81.0176,2007-09-01 00:00:00+00:00,9,humpback_whale,24.544441968824614
-28.6,153.66701,1954-09-30 00:00:00+00:00,9,humpback_whale,23.08399206275112
-25.1252,152.8878,2009-07-28 00:00:00+00:00,7,humpback_whale,23.647209029624978
33.55,-117.9,2015-08-28 00:00:00+00:00,8,humpback_whale,16.319582688085823
37.666667,-123.0,1986-09-20 00:00:00+00:00,9,humpback_whale,12.637615925344928
20.701917,-105.61135,2023-03-16 00:00:00+00:00,3,humpback_whale,27.85876308201088
-16.298943,122.847997,1996-10-01 00:00:00+00:00,10,humpback_whale,28.901803316259475
64.79522,-172.738258,2024-09-12 00:00:00+00:00,9,humpback_whale,1.4941708827305578
-25.0,113.0,1956-08-07 00:00:00+00:00,8,humpback_whale,23.965644587101963
-42.0,175.0,1954-05-28 00:00:00+00:00,5,humpback_whale,14.17991032802613
-27.0333,153.483,1957-08-06 00:00:00+00:00,8,humpback_whale,24.04629991040245
-16.45,-39.0,2023-07-25 00:00:00+00:00,7,humpback_whale,26.496982274347623
64.814892,-172.663328,2024-09-10 00:00:00+00:00,9,humpback_whale,1.4920058894945178
-27.0,154.0,1960-08-07 00:00:00+00:00,8,humpback_whale,24.80329320014572
34.1116,-120.0845,2009-08-18 00:00:00+00:00,8,humpback_whale,15.67778120682874
-25.0,113.0,1956-07-14 00:00:00+00:00,7,humpback_whale,23.965644587101963
-27.0,154.0,1960-07-14 00:00:00+00:00,7,humpback_whale,24.80329320014572
-28.5833,153.683,1954-09-20 00:00:00+00:00,9,humpback_whale,23.43256421653904
-21.28272,55.245097,2002-06-01 00:00:00+00:00,6,humpback_whale,26.164862705305712
-27.0,154.0,1959-07-05 00:00:00+00:00,7,humpback_whale,24.80329320014572
20.73,-105.527833,2005-03-04 00:00:00+00:00,3,humpback_whale,27.831668482793546
-16.45,-39.0,2023-08-01 00:00:00+00:00,8,humpback_whale,26.496982274347623
-25.0,113.0,1961-08-10 00:00:00+00:00,8,humpback_whale,23.965644587101963
36.6495,-121.9084,2019-10-30 00:00:00+00:00,10,humpback_whale,13.35308720033323
34.2201,-119.89,2012-05-29 00:00:00+00:00,5,humpback_whale,15.685203219001304
36.83842,-121.966047,2019-10-25 00:00:00+00:00,10,humpback_whale,13.065893945231153
34.0438,-120.08105,2019-04-02 00:00:00+00:00,4,humpback_whale,15.7135068413379
-23.0,113.0,1927-09-03 00:00:00+00:00,9,humpback_whale,25.10781145306689
-0.285,-91.37167,2001-08-16 00:00:00+00:00,8,humpback_whale,23.011771533550164
-27.15,153.483,1953-06-28 00:00:00+00:00,6,humpback_whale,24.10829615557421
-27.0,154.0,1958-07-10 00:00:00+00:00,7,humpback_whale,24.80329320014572
44.352,-66.441,1990-09-12 00:00:00+00:00,9,humpback_whale,9.61341186472697
-27.0,154.0,1958-07-13 00:00:00+00:00,7,humpback_whale,24.80329320014572
-27.0,154.0,1961-09-03 00:00:00+00:00,9,humpback_whale,24.80329320014572
-37.09468,149.93774,2013-10-20 00:00:00+00:00,10,humpback_whale,17.614648332695477
20.6706,-105.4263,2017-03-15 00:00:00+00:00,3,humpback_whale,27.801512991832407
50.9425,-55.7905,1993-08-29 00:00:00+00:00,8,humpback_whale,3.5644166938194615
36.6484,-121.9075,2020-05-10 00:00:00+00:00,5,humpback_whale,13.35308720033323
69.97,18.78,2014-12-08 00:00:00+00:00,12,humpback_whale,6.853213730015732
24.4,-110.4,2005-12-15 00:00:00+00:00,12,humpback_whale,25.566288655855658
-27.0333,153.483,1955-07-30 00:00:00+00:00,7,humpback_whale,24.04629991040245
54.0,-57.0,1983-07-01 00:00:00+00:00,7,humpback_whale,2.385162226654657
-25.0,113.0,1956-07-25 00:00:00+00:00,7,humpback_whale,23.965644587101963
20.74,-156.69,2021-02-15 00:00:00+00:00,2,humpback_whale,25.62824222390668
47.27,-52.8,2001-07-15 00:00:00+00:00,7,humpback_whale,5.310125440255107
-23.0,113.0,1954-06-26 00:00:00+00:00,6,humpback_whale,25.10781145306689
36.37021,-122.314903,2020-08-25 00:00:00+00:00,8,humpback_whale,14.157834182745656
-35.0333,117.967,1956-07-17 00:00:00+00:00,7,humpback_whale,18.988047000878787
-27.05,153.5,1955-07-08 00:00:00+00:00,7,humpback_whale,24.04629991040245
33.8489,-120.1174,2021-01-03 00:00:00+00:00,1,humpback_whale,15.922906577281346
-18.00726,-38.71301,2022-09-03 00:00:00+00:00,9,humpback_whale,25.992209342896828
-33.942773,18.299714,2024-12-11 00:00:00+00:00,12,humpback_whale,15.384515198298175
79.15,46.22,2012-08-13 00:00:00+00:00,8,humpback_whale,-0.5430588806731719
36.3703,-122.3148,2018-11-14 00:00:00+00:00,11,humpback_whale,14.157834182745656
-24.7833,113.467,1953-08-11 00:00:00+00:00,8,humpback_whale,23.16376263070714
47.6,-53.1,1993-07-01 00:00:00+00:00,7,humpback_whale,6.06605540437384
-65.18,-64.17,2012-03-08 00:00:00+00:00,3,humpback_whale,-0.5381844750672018
-29.0,154.0,1962-06-25 00:00:00+00:00,6,humpback_whale,24.373418970748475
44.2167,-49.8667,1982-06-20 00:00:00+00:00,6,humpback_whale,8.074182912852944
-25.0,113.0,1959-08-26 00:00:00+00:00,8,humpback_whale,23.965644587101963
48.4904,-125.0038,2021-10-03 00:00:00+00:00,10,humpback_whale,11.600807942586806
-16.45,-39.0,2023-08-15 00:00:00+00:00,8,humpback_whale,26.496982274347623
32.675045,-117.309561,2024-10-19 00:00:00+00:00,10,humpback_whale,16.32608134754149
-28.62,153.68,1998-06-29 00:00:00+00:00,6,humpback_whale,23.43163942122014
33.8489,-120.1175,2019-05-06 00:00:00+00:00,5,humpback_whale,15.922906577281346
-18.6,-173.9,2001-09-07 00:00:00+00:00,9,humpback_whale,27.014681289750314
43.97,-58.6,1992-07-17 00:00:00+00:00,7,humpback_whale,9.470235083583749
74.43,22.78,1996-09-05 00:00:00+00:00,9,humpback_whale,3.046116610391086
59.382655,-152.065201,2023-07-22 00:00:00+00:00,7,humpback_whale,7.695266993615015
-42.0,175.0,1958-06-20 00:00:00+00:00,6,humpback_whale,14.17991032802613
-27.0667,153.533,1957-08-01 00:00:00+00:00,8,humpback_whale,24.131137394908155
-16.45,-38.97,2025-08-21 00:00:00+00:00,8,humpback_whale,26.496982274347623
-27.0,154.0,1961-06-29 00:00:00+00:00,6,humpback_whale,24.80329320014572
16.121687,-22.924347,2023-05-18 00:00:00+00:00,5,humpback_whale,24.478822854271574
-23.0,113.0,1926-08-04 00:00:00+00:00,8,humpback_whale,25.10781145306689
54.3333,-130.5833,2005-07-23 00:00:00+00:00,7,humpback_whale,9.764911628924915
20.655667,-105.324167,2018-02-14 00:00:00+00:00,2,humpback_whale,27.845639730089
-25.0,153.1,1995-09-14 00:00:00+00:00,9,humpback_whale,23.69705524327376
44.321085,-67.027588,2019-07-10 00:00:00+00:00,7,humpback_whale,9.32461870650972
-3.165,-80.4766667,1998-07-04 00:00:00+00:00,7,humpback_whale,23.56288108085722
-26.9833,153.517,1956-07-14 00:00:00+00:00,7,humpback_whale,24.01700620161922
-23.0,113.0,1928-07-25 00:00:00+00:00,7,humpback_whale,25.10781145306689
-25.0,113.0,1961-08-13 00:00:00+00:00,8,humpback_whale,23.965644587101963
20.7,-105.4,2009-02-07 00:00:00+00:00,2,humpback_whale,27.81614806999194
47.27,-52.8,2002-07-15 00:00:00+00:00,7,humpback_whale,5.310125440255107
-35.1167,118.0,1954-07-26 00:00:00+00:00,7,humpback_whale,19.24698972708662
-64.084,-61.223,2019-12-31 00:00:00+00:00,12,humpback_whale,-0.08245774818436087
26.290107,127.230237,2006-03-03 00:00:00+00:00,3,humpback_whale,25.385738123513104
41.466,-69.402,1990-08-29 00:00:00+00:00,8,humpback_whale,12.346872766773599
-23.0,113.0,1954-08-07 00:00:00+00:00,8,humpback_whale,25.10781145306689
34.1176,-119.3621,2009-03-12 00:00:00+00:00,3,humpback_whale,15.239665033144702
20.7,-105.4,2020-01-16 00:00:00+00:00,1,humpback_whale,27.81614806999194
-27.0,154.0,1959-06-16 00:00:00+00:00,6,humpback_whale,24.80329320014572
-64.609929,-62.17992,2020-02-26 00:00:00+00:00,2,humpback_whale,-0.14042312864007986
34.08523,-120.0957,2020-12-16 00:00:00+00:00,12,humpback_whale,15.722542350353882
36.608333,-122.016667,1998-10-27 00:00:00+00:00,10,humpback_whale,13.452987297223
-23.0,113.0,1927-07-21 00:00:00+00:00,7,humpback_whale,25.10781145306689
-21.798383,114.234532,2005-08-22 00:00:00+00:00,8,humpback_whale,25.38127183216107
42.145,-70.311,1988-05-13 00:00:00+00:00,5,humpback_whale,11.651609902147746
-16.45,-38.9,2014-07-26 00:00:00+00:00,7,humpback_whale,26.265852968453533
65.669443,-21.584232,2025-08-18 00:00:00+00:00,8,humpback_whale,5.92075278527058
-42.195,148.257,2024-06-27 00:00:00+00:00,6,humpback_whale,14.82980818860541
-35.1333,118.05,1961-06-27 00:00:00+00:00,6,humpback_whale,19.2798714364263
36.8,-122.0,2020-07-20 00:00:00+00:00,7,humpback_whale,13.194764080169147
-21.763311,114.078789,2007-09-08 00:00:00+00:00,9,humpback_whale,25.44520599266307
-25.0,113.0,1957-06-20 00:00:00+00:00,6,humpback_whale,23.965644587101963
64.815323,-172.661368,2024-09-10 00:00:00+00:00,9,humpback_whale,1.4920058894945178
20.78817,-156.649,2025-01-21 00:00:00+00:00,1,humpback_whale,25.602444701931553
-25.0,113.0,1959-08-29 00:00:00+00:00,8,humpback_whale,23.965644587101963
-27.0,154.0,1958-07-28 00:00:00+00:00,7,humpback_whale,24.80329320014572
-25.0,113.0,1956-08-04 00:00:00+00:00,8,humpback_whale,23.965644587101963
25.765833,-111.207778,2025-02-05 00:00:00+00:00,2,humpback_whale,24.74376845942455
20.7,-105.4,2018-03-14 00:00:00+00:00,3,humpback_whale,27.81614806999194
-42.0,175.0,1959-06-12 00:00:00+00:00,6,humpback_whale,14.17991032802613
59.240572,-135.382724,2022-09-16 00:00:00+00:00,9,humpback_whale,7.90330789033588
-23.0,113.0,1953-08-17 00:00:00+00:00,8,humpback_whale,25.10781145306689
-25.0,113.0,1959-08-15 00:00:00+00:00,8,humpback_whale,23.965644587101963
36.763683,-121.873108,2024-09-02 00:00:00+00:00,9,humpback_whale,13.17253455013172
20.8086330967,-156.7384231277,2018-04-04 00:00:00+00:00,4,humpback_whale,25.62388520173788
40.5,-73.8,2025-05-18 00:00:00+00:00,5,humpback_whale,13.594558047193514
48.403132,-124.193298,2016-09-08 00:00:00+00:00,9,humpback_whale,11.383171387643621
48.41085,-122.712163,2024-08-05 00:00:00+00:00,8,humpback_whale,11.153251953691562
-12.551111,45.035,2006-07-14 00:00:00+00:00,7,humpback_whale,27.926213088503733
-24.8667,113.233,1954-06-25 00:00:00+00:00,6,humpback_whale,23.55285952345851
-24.9167,113.3,1955-07-15 00:00:00+00:00,7,humpback_whale,23.451190188557756
-25.79817,113.84309,2009-10-02 14:45:00+00:00,10,green_sea_turtle,22.56670531802122
-25.82112,113.72971,2013-11-03 10:30:00+00:00,11,green_sea_turtle,22.50726792468418
-25.85478,113.73092,2011-11-21 10:20:00+00:00,11,green_sea_turtle,22.50726792468418
-9.933,144.033,1974-07-20 23:07:00+00:00,7,green_sea_turtle,27.733534096747874
-16.39,145.56,2011-04-19 00:00:00+00:00,4,green_sea_turtle,26.47683484798703
6.030342,-53.731908,2017-10-06 00:00:00+00:00,10,manta_ray,27.40777993497071
5.933245,-53.345055,2017-10-05 00:00:00+00:00,10,manta_ray,27.319734765445354
5.748765,-53.115867,2017-10-05 00:00:00+00:00,10,manta_ray,27.483215151952198
5.22052,-52.27209,2008-10-08 00:00:00+00:00,10,manta_ray,27.66127277098345
5.926385,-53.336807,2017-10-05 00:00:00+00:00,10,manta_ray,27.319734765445354
-17.90074,-149.50407,2011-01-18 00:00:00+00:00,1,manta_ray,27.57513690226803
24.4701136,124.1706971,2006-05-06 00:00:00+00:00,5,manta_ray,26.081256485132158
5.961007,-53.378807,2017-10-05 00:00:00+00:00,10,manta_ray,27.313481992689372
5.838132,-53.586162,2017-09-30 00:00:00+00:00,9,manta_ray,27.630655803019913
5.539325,-52.821217,2017-09-26 00:00:00+00:00,9,manta_ray,28.041008216865958
18.7805,-111.044667,2023-04-25 00:00:00+00:00,4,manta_ray,26.35566927657043
-10.00031,-140.05034,2011-04-13 00:00:00+00:00,4,manta_ray,28.01711290227584
-20.05089,163.700442,2014-11-11 00:00:00+00:00,11,manta_ray,26.034912394882678
5.637852,-52.800023,2017-09-27 00:00:00+00:00,9,manta_ray,27.51220501320822
5.497047,-52.726877,2017-10-05 00:00:00+00:00,10,manta_ray,27.764482146144815
5.935905,-53.069853,2017-10-05 00:00:00+00:00,10,manta_ray,27.362517483287395
-9.36996,-140.60445,2011-04-28 00:00:00+00:00,4,manta_ray,27.981910606642103
-12.33377,46.45918,2009-12-21 00:00:00+00:00,12,manta_ray,28.114044132269576
5.83949,-52.90968,2008-10-01 00:00:00+00:00,10,manta_ray,27.44532578097835
5.951083,-53.052398,2017-10-05 00:00:00+00:00,10,manta_ray,27.430193482072482
19.3288,-110.792778,2023-04-19 00:00:00+00:00,4,manta_ray,26.09398228394656
5.79746,-53.176122,2017-10-05 00:00:00+00:00,10,manta_ray,27.43390358796456
6.601407,-53.13332,2017-09-30 00:00:00+00:00,9,manta_ray,27.739363315636215
5.531457,-52.816113,2017-10-01 00:00:00+00:00,10,manta_ray,28.041008216865958
15.459993,-62.10891,2017-09-04 00:00:00+00:00,9,manta_ray,27.992082641320202
-8.75,116.58333,2009-10-05 00:00:00+00:00,10,manta_ray,28.96357901825601
-17.2044,43.41989,2010-02-09 00:00:00+00:00,2,manta_ray,27.973804696254167
19.33,-110.81,2014-04-07 00:00:00+00:00,4,manta_ray,26.09398228394656
-22.198605,166.108548,2014-10-16 00:00:00+00:00,10,manta_ray,24.74420879111673
4.004528,-81.603356,2021-03-17 00:00:00+00:00,3,manta_ray,27.353508979968616
5.823695,-53.368813,2017-10-01 00:00:00+00:00,10,manta_ray,27.430357466320075
-9.55165,-140.11203,2011-05-03 00:00:00+00:00,5,manta_ray,27.95844360054114
-9.1428,-140.34619,2011-05-03 00:00:00+00:00,5,manta_ray,27.933067595455437
-18.230417,-178.689083,2002-10-30 00:00:00+00:00,10,manta_ray,27.204711557690285
5.814038,-53.209823,2017-10-05 00:00:00+00:00,10,manta_ray,27.38649011353191
-13.23346,-176.233842,2014-12-18 00:00:00+00:00,12,manta_ray,29.051495344011123
4.0044528,-81.6033556,2020-02-27 00:00:00+00:00,2,manta_ray,27.353508979968616
-3.69853,56.32313,2010-04-05 00:00:00+00:00,4,manta_ray,28.69105192931748
-27.4455562636,32.7865799341,2012-06-21 00:00:00+00:00,6,manta_ray,24.988148668254112
-22.86422,166.550318,2014-11-18 00:00:00+00:00,11,manta_ray,24.737179139243437
-12.10827,96.87809,2017-04-28 00:00:00+00:00,4,manta_ray,27.826140718014397
-20.535285,165.01773,2014-11-13 00:00:00+00:00,11,manta_ray,26.06308008677739
6.02129,-53.576255,2017-10-06 00:00:00+00:00,10,manta_ray,27.341292645501355
5.533582,-52.809877,2017-10-02 00:00:00+00:00,10,manta_ray,28.041008216865958
-4.76914,55.72219,2010-03-27 00:00:00+00:00,3,manta_ray,28.325052283674776
6.1299,-52.86047,2008-10-01 00:00:00+00:00,10,manta_ray,27.609672888574664
7.656258,-81.65285,2023-02-09 00:00:00+00:00,2,manta_ray,28.54360260822061
5.205872,-52.36634,2017-09-29 00:00:00+00:00,9,manta_ray,27.656619837926403
-11.11298,-140.92314,2011-04-26 00:00:00+00:00,4,manta_ray,28.10641033501368
5.825707,-53.196375,2017-10-05 00:00:00+00:00,10,manta_ray,27.378435716671124
5.57343,-52.855947,2017-09-27 00:00:00+00:00,9,manta_ray,27.630799062625776
5.76231,-52.92426,2008-10-01 00:00:00+00:00,10,manta_ray,27.452401262381123
5.554912,-52.83929,2017-09-26 00:00:00+00:00,9,manta_ray,27.630799062625776
-10.07675,-137.27582,2011-05-02 00:00:00+00:00,5,manta_ray,27.717808736793987
-12.16417,45.39775,2009-12-17 00:00:00+00:00,12,manta_ray,28.0192251249902
5.927547,-53.338175,2017-10-05 00:00:00+00:00,10,manta_ray,27.319734765445354
6.34237,-52.82983,2008-10-01 00:00:00+00:00,10,manta_ray,27.74346080109806
6.26776,-52.84087,2008-10-01 00:00:00+00:00,10,manta_ray,27.70784715869566
5.53153153,-87.03593076,2022-12-05 00:00:00+00:00,12,manta_ray,28.283221393041195
5.952597,-53.626268,2017-10-02 00:00:00+00:00,10,manta_ray,27.378420948373
-22.40271,-150.29869,2011-02-14 00:00:00+00:00,2,manta_ray,25.467436307866695
6.50859,-52.63225,2008-10-10 00:00:00+00:00,10,manta_ray,27.916670852365208
5.79462,-52.9181,2008-10-01 00:00:00+00:00,10,manta_ray,27.452401262381123
-8.9578,-140.21692,2011-04-27 00:00:00+00:00,4,manta_ray,27.91426881802726
6.28366,-52.83849,2008-10-01 00:00:00+00:00,10,manta_ray,27.70784715869566
6.16061,-52.28937,2008-09-29 00:00:00+00:00,9,manta_ray,27.916279576402264
5.531868,-52.815402,2017-10-01 00:00:00+00:00,10,manta_ray,28.041008216865958
-21.621638,165.446892,2014-10-31 00:00:00+00:00,10,manta_ray,25.076982960891335
-25.92840289,113.53502584,2022-10-19 00:00:00+00:00,10,manta_ray,22.39818217680384
6.01542,-52.977915,2017-10-05 00:00:00+00:00,10,manta_ray,27.487785756200292
-35.9214724334,174.6411044865,2022-02-16 00:00:00+00:00,2,manta_ray,17.912653754298685
6.34759,-52.82914,2008-10-01 00:00:00+00:00,10,manta_ray,27.74346080109806
27.0966945666,33.9245825307,2009-01-04 00:00:00+00:00,1,manta_ray,25.929727629379578
6.19554,-52.85105,2008-10-01 00:00:00+00:00,10,manta_ray,27.666631985760514
5.945003,-53.359313,2017-10-05 00:00:00+00:00,10,manta_ray,27.348542330351858
5.814628,-53.209155,2017-10-05 00:00:00+00:00,10,manta_ray,27.38649011353191
-21.518317,164.636475,2014-11-16 00:00:00+00:00,11,manta_ray,25.42510386502825
7.6289315051,98.2927697261,2021-06-20 00:00:00+00:00,6,manta_ray,29.5794948820777
-13.92675,-144.56067,2011-04-09 00:00:00+00:00,4,manta_ray,28.174306146707778
5.4846345941,-87.106827688,2019-07-11 00:00:00+00:00,7,manta_ray,28.274061790092734
-9.8062,-138.8838,2011-04-23 00:00:00+00:00,4,manta_ray,27.88932669298089
-21.291082,164.892877,2014-11-02 00:00:00+00:00,11,manta_ray,25.148798574498777
5.570418,-52.85705,2017-09-26 00:00:00+00:00,9,manta_ray,27.630799062625776
-16.9731,-143.08667,2011-04-08 00:00:00+00:00,4,manta_ray,27.540039855082952
-17.24537,43.17889,2010-01-25 00:00:00+00:00,1,manta_ray,27.93049766979602
5.29099,-52.37711,2008-09-30 00:00:00+00:00,9,manta_ray,27.6348958534343
-9.48577,-141.52502,2011-04-28 00:00:00+00:00,4,manta_ray,28.11183872562041
-17.79598,43.53536,2010-01-22 00:00:00+00:00,1,manta_ray,27.929631916687722
6.52653,-52.81497,2008-10-01 00:00:00+00:00,10,manta_ray,27.828739743667853
5.53166,-52.807637,2017-10-02 00:00:00+00:00,10,manta_ray,28.041008216865958
5.201515,-52.371348,2017-09-29 00:00:00+00:00,9,manta_ray,27.656619837926403
-19.822988,162.501158,2014-10-30 00:00:00+00:00,10,manta_ray,26.05077564064015
-22.077413,166.022587,2014-10-17 00:00:00+00:00,10,manta_ray,24.82792485172329
-35.465,174.63,2001-03-19 00:00:00+00:00,3,manta_ray,18.20859371005646
-5.81295,53.2938,2010-03-31 00:00:00+00:00,3,manta_ray,28.024030470863895
-24.482133,35.239183,2005-04-16 00:00:00+00:00,4,manta_ray,25.456902575222298
-19.064807,164.491367,2014-11-08 00:00:00+00:00,11,manta_ray,26.547442548780335
-20.6905,165.058573,2014-11-13 00:00:00+00:00,11,manta_ray,25.890412063779166
-17.49119,43.44376,2010-01-22 00:00:00+00:00,1,manta_ray,27.91999004916567
-20.797723,164.402183,2014-10-16 00:00:00+00:00,10,manta_ray,25.434735136394718
5.49484,-52.712487,2017-10-05 00:00:00+00:00,10,manta_ray,27.764482146144815
5.90795,-53.31414,2017-10-05 00:00:00+00:00,10,manta_ray,27.319734765445354
-21.106152,166.152113,2014-11-08 00:00:00+00:00,11,manta_ray,25.833052922577863
5.19117,-52.30785,2008-10-08 00:00:00+00:00,10,manta_ray,27.690184302310808
7.7862639,-83.7350667,2021-03-21 00:00:00+00:00,3,manta_ray,28.69465690947586
5.658628,-52.968105,2017-09-26 00:00:00+00:00,9,manta_ray,27.537764991619095
9.4378470002,-85.0811452147,2024-12-14 00:00:00+00:00,12,manta_ray,28.879628404696277
6.23375,-52.84584,2008-10-01 00:00:00+00:00,10,manta_ray,27.695553011021353
5.401,-52.49154,2008-10-04 00:00:00+00:00,10,manta_ray,27.602624753755162
18.3475,-114.679444,2023-02-22 00:00:00+00:00,2,manta_ray,25.739269741614144
6.32169,-52.492,2008-10-02 00:00:00+00:00,10,manta_ray,27.88947123528716
24.9535667,-80.4510333,2012-06-22 00:00:00+00:00,6,manta_ray,27.112996822806238
21.5614272609,-157.7892854418,2012-11-24 00:00:00+00:00,11,manta_ray,25.391174323949883
5.83535,-53.185282,2017-10-05 00:00:00+00:00,10,manta_ray,27.378435716671124
6.61701,-52.60511,2008-10-10 00:00:00+00:00,10,manta_ray,27.98284330135708
5.87146,-53.269175,2017-10-05 00:00:00+00:00,10,manta_ray,27.359770044058283
6.66773,-52.93005,2008-10-04 00:00:00+00:00,10,manta_ray,27.88440083586465
5.30569,-52.43984,2008-10-10 00:00:00+00:00,10,manta_ray,27.574878407667182
5.282452,-52.51924,2017-09-26 00:00:00+00:00,9,manta_ray,27.825842257540245
-34.89555,173.71493,2019-03-06 00:00:00+00:00,3,manta_ray,18.190825594207087
5.24486,-52.38593,2008-09-30 00:00:00+00:00,9,manta_ray,27.656619837926403
5.644017,-52.96051,2017-10-02 00:00:00+00:00,10,manta_ray,27.707306824967688
-16.10444,-147.33556,2011-03-22 00:00:00+00:00,3,manta_ray,27.996286912292028
6.68263,-52.58828,2008-10-10 00:00:00+00:00,10,manta_ray,27.998857707951792
5.809257,-53.215257,2017-10-05 00:00:00+00:00,10,manta_ray,27.38649011353191
5.2945,-52.44184,2008-10-10 00:00:00+00:00,10,manta_ray,27.625164544021953
24.4701136,124.1706971,2007-05-04 00:00:00+00:00,5,manta_ray,26.081256485132158
-10.52922,-138.02177,2011-04-27 00:00:00+00:00,4,manta_ray,27.804361572703925
-18.14868,43.21884,2010-02-08 00:00:00+00:00,2,manta_ray,27.940217830891246
7.42198,-81.6952,2003-05-11 00:00:00+00:00,5,manta_ray,28.679922331870056
18.7981943541,-110.8985732874,2019-06-20 00:00:00+00:00,6,manta_ray,26.396463475647433
5.51351351,-87.05138623,2022-12-05 00:00:00+00:00,12,manta_ray,28.283221393041195
-17.13733,-150.66261,2011-01-26 00:00:00+00:00,1,manta_ray,27.879560080819004
-5.00046,57.15401,2010-04-04 00:00:00+00:00,4,manta_ray,28.402690424926043
-22.28635,53.53447,2010-02-27 00:00:00+00:00,2,manta_ray,25.84414994977502
-0.23095,-90.58803,2006-04-07 00:00:00+00:00,4,manta_ray,24.856615189545163
-5.21896,55.39759,2010-03-27 00:00:00+00:00,3,manta_ray,28.226218238255214
5.543855,-52.821783,2017-10-02 00:00:00+00:00,10,manta_ray,28.041008216865958
-1.0890596691,-91.0544074764,2024-05-14 00:00:00+00:00,5,manta_ray,24.47193624649086
5.199498,-52.373708,2017-09-29 00:00:00+00:00,9,manta_ray,27.761288508685716
6.25711,-52.84239,2008-10-01 00:00:00+00:00,10,manta_ray,27.70784715869566
5.296358,-52.176608,2017-10-07 00:00:00+00:00,10,manta_ray,27.691188592232265
-9.1676,-140.59363,2011-04-10 00:00:00+00:00,4,manta_ray,27.958322910077246
6.19979,-52.85051,2008-10-01 00:00:00+00:00,10,manta_ray,27.666631985760514
-19.97485,165.626003,2014-11-08 00:00:00+00:00,11,manta_ray,26.16860874852258
19.0710829508,-111.9683167449,2015-01-01 00:00:00+00:00,1,manta_ray,25.997720909294337
-13.207958,-179.479483,2014-12-22 00:00:00+00:00,12,manta_ray,29.006326388348302
5.483052,-52.751472,2017-10-02 00:00:00+00:00,10,manta_ray,27.764482146144815
5.530212,-52.818245,2017-10-01 00:00:00+00:00,10,manta_ray,28.041008216865958
-21.44795,-149.65208,2011-03-01 00:00:00+00:00,3,manta_ray,26.058007207588965
-8.99749,-140.2543,2011-04-27 00:00:00+00:00,4,manta_ray,27.912794676323173
-22.625072,166.56664,2014-10-27 00:00:00+00:00,10,manta_ray,24.78041017455773
5.836488,-53.18391,2017-10-05 00:00:00+00:00,10,manta_ray,27.378435716671124
5.6115,-52.64256,2008-10-02 00:00:00+00:00,10,manta_ray,27.572606204988922
-16.35978,-151.78926,2011-03-24 00:00:00+00:00,3,manta_ray,28.060816968731363
-0.23645,-90.57447,2017-06-06 00:00:00+00:00,6,manta_ray,24.856615189545163
5.436325,-52.632365,2017-10-05 00:00:00+00:00,10,manta_ray,27.66613555064834
-5.39619,57.82964,2010-04-04 00:00:00+00:00,4,manta_ray,28.460564825674034
6.040105,-52.949378,2017-10-05 00:00:00+00:00,10,manta_ray,27.51834237026362
4.0044528,-81.6033556,2021-03-17 00:00:00+00:00,3,manta_ray,27.353508979968616
-12.1721,96.87998,2017-04-26 00:00:00+00:00,4,manta_ray,27.81081073130311
5.543207,-52.821033,2017-10-02 00:00:00+00:00,10,manta_ray,28.041008216865958
5.034617,-52.148683,2017-10-04 00:00:00+00:00,10,manta_ray,27.86551710133176
-3.56,-80.65,2018-07-18 00:00:00+00:00,7,manta_ray,23.03306338135457
5.496335,-52.722047,2017-10-05 00:00:00+00:00,10,manta_ray,27.764482146144815
5.52812,-52.822758,2017-10-01 00:00:00+00:00,10,manta_ray,28.041008216865958
-35.465,174.735,2002-03-09 00:00:00+00:00,3,manta_ray,18.350226517299905
8.1145,-51.94857,2008-10-02 00:00:00+00:00,10,manta_ray,28.171798638679277
6.54579,-52.795,2008-10-01 00:00:00+00:00,10,manta_ray,27.854236941524142
5.894632,-53.297975,2017-10-05 00:00:00+00:00,10,manta_ray,27.359770044058283
5.80535,-53.185942,2017-10-05 00:00:00+00:00,10,manta_ray,27.378435716671124
6.6366,-51.89908,2008-10-02 00:00:00+00:00,10,manta_ray,28.19806393411418
-0.26461,-91.37553,2014-02-24 00:00:00+00:00,2,manta_ray,23.011771533550164
6.48069,-52.86254,2008-10-01 00:00:00+00:00,10,manta_ray,27.8002499251782
-8.21378,-141.13417,2011-05-03 00:00:00+00:00,5,manta_ray,27.85792768182458
-23.27546,-149.78738,2011-02-11 00:00:00+00:00,2,manta_ray,25.007223297421323
6.013985,-53.585267,2017-10-06 00:00:00+00:00,10,manta_ray,27.341292645501355
5.137267,-52.259195,2017-10-07 00:00:00+00:00,10,manta_ray,27.735738150125954
-14.50926,47.43853,2009-12-24 00:00:00+00:00,12,manta_ray,28.447203618801225
-11.541557,-176.172387,2014-12-29 00:00:00+00:00,12,manta_ray,29.351276810081632
5.529418,-52.805017,2017-10-02 00:00:00+00:00,10,manta_ray,27.723974638190153
-12.13502,96.85706,2017-04-28 00:00:00+00:00,4,manta_ray,27.82490014096694
5.560993,-52.869738,2017-10-02 00:00:00+00:00,10,manta_ray,27.76306639560598
6.45252,-52.27603,2008-10-02 00:00:00+00:00,10,manta_ray,28.02540991633449
-19.749355,163.357313,2014-12-19 00:00:00+00:00,12,manta_ray,26.046696270248855
0.3045,-89.95016,2012-05-31 00:00:00+00:00,5,manta_ray,25.31111724147263
-9.04346,-140.40292,2011-04-27 00:00:00+00:00,4,manta_ray,27.920298910549732
5.098758,-52.212088,2017-10-04 00:00:00+00:00,10,manta_ray,27.775612301055816
-22.40432,166.542703,2014-10-27 00:00:00+00:00,10,manta_ray,24.852698646533476
-19.789473,163.461785,2014-12-16 00:00:00+00:00,12,manta_ray,26.02972482465386
5.54084,-52.822958,2017-09-26 00:00:00+00:00,9,manta_ray,28.041008216865958
5.508953,-52.786173,2017-09-26 00:00:00+00:00,9,manta_ray,27.723974638190153
6.18068,-52.85304,2008-10-01 00:00:00+00:00,10,manta_ray,27.666631985760514
5.506798,-52.779215,2017-10-02 00:00:00+00:00,10,manta_ray,27.723974638190153
-12.90086,47.79271,2009-12-26 00:00:00+00:00,12,manta_ray,28.164396871892976
-19.825783,163.506678,2014-12-16 00:00:00+00:00,12,manta_ray,25.986322847901175
24.6140667,-83.0674833,2008-05-19 00:00:00+00:00,5,manta_ray,26.753155509215283
-36.841182471,176.0954227847,2022-01-22 00:00:00+00:00,1,manta_ray,18.1636594142465
6.016287,-53.582355,2017-10-06 00:00:00+00:00,10,manta_ray,27.341292645501355
-12.09179,96.88267,2017-04-28 00:00:00+00:00,4,manta_ray,27.850486889796034
-35.8065470554,174.8511331869,2022-02-17 00:00:00+00:00,2,manta_ray,18.271823189557075
5.195202,-52.378792,2017-09-29 00:00:00+00:00,9,manta_ray,27.761288508685716
5.809862,-53.214575,2017-10-05 00:00:00+00:00,10,manta_ray,27.38649011353191
-23.83178,-149.73328,2011-03-03 00:00:00+00:00,3,manta_ray,24.74171788380094
-0.23645,-90.57447,2022-04-12 00:00:00+00:00,4,manta_ray,24.856615189545163
-8.75,116.58333,2005-08-18 00:00:00+00:00,8,manta_ray,28.96357901825601
20.5,-105.625,2014-08-15 00:00:00+00:00,8,manta_ray,27.886958419596038
-11.10291,-140.89984,2011-04-29 00:00:00+00:00,4,manta_ray,28.102666076817396
5.864902,-53.260803,2017-10-05 00:00:00+00:00,10,manta_ray,27.359770044058283
-8.92712,-141.12418,2011-05-03 00:00:00+00:00,5,manta_ray,27.980952121784263
5.6618,-53.64733,2008-10-01 00:00:00+00:00,10,manta_ray,27.96381867282258
24.92267,-80.50567,1996-09-06 00:00:00+00:00,9,manta_ray,27.11107013822751
5.6177,-52.22598,2008-10-04 00:00:00+00:00,10,manta_ray,27.75602418031944
6.05079,-52.936653,2017-10-05 00:00:00+00:00,10,manta_ray,27.51834237026362
5.518258,-52.796995,2017-09-26 00:00:00+00:00,9,manta_ray,27.723974638190153
-12.16647,96.88453,2017-04-26 00:00:00+00:00,4,manta_ray,27.81081073130311
-22.961142,166.832385,2014-10-19 00:00:00+00:00,10,manta_ray,24.596095646373747
-9.89604,-140.09889,2011-04-09 00:00:00+00:00,4,manta_ray,28.0140557567506
5.482028,-52.755295,2017-09-26 00:00:00+00:00,9,manta_ray,27.764482146144815
-10.19413,-141.20366,2011-04-28 00:00:00+00:00,4,manta_ray,28.137643938340304
6.30901,-52.49566,2008-10-02 00:00:00+00:00,10,manta_ray,27.88947123528716
5.5481,-52.831258,2017-09-26 00:00:00+00:00,9,manta_ray,28.041008216865958
-8.67696,-140.31622,2011-04-27 00:00:00+00:00,4,manta_ray,27.865751056232018
5.94838,-53.624612,2017-10-02 00:00:00+00:00,10,manta_ray,27.467852597655213
5.432198,-52.634797,2017-10-05 00:00:00+00:00,10,manta_ray,27.66613555064834
-5.30854,57.85707,2010-03-29 00:00:00+00:00,3,manta_ray,28.471084523838307
5.80145,-53.181055,2017-10-05 00:00:00+00:00,10,manta_ray,27.43390358796456
5.1869,-52.06695,2008-10-02 00:00:00+00:00,10,manta_ray,27.706895527782198
5.491142,-52.684367,2017-10-05 00:00:00+00:00,10,manta_ray,27.634592438423024
-9.85611,-138.78169,2011-04-23 00:00:00+00:00,4,manta_ray,27.88084271670848
5.947312,-53.362057,2017-10-05 00:00:00+00:00,10,manta_ray,27.348542330351858
6.64377,-52.95403,2008-10-04 00:00:00+00:00,10,manta_ray,27.854244941963973
-18.63722,-152.42076,2011-01-17 00:00:00+00:00,1,manta_ray,27.364421191554566
-10.97561,-140.63203,2011-04-29 00:00:00+00:00,4,manta_ray,28.083308923877034
-9.90429,-140.13376,2011-04-09 00:00:00+00:00,4,manta_ray,28.022002350703406
-9.9234,-140.01816,2011-04-13 00:00:00+00:00,4,manta_ray,28.009561808228053
6.21286,-52.51859,2008-10-02 00:00:00+00:00,10,manta_ray,27.834564601537398
-4.70725,55.75943,2010-03-27 00:00:00+00:00,3,manta_ray,28.33262052888672
6.52311,-52.81863,2008-10-01 00:00:00+00:00,10,manta_ray,27.828739743667853
5.094412,-52.21701,2017-10-04 00:00:00+00:00,10,manta_ray,27.775612301055816
8.8209658158,97.7481647945,2026-03-06 00:00:00+00:00,3,manta_ray,29.28473973977093
-1.3725531347,-81.188686087,2021-08-15 00:00:00+00:00,8,manta_ray,25.203084670722145
5.949033,-53.364142,2017-10-05 00:00:00+00:00,10,manta_ray,27.348542330351858
-12.14305,96.81695,2017-04-25 00:00:00+00:00,4,manta_ray,27.82490014096694
18.9380545599,-112.7915236086,2013-01-30 00:00:00+00:00,1,manta_ray,25.863902065658294
5.441927,-52.632373,2017-10-05 00:00:00+00:00,10,manta_ray,27.66613555064834
-16.83381,-151.62761,2011-01-27 00:00:00+00:00,1,manta_ray,28.02937244400847
-9.98363,-141.605,2011-05-03 00:00:00+00:00,5,manta_ray,28.177093948301323
-1.23502,-90.3655,2001-12-05 00:00:00+00:00,12,manta_ray,24.441704039909304
-23.52976,42.18608,2010-01-29 00:00:00+00:00,1,manta_ray,26.44709995351969
7.81647,-81.7371,2003-05-13 00:00:00+00:00,5,manta_ray,28.625690729408426
5.923892,-53.333648,2017-10-05 00:00:00+00:00,10,manta_ray,27.319734765445354
6.422,-52.81765,2008-10-01 00:00:00+00:00,10,manta_ray,27.79058922676661
-12.1669,96.81712,2017-04-27 00:00:00+00:00,4,manta_ray,27.790108160447595
5.026065,-51.992805,2017-10-07 00:00:00+00:00,10,manta_ray,27.80429218567172
-9.72253,-141.4864,2011-05-03 00:00:00+00:00,5,manta_ray,28.140947079165336
5.980507,-53.636768,2017-10-02 00:00:00+00:00,10,manta_ray,27.378420948373
5.25924,-52.3832,2008-09-30 00:00:00+00:00,9,manta_ray,27.6348958534343
6.2843,-52.502,2008-10-02 00:00:00+00:00,10,manta_ray,27.86362329887221
-0.4823,-90.2501,2003-05-03 00:00:00+00:00,5,manta_ray,24.729938486234925
5.85932,-53.25827,2008-10-03 00:00:00+00:00,10,manta_ray,27.359770044058283
-12.93795,48.34899,2009-12-24 00:00:00+00:00,12,manta_ray,28.037287114720822
5.529415,-52.8197,2017-10-01 00:00:00+00:00,10,manta_ray,28.041008216865958
-19.756122,166.227417,2014-10-29 00:00:00+00:00,10,manta_ray,26.143375753598246
5.505538,-52.782322,2017-09-26 00:00:00+00:00,9,manta_ray,27.723974638190153
-7.72559,-140.77364,2011-04-26 00:00:00+00:00,4,manta_ray,27.736622328879843
5.492967,-52.699518,2017-10-05 00:00:00+00:00,10,manta_ray,27.634592438423024
-12.79947,45.32864,2009-12-21 00:00:00+00:00,12,manta_ray,28.017612106848375
5.523943,-52.79876,2017-10-02 00:00:00+00:00,10,manta_ray,27.723974638190153
-17.44068,43.34297,2010-01-21 00:00:00+00:00,1,manta_ray,27.87140353028054
-12.33296,46.45875,2009-12-21 00:00:00+00:00,12,manta_ray,28.114044132269576
8.8139344442,97.7766597358,2005-12-17 00:00:00+00:00,12,manta_ray,29.294708771544258
-11.32455,-140.60349,2011-04-26 00:00:00+00:00,4,manta_ray,28.080427465221728
6.47232,-52.80967,2008-10-01 00:00:00+00:00,10,manta_ray,27.81743235287838
-12.1682,96.8934,2017-04-26 00:00:00+00:00,4,manta_ray,27.81081073130311
-7.92639,-140.05896,2011-04-20 00:00:00+00:00,4,manta_ray,27.71411110807329
-22.372957,166.40336,2014-11-28 00:00:00+00:00,11,manta_ray,24.83481872455359
5.491473,-52.761168,2017-10-02 00:00:00+00:00,10,manta_ray,27.89737540894892
5.522015,-52.79656,2017-10-02 00:00:00+00:00,10,manta_ray,27.723974638190153
-9.21829,-141.25645,2011-04-27 00:00:00+00:00,4,manta_ray,28.040273713352956
6.082047,-53.507952,2017-10-06 00:00:00+00:00,10,manta_ray,27.289811701454003
5.73392,-53.097573,2017-10-05 00:00:00+00:00,10,manta_ray,27.458460857202997
6.010462,-53.589468,2017-10-06 00:00:00+00:00,10,manta_ray,27.341292645501355
5.196295,-52.229697,2017-10-07 00:00:00+00:00,10,manta_ray,27.680501892255236
6.2953,-52.935283,2017-09-27 00:00:00+00:00,9,manta_ray,27.65755622109707
6.26324,-52.39726,2008-10-02 00:00:00+00:00,10,manta_ray,27.904671170812406
5.604847,-52.234972,2017-10-05 00:00:00+00:00,10,manta_ray,27.75602418031944
-20.1399,163.780577,2014-12-19 00:00:00+00:00,12,manta_ray,26.02154300346888
5.506675,-52.783603,2017-09-26 00:00:00+00:00,9,manta_ray,27.723974638190153
5.814872,-53.197557,2017-10-05 00:00:00+00:00,10,manta_ray,27.378435716671124
-9.3688,-140.60208,2011-04-08 00:00:00+00:00,4,manta_ray,27.981910606642103
5.879818,-53.13426,2017-10-05 00:00:00+00:00,10,manta_ray,27.351392498361893
-14.12215,-147.13704,2011-03-19 00:00:00+00:00,3,manta_ray,28.302609828529008
5.861372,-53.256313,2017-10-05 00:00:00+00:00,10,manta_ray,27.35722694711949
-9.23541,-141.70975,2011-04-28 00:00:00+00:00,4,manta_ray,28.090388759560796
-10.20264,-141.23352,2011-04-28 00:00:00+00:00,4,manta_ray,28.14568900758569
5.171615,-52.242017,2017-10-07 00:00:00+00:00,10,manta_ray,27.680501892255236
6.97293,-52.51657,2008-10-04 00:00:00+00:00,10,manta_ray,28.123627651426503
-11.17338,-141.04736,2011-04-26 00:00:00+00:00,4,manta_ray,28.114335982872515
-22.46689,-133.48566,2011-02-22 00:00:00+00:00,2,manta_ray,25.50206027103084
-9.07097,-139.68713,2011-04-27 00:00:00+00:00,4,manta_ray,27.880100253477973
-5.67181,54.84169,2010-04-01 00:00:00+00:00,4,manta_ray,28.191848136596825
5.571947,-52.857308,2017-10-02 00:00:00+00:00,10,manta_ray,27.630799062625776
6.022572,-53.736333,2017-10-06 00:00:00+00:00,10,manta_ray,27.40777993497071
5.985647,-53.409015,2017-10-05 00:00:00+00:00,10,manta_ray,27.318349372708436
5.45766,-51.99348,2008-10-08 00:00:00+00:00,10,manta_ray,27.836096619526526
5.857328,-53.349938,2017-10-01 00:00:00+00:00,10,manta_ray,27.37135948652673
-9.18301,-141.23961,2011-05-03 00:00:00+00:00,5,manta_ray,28.031092280904417
5.967112,-53.386245,2017-10-05 00:00:00+00:00,10,manta_ray,27.313481992689372
5.912998,-53.320407,2017-10-05 00:00:00+00:00,10,manta_ray,27.319734765445354
5.832942,-53.21997,2017-10-05 00:00:00+00:00,10,manta_ray,27.38649011353191
5.16295,-52.311243,2017-09-30 00:00:00+00:00,9,manta_ray,27.690184302310808
-7.4966,-140.4483,2011-04-26 00:00:00+00:00,4,manta_ray,27.679303840522575
5.869275,-53.266362,2017-10-05 00:00:00+00:00,10,manta_ray,27.359770044058283
-3.48,-80.56,2018-05-08 00:00:00+00:00,5,manta_ray,23.17475666498162
5.921602,-53.330887,2017-10-05 00:00:00+00:00,10,manta_ray,27.319734765445354
-23.981167,35.522817,2005-04-14 00:00:00+00:00,4,manta_ray,25.938334449139674
-3.72829,55.10604,2010-03-31 00:00:00+00:00,3,manta_ray,28.555803109849474
6.19767,-52.85077,2008-10-01 00:00:00+00:00,10,manta_ray,27.666631985760514
5.792602,-53.170112,2017-10-05 00:00:00+00:00,10,manta_ray,27.43390358796456
-9.5127,-140.02176,2011-05-03 00:00:00+00:00,5,manta_ray,27.96930697437288
5.833055,-53.188002,2017-10-05 00:00:00+00:00,10,manta_ray,27.378435716671124
-20.01252,163.672967,2014-12-19 00:00:00+00:00,12,manta_ray,26.034912394882678
5.820427,-53.204475,2017-10-05 00:00:00+00:00,10,manta_ray,27.378435716671124
-20.11145,57.76734,2010-03-19 00:00:00+00:00,3,manta_ray,26.03148743125985
-9.67453,-139.34438,2011-04-09 00:00:00+00:00,4,manta_ray,27.899187911980864
-5.80584,53.29253,2010-03-31 00:00:00+00:00,3,manta_ray,28.024030470863895
-22.11565,167.94532,2014-10-29 00:00:00+00:00,10,manta_ray,25.32977460763773
-7.6996,-138.23555,2011-04-10 00:00:00+00:00,4,manta_ray,27.537909455032644
-19.92361,58.34838,2010-02-27 00:00:00+00:00,2,manta_ray,26.075265970096673
6.023663,-53.573345,2017-10-06 00:00:00+00:00,10,manta_ray,27.341292645501355
-36.3805854367,175.4912520509,2022-12-24 00:00:00+00:00,12,manta_ray,17.909070419702633
5.97239,-53.392617,2017-10-05 00:00:00+00:00,10,manta_ray,27.313481992689372
6.49394,-52.84894,2008-10-01 00:00:00+00:00,10,manta_ray,27.81743235287838
5.23667,-52.38752,2008-09-30 00:00:00+00:00,9,manta_ray,27.656619837926403
-13.42409,47.70811,2009-12-15 00:00:00+00:00,12,manta_ray,28.303630189119406
-9.80846,-139.01985,2011-04-20 00:00:00+00:00,4,manta_ray,27.90811382294481
-8.98524,-140.36833,2011-04-27 00:00:00+00:00,4,manta_ray,27.91438386957612
-16.36815,-152.24628,2011-01-25 00:00:00+00:00,1,manta_ray,28.13115675318507
-8.93811,-140.32101,2011-04-27 00:00:00+00:00,4,manta_ray,27.901539870872114
5.198347,-52.375057,2017-09-29 00:00:00+00:00,9,manta_ray,27.761288508685716
-17.6017,43.42233,2010-02-09 00:00:00+00:00,2,manta_ray,27.9078387598332
-8.69209,-141.52226,2011-04-26 00:00:00+00:00,4,manta_ray,27.972387079596157
7.088948,-52.842903,2017-09-30 00:00:00+00:00,9,manta_ray,28.087813877487303
5.87289,-51.88952,2008-10-02 00:00:00+00:00,10,manta_ray,27.955502884585165
6.14788,-52.85775,2008-10-01 00:00:00+00:00,10,manta_ray,27.609672888574664
-16.6628,-151.59232,2011-01-24 00:00:00+00:00,1,manta_ray,28.02253198624811
20.77664,-156.67199,2011-03-07 00:00:00+00:00,3,manta_ray,25.620199071802887
-11.44025,47.90958,2010-01-03 00:00:00+00:00,1,manta_ray,27.295970864848112
-9.96586,-140.3624,2011-04-29 00:00:00+00:00,4,manta_ray,28.04615848783404
5.919708,-53.088367,2017-10-05 00:00:00+00:00,10,manta_ray,27.362517483287395
-22.329693,166.396183,2014-11-28 00:00:00+00:00,11,manta_ray,24.845568996448936
7.4391083,-83.4398083,2021-03-21 00:00:00+00:00,3,manta_ray,28.61104465377792
5.778842,-53.153173,2017-10-05 00:00:00+00:00,10,manta_ray,27.434613280598704
-1.3187578861,-81.1935983103,2021-08-15 00:00:00+00:00,8,manta_ray,25.24483667777855
0.0,-91.22,2022-10-19 00:00:00+00:00,10,manta_ray,24.87036378572776
-9.81244,-139.00941,2011-04-20 00:00:00+00:00,4,manta_ray,27.907053990855776
5.49148,-52.686938,2017-10-05 00:00:00+00:00,10,manta_ray,27.634592438423024
-30.099,153.596,2017-06-05 00:00:00+00:00,6,manta_ray,23.83862550594927
-19.293045,162.05548,2014-11-17 00:00:00+00:00,11,manta_ray,26.292363399655414
-18.73007,42.70303,2010-02-06 00:00:00+00:00,2,manta_ray,27.820620293931707
-19.987443,163.65082,2014-12-11 00:00:00+00:00,12,manta_ray,26.02599383760812
-12.15332,96.8429,2017-04-27 00:00:00+00:00,4,manta_ray,27.82490014096694
5.822077,-53.206537,2017-10-05 00:00:00+00:00,10,manta_ray,27.378435716671124
6.063343,-52.984803,2017-10-06 00:00:00+00:00,10,manta_ray,27.51589703326122
5.10047,-52.210105,2017-10-04 00:00:00+00:00,10,manta_ray,27.775612301055816
-21.54021,43.23425,2010-01-27 00:00:00+00:00,1,manta_ray,27.504187289351805
-21.770395,165.739485,2014-11-02 00:00:00+00:00,11,manta_ray,24.972652732983864
-9.49196,-139.3634,2011-04-10 00:00:00+00:00,4,manta_ray,27.885847021909942
-9.91738,-140.18121,2011-04-09 00:00:00+00:00,4,manta_ray,28.02551559301597
-9.0479,-141.64622,2011-04-28 00:00:00+00:00,4,manta_ray,28.042613906754493
5.274085,-52.469653,2017-10-02 00:00:00+00:00,10,manta_ray,27.76437068624309
-23.55563,-149.59123,2011-03-04 00:00:00+00:00,3,manta_ray,24.908068472167987
-20.590513,165.036352,2014-11-13 00:00:00+00:00,11,manta_ray,25.99097621018187
-11.81176,43.75844,2009-12-16 00:00:00+00:00,12,manta_ray,27.883899352639617
29.99833333333333,126.99166666666667,2001-10-15 00:00:00+00:00,10,manta_ray,22.15646608300905
-0.23645,-90.57447,2005-11-20 00:00:00+00:00,11,manta_ray,24.856615189545163
-17.46099,43.39272,2010-01-22 00:00:00+00:00,1,manta_ray,27.88413853742804
5.878373,-53.277732,2017-10-05 00:00:00+00:00,10,manta_ray,27.359770044058283
24.6381,-83.10345,2006-06-19 00:00:00+00:00,6,manta_ray,26.753155509215283
-21.321808,164.900742,2014-11-02 00:00:00+00:00,11,manta_ray,25.1637802546314
-12.20715,96.84333,2017-04-24 00:00:00+00:00,4,manta_ray,27.80502177365657
-17.25635,43.19403,2010-01-25 00:00:00+00:00,1,manta_ray,27.929108084081005
5.892795,-53.119525,2017-10-05 00:00:00+00:00,10,manta_ray,27.351392498361893
5.20271,-52.29365,2008-10-08 00:00:00+00:00,10,manta_ray,27.66127277098345
-18.53474,43.87132,2010-01-22 00:00:00+00:00,1,manta_ray,28.14291991349653
-9.54435,-140.09515,2011-05-03 00:00:00+00:00,5,manta_ray,27.95844360054114
5.490737,-52.681383,2017-10-05 00:00:00+00:00,10,manta_ray,27.634592438423024
-19.813815,163.494795,2014-12-16 00:00:00+00:00,12,manta_ray,25.986322847901175
-9.61175,-139.00258,2011-04-20 00:00:00+00:00,4,manta_ray,27.87933020023303
5.488967,-52.667908,2017-10-05 00:00:00+00:00,10,manta_ray,27.634592438423024
-9.49859,-141.62785,2011-04-28 00:00:00+00:00,4,manta_ray,28.125175186756707
-20.667677,165.21475,2014-12-13 00:00:00+00:00,12,manta_ray,25.84333711737306
-0.23551,-90.58061,2010-03-03 00:00:00+00:00,3,manta_ray,24.856615189545163
-16.91407,-151.39584,2011-01-24 00:00:00+00:00,1,manta_ray,27.983701139280768
-5.48415,57.5899,2010-03-29 00:00:00+00:00,3,manta_ray,28.40701537363739
-9.18893,-141.24321,2011-04-27 00:00:00+00:00,4,manta_ray,28.031092280904417
-11.95612,47.92469,2009-12-26 00:00:00+00:00,12,manta_ray,27.948621736033854
6.083202,-53.506605,2017-10-06 00:00:00+00:00,10,manta_ray,27.287531338569483
-10.80506,-140.27759,2011-04-28 00:00:00+00:00,4,manta_ray,28.057211994853226
5.799738,-53.178965,2017-10-05 00:00:00+00:00,10,manta_ray,27.43390358796456
-15.46933,-143.58379,2011-04-01 00:00:00+00:00,4,manta_ray,27.968159017738724
5.549612,-52.833032,2017-09-26 00:00:00+00:00,9,manta_ray,28.041008216865958
5.663613,-52.965307,2017-09-26 00:00:00+00:00,9,manta_ray,27.537764991619095
6.019442,-53.738118,2017-10-06 00:00:00+00:00,10,manta_ray,27.40777993497071
6.06465,-52.55193,2008-10-02 00:00:00+00:00,10,manta_ray,27.769195276063105
15.16679,-62.287427,2017-09-09 00:00:00+00:00,9,manta_ray,28.02353739156618
-9.79556,-141.51906,2011-04-28 00:00:00+00:00,4,manta_ray,28.144852047641532
-5.37669,57.28129,2010-04-02 00:00:00+00:00,4,manta_ray,28.340756634301016
5.860762,-53.15587,2017-10-05 00:00:00+00:00,10,manta_ray,27.351392498361893
-21.830597,165.748115,2014-11-28 00:00:00+00:00,11,manta_ray,24.958767071086942
5.192363,-52.382155,2017-09-29 00:00:00+00:00,9,manta_ray,27.761288508685716
6.020223,-53.73767,2017-10-06 00:00:00+00:00,10,manta_ray,27.40777993497071
5.498448,-52.774143,2017-09-26 00:00:00+00:00,9,manta_ray,27.89737540894892
6.44414,-52.89994,2008-10-01 00:00:00+00:00,10,manta_ray,27.769807943367834
5.811957,-53.212188,2017-10-05 00:00:00+00:00,10,manta_ray,27.38649011353191
5.492598,-52.696475,2017-10-05 00:00:00+00:00,10,manta_ray,27.634592438423024
-10.14554,-139.32411,2011-04-24 00:00:00+00:00,4,manta_ray,27.944946271408366
-23.76245,-151.0015,2011-03-01 00:00:00+00:00,3,manta_ray,24.73859995283028
6.46317,-52.88041,2008-10-01 00:00:00+00:00,10,manta_ray,27.8002499251782
5.16758,-52.07243,2008-10-02 00:00:00+00:00,10,manta_ray,27.706895527782198
-0.4218115722,-90.8331046483,2019-08-27 00:00:00+00:00,8,manta_ray,24.828719420798535
-37.2939148234,176.051508966,2019-02-02 00:00:00+00:00,2,manta_ray,17.73394600156186
5.905035,-53.310712,2017-10-05 00:00:00+00:00,10,manta_ray,27.319734765445354
-20.914727,167.09246,2014-11-17 00:00:00+00:00,11,manta_ray,25.579457148897024
5.200362,-52.3727,2017-09-29 00:00:00+00:00,9,manta_ray,27.761288508685716
5.810363,-53.19208,2017-10-05 00:00:00+00:00,10,manta_ray,27.378435716671124
6.78461,-52.77423,2008-10-04 00:00:00+00:00,10,manta_ray,27.990798217181197
5.999273,-53.644065,2017-10-02 00:00:00+00:00,10,manta_ray,27.378420948373
5.925813,-53.336118,2017-10-05 00:00:00+00:00,10,manta_ray,27.319734765445354
5.55727,-52.65317,2008-10-02 00:00:00+00:00,10,manta_ray,27.570237038639554
-18.07371,58.75384,2010-03-19 00:00:00+00:00,3,manta_ray,26.407862711045585
-17.95037,43.07644,2010-02-08 00:00:00+00:00,2,manta_ray,27.88216143150077
5.533695,-52.814712,2017-09-26 00:00:00+00:00,9,manta_ray,28.041008216865958
-13.232823,-176.223058,2014-12-18 00:00:00+00:00,12,manta_ray,29.04362907754367
5.609732,-52.944958,2017-10-05 00:00:00+00:00,10,manta_ray,27.65043304458409
5.489207,-52.758567,2017-10-02 00:00:00+00:00,10,manta_ray,27.89737540894892
-0.7,-91.81666666666672,1925-06-09 00:00:00+00:00,6,manta_ray,22.869379675522058
6.082213,-52.974025,2017-10-06 00:00:00+00:00,10,manta_ray,27.51589703326122
6.267418,-53.722885,2017-10-02 00:00:00+00:00,10,manta_ray,27.307384270505086
-13.525418,-179.189982,2014-12-30 00:00:00+00:00,12,manta_ray,28.94937780875118
-35.5405171007,174.7131491891,2011-04-23 00:00:00+00:00,4,manta_ray,18.255648016701194
5.896877,-53.300715,2017-10-05 00:00:00+00:00,10,manta_ray,27.359770044058283
6.6591,-52.97522,2008-10-03 00:00:00+00:00,10,manta_ray,27.844499912885738
-9.61609,-140.25108,2011-05-03 00:00:00+00:00,5,manta_ray,27.98737912080603
5.819353,-53.203078,2017-10-05 00:00:00+00:00,10,manta_ray,27.378435716671124
19.0882565438,-111.8677294178,2015-01-01 00:00:00+00:00,1,manta_ray,26.026949193622972
6.15107,-52.85726,2008-10-01 00:00:00+00:00,10,manta_ray,27.641986499073163
24.60458,-82.95468,2000-06-09 00:00:00+00:00,6,manta_ray,26.724394250131425
6.40913,-52.81964,2008-10-01 00:00:00+00:00,10,manta_ray,27.79058922676661
5.037515,-52.146965,2017-10-04 00:00:00+00:00,10,manta_ray,27.86551710133176
-9.34423,-140.15773,2011-04-05 00:00:00+00:00,4,manta_ray,27.954791284833167
-16.01453,-146.05618,2011-04-01 00:00:00+00:00,4,manta_ray,27.904605195296835
6.09897,-52.54448,2008-10-02 00:00:00+00:00,10,manta_ray,27.769195276063105
-5.75324,53.28747,2010-03-30 00:00:00+00:00,3,manta_ray,28.013716289606904
5.278937,-52.468372,2017-09-26 00:00:00+00:00,9,manta_ray,27.76437068624309
-12.46464,46.23568,2009-12-21 00:00:00+00:00,12,manta_ray,28.156011834259466
5.867598,-53.264298,2017-10-05 00:00:00+00:00,10,manta_ray,27.359770044058283
-9.25683,-139.9933,2011-04-28 00:00:00+00:00,4,manta_ray,27.942713492689006
5.871827,-53.143293,2017-10-05 00:00:00+00:00,10,manta_ray,27.351392498361893
-9.45137,-141.25299,2011-04-27 00:00:00+00:00,4,manta_ray,28.069328349618047
24.638283,-83.103433,2006-06-19 00:00:00+00:00,6,manta_ray,26.753155509215283
6.3996,-52.58271,2008-10-06 00:00:00+00:00,10,manta_ray,27.866787239585896
-8.88918,-140.26996,2011-04-27 00:00:00+00:00,4,manta_ray,27.894176554355635
-4.13229,55.19546,2010-03-30 00:00:00+00:00,3,manta_ray,28.508807080628127
16.06654,-23.06434,2015-06-23 00:00:00+00:00,6,manta_ray,24.561209531267256
5.535502,-52.812127,2017-10-02 00:00:00+00:00,10,manta_ray,28.041008216865958
-9.81069,-139.0148,2011-04-20 00:00:00+00:00,4,manta_ray,27.907053990855776
-10.15128,-140.944,2011-04-29 00:00:00+00:00,4,manta_ray,28.110364283028012
-8.35865,-140.7923,2011-04-20 00:00:00+00:00,4,manta_ray,27.85198444879436
24.6361931213,-110.1942302278,2001-11-01 00:00:00+00:00,11,manta_ray,25.53434324325169
5.278712,-52.467048,2017-10-02 00:00:00+00:00,10,manta_ray,27.76437068624309
-14.636,-144.13577,2011-04-09 00:00:00+00:00,4,manta_ray,28.08296047803188
5.31796,-52.43769,2008-10-10 00:00:00+00:00,10,manta_ray,27.574878407667182
-34.9600241712,173.7903070222,2019-03-06 00:00:00+00:00,3,manta_ray,18.04502637021655
5.993295,-53.493938,2017-09-30 00:00:00+00:00,9,manta_ray,27.31402170419769
5.861192,-53.434308,2017-09-27 00:00:00+00:00,9,manta_ray,27.39859482457289
5.167957,-52.308408,2017-09-30 00:00:00+00:00,9,manta_ray,27.690184302310808
16.128602,-58.918737,2017-10-29 00:00:00+00:00,10,manta_ray,27.663256111134107
5.35671,-52.521188,2017-10-05 00:00:00+00:00,10,manta_ray,27.610667890572262
6.072738,-52.979438,2017-10-06 00:00:00+00:00,10,manta_ray,27.51589703326122
-9.16372,-140.38287,2011-05-03 00:00:00+00:00,5,manta_ray,27.940279539975258
5.495315,-52.715525,2017-10-05 00:00:00+00:00,10,manta_ray,27.764482146144815
5.040803,-52.145028,2017-10-04 00:00:00+00:00,10,manta_ray,27.86551710133176
-12.33694,46.46095,2009-12-21 00:00:00+00:00,12,manta_ray,28.114044132269576
-9.53123,-139.23752,2011-04-05 00:00:00+00:00,4,manta_ray,27.88115212572483
5.4684821522,-87.0291411586,2024-01-15 00:00:00+00:00,1,manta_ray,28.27860221258731
5.446902,-52.153588,2017-10-01 00:00:00+00:00,10,manta_ray,27.745422316484166
-22.61688,167.371552,2014-10-30 00:00:00+00:00,10,manta_ray,24.89587418101311
-22.590325,166.891678,2014-11-13 00:00:00+00:00,11,manta_ray,24.88492402468708
5.195773,-52.378117,2017-09-29 00:00:00+00:00,9,manta_ray,27.761288508685716
6.00967,-52.82492,2008-10-06 00:00:00+00:00,10,manta_ray,27.60153641723968
5.916687,-53.324993,2017-10-05 00:00:00+00:00,10,manta_ray,27.319734765445354
5.72035,-52.93222,2008-10-01 00:00:00+00:00,10,manta_ray,27.467045473269128
-22.032682,165.975943,2014-12-10 00:00:00+00:00,12,manta_ray,24.878504580822476
-18.61684,55.31565,2010-02-23 00:00:00+00:00,2,manta_ray,26.549262729347216
-22.396782,166.92309,2014-10-29 00:00:00+00:00,10,manta_ray,24.909872593759875
-19.887513,163.970247,2014-11-11 00:00:00+00:00,11,manta_ray,26.115263285936347
-17.90253,-149.16109,2011-03-12 00:00:00+00:00,3,manta_ray,27.49020031051424
-9.55049,-140.10965,2011-05-03 00:00:00+00:00,5,manta_ray,27.95844360054114
5.854038,-53.163513,2017-10-05 00:00:00+00:00,10,manta_ray,27.353925465671292
5.104765,-52.205123,2017-10-04 00:00:00+00:00,10,manta_ray,27.728056857005996
-24.65104,-150.54042,2011-02-12 00:00:00+00:00,2,manta_ray,24.220733438633157
5.873167,-53.271193,2017-10-05 00:00:00+00:00,10,manta_ray,27.359770044058283
6.18705,-52.85221,2008-10-01 00:00:00+00:00,10,manta_ray,27.666631985760514
5.102178,-52.208122,2017-10-04 00:00:00+00:00,10,manta_ray,27.72491846477992
6.17017,-52.33821,2008-09-29 00:00:00+00:00,9,manta_ray,27.89620242602431
6.22314,-52.84732,2008-10-01 00:00:00+00:00,10,manta_ray,27.695553011021353
6.21354,-52.84869,2008-10-01 00:00:00+00:00,10,manta_ray,27.695553011021353
-10.11211,-140.90132,2011-04-08 00:00:00+00:00,4,manta_ray,28.105039476483025
5.57797,-52.64912,2008-10-02 00:00:00+00:00,10,manta_ray,27.570237038639554
-20.760338,165.2323,2014-12-13 00:00:00+00:00,12,manta_ray,25.768505092587503
-19.761883,163.410932,2014-12-19 00:00:00+00:00,12,manta_ray,26.035687975712914
-0.23645,-90.57447,2007-04-26 00:00:00+00:00,4,manta_ray,24.856615189545163
-22.05688,40.96335,2010-01-24 00:00:00+00:00,1,manta_ray,26.81700924494403
6.54944,-52.79162,2008-10-01 00:00:00+00:00,10,manta_ray,27.854236941524142
-16.75121,41.76484,2010-01-25 00:00:00+00:00,1,manta_ray,27.8910065706368
6.020697,-53.576977,2017-10-06 00:00:00+00:00,10,manta_ray,27.341292645501355
-13.00068,44.89058,2009-12-14 00:00:00+00:00,12,manta_ray,28.02390338404295
-19.06586,-140.67499,2011-03-20 00:00:00+00:00,3,manta_ray,26.913325873433173
-11.94193,48.02935,2009-12-26 00:00:00+00:00,12,manta_ray,27.847061264135867
6.47771,-52.80883,2008-10-01 00:00:00+00:00,10,manta_ray,27.81743235287838
6.58526,-52.93699,2008-10-04 00:00:00+00:00,10,manta_ray,27.83170343020963
6.012227,-53.587388,2017-10-06 00:00:00+00:00,10,manta_ray,27.341292645501355
6.69721,-52.88996,2008-10-04 00:00:00+00:00,10,manta_ray,27.899583333012007
5.934955,-53.347147,2017-10-05 00:00:00+00:00,10,manta_ray,27.319734765445354
6.008685,-53.591537,2017-10-06 00:00:00+00:00,10,manta_ray,27.341292645501355
5.80524,-53.21967,2017-10-05 00:00:00+00:00,10,manta_ray,27.38649011353191
6.96956,-52.15857,2008-10-02 00:00:00+00:00,10,manta_ray,28.18798795955284
-9.19063,-139.32062,2011-04-05 00:00:00+00:00,4,manta_ray,27.857073802785195
5.876737,-53.275658,2017-10-05 00:00:00+00:00,10,manta_ray,27.359770044058283
19.2897928478,-110.9065566492,2016-02-15 00:00:00+00:00,2,manta_ray,26.109850914628844
-36.1561110643,175.0872704343,2024-02-06 00:00:00+00:00,2,manta_ray,18.049213917193782
6.13624,-52.85948,2008-10-01 00:00:00+00:00,10,manta_ray,27.609672888574664
5.53817,-52.574357,2017-10-05 00:00:00+00:00,10,manta_ray,27.54690678822431
-19.799903,163.480248,2014-12-16 00:00:00+00:00,12,manta_ray,25.99728698216491
5.585968,-52.608792,2017-10-02 00:00:00+00:00,10,manta_ray,27.570237038639554
-16.74486,-151.50606,2011-01-23 00:00:00+00:00,1,manta_ray,27.99112287300939
6.15319,-52.26879,2008-10-10 00:00:00+00:00,10,manta_ray,27.916279576402264
-21.102945,164.765682,2014-11-16 00:00:00+00:00,11,manta_ray,25.234608583520647
5.5645,-52.865693,2017-10-02 00:00:00+00:00,10,manta_ray,27.76306639560598
5.527487,-52.802787,2017-10-02 00:00:00+00:00,10,manta_ray,27.723974638190153
-9.49261,-140.2249,2011-04-05 00:00:00+00:00,4,manta_ray,27.963438660802392
5.533663,-52.812147,2017-10-01 00:00:00+00:00,10,manta_ray,28.041008216865958
6.041413,-53.553007,2017-10-06 00:00:00+00:00,10,manta_ray,27.30531388980457
5.510982,-52.784058,2017-10-02 00:00:00+00:00,10,manta_ray,27.723974638190153
-16.96579,43.38933,2010-02-07 00:00:00+00:00,2,manta_ray,27.962911679038303
-12.68629,47.91245,2009-12-26 00:00:00+00:00,12,manta_ray,28.083838378399307
6.067072,-52.982663,2017-10-06 00:00:00+00:00,10,manta_ray,27.51589703326122
-7.40058,-140.48775,2011-04-20 00:00:00+00:00,4,manta_ray,27.665586998630914
6.77124,-52.56571,2008-10-10 00:00:00+00:00,10,manta_ray,28.038634188579508
-22.66721,40.60268,2010-01-22 00:00:00+00:00,1,manta_ray,26.409575928155927
-8.99515,-140.3779,2011-04-27 00:00:00+00:00,4,manta_ray,27.915651905979274
6.5381,-52.8012,2008-10-01 00:00:00+00:00,10,manta_ray,27.854236941524142
-7.82287,-140.01419,2011-04-26 00:00:00+00:00,4,manta_ray,27.6967551435171
6.06666,-53.669407,2017-10-02 00:00:00+00:00,10,manta_ray,27.302521801357848
-0.26461,-91.37553,2010-02-27 00:00:00+00:00,2,manta_ray,23.011771533550164
5.297793,-52.537188,2017-09-26 00:00:00+00:00,9,manta_ray,27.825842257540245
5.659457,-52.967645,2017-09-26 00:00:00+00:00,9,manta_ray,27.537764991619095
5.1959,-52.30199,2008-10-08 00:00:00+00:00,10,manta_ray,27.67701559845207
6.21249,-52.84883,2008-10-01 00:00:00+00:00,10,manta_ray,27.695553011021353
-11.77955,-140.66519,2011-04-26 00:00:00+00:00,4,manta_ray,28.07011001190062
5.59967,-52.64485,2008-10-02 00:00:00+00:00,10,manta_ray,27.570237038639554
-18.68499,-150.45445,2011-03-08 00:00:00+00:00,3,manta_ray,27.33084477205518
-9.81268,-139.00851,2011-04-20 00:00:00+00:00,4,manta_ray,27.907053990855776
5.640938,-52.979557,2017-10-02 00:00:00+00:00,10,manta_ray,27.707306824967688
8.38119,-51.444,2008-10-02 00:00:00+00:00,10,manta_ray,28.122306325689216
-17.63274,-149.95364,2011-01-18 00:00:00+00:00,1,manta_ray,27.733620937266338
5.81076,-53.21355,2017-10-05 00:00:00+00:00,10,manta_ray,27.38649011353191
-20.588855,165.035913,2014-11-13 00:00:00+00:00,11,manta_ray,25.99097621018187
6.20403,-52.84999,2008-10-01 00:00:00+00:00,10,manta_ray,27.695553011021353
5.84698,-53.355703,2017-10-01 00:00:00+00:00,10,manta_ray,27.420787673228297
-22.750388,166.68854,2014-11-19 00:00:00+00:00,11,manta_ray,24.64147953457923
-8.74918,-140.38867,2011-04-27 00:00:00+00:00,4,manta_ray,27.878137015869253
-0.27971,-90.54489,2005-09-26 00:00:00+00:00,9,manta_ray,24.851336336890597
5.07046,-52.09921,2008-10-02 00:00:00+00:00,10,manta_ray,27.709800070495483
-20.792872,165.265992,2014-11-13 00:00:00+00:00,11,manta_ray,25.768505092587503
-11.21328,-141.13205,2011-04-29 00:00:00+00:00,4,manta_ray,28.124843389119597
4.981245,-52.179713,2017-10-04 00:00:00+00:00,10,manta_ray,28.01485061949747
-9.83526,-139.03839,2011-04-20 00:00:00+00:00,4,manta_ray,27.90811382294481
6.064758,-53.507465,2017-10-05 00:00:00+00:00,10,manta_ray,27.289811701454003
20.5878537457,-105.4475109741,2014-08-07 00:00:00+00:00,8,manta_ray,27.863463018790725
-8.96124,-139.57797,2011-04-27 00:00:00+00:00,4,manta_ray,27.860205606922943
4.91709,-51.955318,2017-09-29 00:00:00+00:00,9,manta_ray,27.87991328572673
-10.12596,-139.00635,2011-04-09 00:00:00+00:00,4,manta_ray,27.920340335796666
-9.68355,-140.73564,2011-04-08 00:00:00+00:00,4,manta_ray,28.039962808806205
5.8357,-53.223428,2017-10-05 00:00:00+00:00,10,manta_ray,27.38649011353191
-19.749067,163.356202,2014-12-19 00:00:00+00:00,12,manta_ray,26.046696270248855
5.889345,-53.29152,2017-10-05 00:00:00+00:00,10,manta_ray,27.359770044058283
6.47663,-52.809,2008-10-01 00:00:00+00:00,10,manta_ray,27.81743235287838
-14.12806,47.76028,2009-12-27 00:00:00+00:00,12,manta_ray,28.54030747581265
-19.93686,164.252658,2014-11-11 00:00:00+00:00,11,manta_ray,26.244966137500032
5.81136,-53.212868,2017-10-05 00:00:00+00:00,10,manta_ray,27.38649011353191
-22.96242,167.041915,2014-10-19 00:00:00+00:00,10,manta_ray,24.45468802249434
6.024525,-53.735228,2017-10-06 00:00:00+00:00,10,manta_ray,27.40777993497071
-5.40145,57.8345,2010-04-04 00:00:00+00:00,4,manta_ray,28.460564825674034
5.909885,-53.316595,2017-10-05 00:00:00+00:00,10,manta_ray,27.319734765445354
-17.61515,-149.85905,2011-03-12 00:00:00+00:00,3,manta_ray,27.70178214572423
-12.67327,46.70348,2009-12-15 00:00:00+00:00,12,manta_ray,28.252223400498536
6.13125,-52.53719,2008-10-02 00:00:00+00:00,10,manta_ray,27.783786580197628
6.18175,-52.85292,2008-10-01 00:00:00+00:00,10,manta_ray,27.666631985760514
15.77458,-23.19567,2015-06-23 00:00:00+00:00,6,manta_ray,24.60178450325693
5.886922,-53.288383,2017-10-05 00:00:00+00:00,10,manta_ray,27.359770044058283
-5.28515,57.85882,2010-03-29 00:00:00+00:00,3,manta_ray,28.488177632152627
6.81178,-52.73771,2008-10-04 00:00:00+00:00,10,manta_ray,28.029974231924946
5.108565,-52.20086,2017-10-04 00:00:00+00:00,10,manta_ray,27.728056857005996
-1.3996794705,-90.456947326,2019-07-15 00:00:00+00:00,7,manta_ray,24.38144597602971
-5.08284,53.15509,2010-03-31 00:00:00+00:00,3,manta_ray,28.33568155791134
5.110032,-52.199217,2017-10-04 00:00:00+00:00,10,manta_ray,27.728056857005996
5.785115,-53.16095,2017-10-05 00:00:00+00:00,10,manta_ray,27.43390358796456
-3.54,-80.63,2018-07-19 00:00:00+00:00,7,manta_ray,22.992245935987402
20.6,-105.6,2014-08-11 00:00:00+00:00,8,manta_ray,27.87134381587704
5.64656,-51.77958,2008-10-08 00:00:00+00:00,10,manta_ray,28.003075664992718
-18.27637,42.51069,2010-02-07 00:00:00+00:00,2,manta_ray,27.790583757730918
-17.02874,-142.6396,2011-02-14 00:00:00+00:00,2,manta_ray,27.507478046224865
5.31387,-52.43844,2008-10-10 00:00:00+00:00,10,manta_ray,27.574878407667182
5.900843,-53.305492,2017-10-05 00:00:00+00:00,10,manta_ray,27.359770044058283
5.934158,-53.071878,2017-10-05 00:00:00+00:00,10,manta_ray,27.362517483287395
-9.3649,-141.3222,2011-04-27 00:00:00+00:00,4,manta_ray,28.072581949140286
-16.60964,-153.4765,2011-01-26 00:00:00+00:00,1,manta_ray,28.169896238091233
-10.55925,-137.9998,2011-04-27 00:00:00+00:00,4,manta_ray,27.80273575207374
6.53754,-52.80353,2008-10-01 00:00:00+00:00,10,manta_ray,27.854236941524142
5.54063,-52.818063,2017-10-02 00:00:00+00:00,10,manta_ray,28.041008216865958
18.930501457,-112.6638404263,2025-02-01 00:00:00+00:00,2,manta_ray,25.905465837356676
-20.0793,163.746182,2014-12-11 00:00:00+00:00,12,manta_ray,26.016067372591156
-9.23916,-141.26506,2011-04-27 00:00:00+00:00,4,manta_ray,28.040273713352956
-17.47013,43.34823,2010-01-21 00:00:00+00:00,1,manta_ray,27.85154064047203
6.48699,-52.8561,2008-10-01 00:00:00+00:00,10,manta_ray,27.81743235287838
-4.84944,53.86351,2010-03-31 00:00:00+00:00,3,manta_ray,28.365373026647642
6.19342,-52.85135,2008-10-01 00:00:00+00:00,10,manta_ray,27.666631985760514
5.558713,-52.843652,2017-09-26 00:00:00+00:00,9,manta_ray,27.630799062625776
-15.74112,-150.69487,2011-04-11 00:00:00+00:00,4,manta_ray,28.22124098224652
-16.94852,41.98445,2010-02-08 00:00:00+00:00,2,manta_ray,27.894524700219
5.158292,-52.31385,2017-09-30 00:00:00+00:00,9,manta_ray,27.690184302310808
19.237261764,-110.9847780239,2011-01-11 00:00:00+00:00,1,manta_ray,26.10802679643795
6.36457,-52.29663,2008-10-02 00:00:00+00:00,10,manta_ray,27.983773878450936
5.808182,-53.189338,2017-10-05 00:00:00+00:00,10,manta_ray,27.378435716671124
6.22948,-52.84645,2008-10-01 00:00:00+00:00,10,manta_ray,27.695553011021353
-8.97532,-140.23483,2011-04-27 00:00:00+00:00,4,manta_ray,27.912794676323173
-22.49389,43.18931,2010-01-30 00:00:00+00:00,1,manta_ray,27.113762003660035
5.04007,-52.145453,2017-10-04 00:00:00+00:00,10,manta_ray,27.86551710133176
-19.16741,162.494885,2014-11-17 00:00:00+00:00,11,manta_ray,26.303376163341127
-9.92544,-140.21317,2011-04-29 00:00:00+00:00,4,manta_ray,28.02551559301597
5.423265,-52.444992,2017-10-05 00:00:00+00:00,10,manta_ray,27.593730634487926
5.354605,-52.605552,2017-09-26 00:00:00+00:00,9,manta_ray,27.660202947298746
6.50021,-52.84251,2008-10-01 00:00:00+00:00,10,manta_ray,27.81743235287838
-5.84714,53.65773,2010-03-30 00:00:00+00:00,3,manta_ray,28.197956509748757
5.932653,-53.344383,2017-10-05 00:00:00+00:00,10,manta_ray,27.319734765445354
-17.89031,-150.53737,2011-01-25 00:00:00+00:00,1,manta_ray,27.686347515887224
-0.05167,-91.5588,2010-03-02 00:00:00+00:00,3,manta_ray,23.669736697470885
5.80371,-53.183833,2017-10-05 00:00:00+00:00,10,manta_ray,27.378435716671124
-12.26063,123.14957,2019-06-17 00:00:00+00:00,6,manta_ray,28.809411658069166
-12.15275,96.90341,2017-05-01 00:00:00+00:00,5,manta_ray,27.826140718014397
5.853537,-53.352082,2017-10-01 00:00:00+00:00,10,manta_ray,27.37135948652673
-0.570434307,130.6207163513,2019-03-27 00:00:00+00:00,3,manta_ray,29.5372055884408
6.17501,-53.71073,2017-10-02 00:00:00+00:00,10,manta_ray,27.292646924936452
-18.25978,-151.80553,2011-01-17 00:00:00+00:00,1,manta_ray,27.49827300289233
5.317115,-52.560457,2017-09-26 00:00:00+00:00,9,manta_ray,27.695236765039386
24.642367,-83.10295,2006-06-19 00:00:00+00:00,6,manta_ray,26.753155509215283
5.52921,-52.809473,2017-09-26 00:00:00+00:00,9,manta_ray,28.041008216865958
6.17328,-52.85395,2008-10-01 00:00:00+00:00,10,manta_ray,27.666631985760514
6.26198,-52.39573,2008-10-02 00:00:00+00:00,10,manta_ray,27.904671170812406
6.036593,-53.558408,2017-10-06 00:00:00+00:00,10,manta_ray,27.341292645501355
-18.532198,164.220508,2014-11-08 00:00:00+00:00,11,manta_ray,26.69084586684496
5.916118,-53.32429,2017-10-05 00:00:00+00:00,10,manta_ray,27.319734765445354
5.50262,-52.767498,2017-10-05 00:00:00+00:00,10,manta_ray,27.723974638190153
6.018663,-53.738565,2017-10-06 00:00:00+00:00,10,manta_ray,27.40777993497071
5.887983,-53.289788,2017-10-05 00:00:00+00:00,10,manta_ray,27.359770044058283
6.54635,-52.80847,2008-10-01 00:00:00+00:00,10,manta_ray,27.828739743667853
-17.68868,-149.87845,2011-03-12 00:00:00+00:00,3,manta_ray,27.718117919753645
6.40806,-52.81981,2008-10-01 00:00:00+00:00,10,manta_ray,27.79058922676661
-17.27035,-152.6158,2011-01-26 00:00:00+00:00,1,manta_ray,27.916609404293613
6.10351,-52.86476,2008-10-01 00:00:00+00:00,10,manta_ray,27.609672888574664
-10.3831,-140.20982,2011-04-13 00:00:00+00:00,4,manta_ray,28.052723989444498
5.55133,-52.65432,2008-10-02 00:00:00+00:00,10,manta_ray,27.56701237683795
5.886268,-53.126827,2017-10-05 00:00:00+00:00,10,manta_ray,27.351392498361893
18.78,-110.91,2014-04-08 00:00:00+00:00,4,manta_ray,26.396463475647433
-22.908343,166.628668,2014-10-19 00:00:00+00:00,10,manta_ray,24.69843543662806
-4.7758,55.71822,2010-03-27 00:00:00+00:00,3,manta_ray,28.325052283674776
5.72878,-52.93056,2008-10-01 00:00:00+00:00,10,manta_ray,27.467045473269128
-8.91821,-141.46791,2011-04-28 00:00:00+00:00,4,manta_ray,28.006100863224216
6.221,-52.84762,2008-10-01 00:00:00+00:00,10,manta_ray,27.695553011021353
6.38449,-52.82339,2008-10-01 00:00:00+00:00,10,manta_ray,27.76647742566386
